ph,Hardness,Solids,Chloramines,Sulfate,Conductivity,Organic_carbon,Trihalomethanes,Turbidity,Potability
7.29,205.68,399.34,4.69,18.41,251.1,0.22,78.72,1.86,
4.18,148.13,272.35,1.84,43.58,167.96,0.55,27.95,0.48,
7.45,227.85,429.54,1.47,,243.29,0.4,23.76,0.06,1.0
8.16,368.28,604.61,2.92,48.53,386.39,0.76,45.99,0.05,1.0
6.8,211.76,253.17,1.97,52.43,179.22,1.69,32.19,0.75,1.0
6.72,113.35,253.17,1.35,35.69,139.08,4.03,26.75,0.53,1.0
8.39,419.55,615.84,1.41,58.37,421.27,0.29,20.26,0.09,1.0
7.03,233.01,453.49,1.82,,304.52,0.11,8.26,0.15,1.0
6.39,81.28,206.11,3.05,11.87,119.28,0.5,52.7,0.69,1.0
7.01,286.04,408.51,2.43,4.29,262.7,0.15,42.25,0.42,1.0
7.14,170.49,207.32,1.17,85.19,166.72,1.8,4.55,0.44,1.0
8.64,166.68,206.85,3.83,142.25,149.13,0.7,45.86,0.12,1.0
8.14,143.25,348.39,1.09,14.77,226.63,0.97,25.22,0.5,1.0
8.32,10.0,10.0,1.26,40.59,5.0,0.16,30.13,0.74,1.0
8.06,47.15,10.0,3.17,22.26,8.03,1.38,20.87,1.08,1.0
8.16,114.6,187.54,3.5,58.85,111.67,3.63,56.87,0.67,1.0
6.85,10.0,97.43,2.35,25.66,21.24,0.66,33.1,0.43,1.0
7.24,240.63,362.85,0.71,61.31,276.7,3.28,11.38,0.56,1.0
6.61,35.3,118.4,2.1,76.6,80.06,0.04,32.77,0.33,1.0
4.8,100.25,17.54,0.63,1.05,19.36,0.04,1.87,0.13,
7.95,433.12,593.13,4.48,60.86,384.38,3.22,73.8,1.07,
7.51,183.11,254.84,2.29,,150.95,1.2,27.43,0.38,1.0
8.45,256.15,313.51,2.8,39.74,200.06,0.21,49.49,10.4,
6.49,12.27,15.05,1.63,37.05,5.0,0.45,34.14,2.31,1.0
3.53,152.95,191.12,3.81,40.83,169.77,0.71,48.36,2.1,
6.4,267.2,322.18,1.5,37.52,184.73,1.21,13.99,0.44,1.0
7.48,54.16,69.8,1.14,30.2,24.73,1.85,18.25,10.84,
7.99,212.32,375.14,2.3,39.37,235.04,0.09,49.61,0.25,1.0
7.23,22.69,179.87,2.88,59.53,142.68,1.07,37.27,1.38,1.0
7.84,140.84,241.66,4.13,60.65,157.37,0.65,57.9,0.17,
6.63,148.97,179.66,3.61,54.61,92.06,0.91,57.43,3.61,1.0
6.07,449.56,670.46,3.2,27.06,460.88,0.71,54.49,0.04,1.0
7.85,203.6,297.3,1.31,93.21,207.87,0.6,24.99,0.42,1.0
8.8,26.01,88.46,1.29,111.01,68.27,0.23,19.73,0.36,1.0
6.6,179.86,464.51,1.12,,316.25,0.64,13.78,0.15,1.0
8.38,10.0,55.83,1.85,56.57,84.18,0.21,31.06,1.48,1.0
7.43,189.85,341.77,0.09,31.27,265.85,0.05,,0.48,1.0
6.33,10.0,10.0,3.37,87.02,5.0,0.47,69.17,0.13,1.0
6.49,51.55,34.36,0.98,49.5,54.81,0.03,12.77,0.24,1.0
7.41,302.91,339.37,0.85,52.13,228.26,0.83,14.6,0.64,1.0
7.08,274.79,447.69,1.59,69.8,300.98,0.08,44.91,0.18,1.0
6.35,189.73,334.27,0.66,38.1,183.43,0.58,2.45,1.06,
6.04,153.16,276.87,2.64,117.1,176.56,3.92,62.99,0.09,1.0
6.72,150.09,239.78,1.03,70.39,139.6,0.01,22.91,0.15,1.0
7.56,10.0,10.0,2.5,87.26,23.06,0.46,41.99,0.08,1.0
7.39,99.63,156.03,2.92,41.18,122.84,1.12,50.31,0.06,1.0
7.0,147.26,207.87,1.45,45.09,93.63,0.17,13.34,0.18,1.0
7.56,317.34,511.42,1.28,82.46,331.99,0.82,2.75,3.55,1.0
8.23,244.11,368.72,1.2,78.45,262.11,0.3,6.16,0.05,1.0
7.72,27.69,10.0,0.92,0.05,5.0,0.25,24.64,16.42,
7.3,130.3,364.82,1.58,55.11,251.71,2.25,14.34,0.16,1.0
8.14,165.63,222.98,2.07,68.95,151.96,0.23,14.47,0.48,1.0
6.63,65.22,164.62,0.62,44.79,113.83,0.47,8.46,0.68,1.0
7.22,198.61,422.34,1.36,65.16,269.09,0.19,26.12,11.9,
7.24,248.5,506.2,2.16,46.48,304.7,0.33,32.75,,1.0
6.41,313.43,486.26,2.03,,293.64,0.35,36.58,6.22,
7.06,68.17,132.16,,,100.09,0.4,11.55,0.5,1.0
5.74,58.8,238.16,2.63,89.0,155.19,1.02,45.22,0.36,
8.93,243.65,366.25,3.24,40.22,235.29,1.36,47.04,0.24,1.0
6.65,225.09,495.11,1.43,57.59,313.34,0.71,15.97,0.8,1.0
8.67,129.49,204.17,0.27,49.85,126.6,0.94,11.68,0.21,1.0
7.43,169.65,262.87,1.24,16.99,191.8,1.68,21.29,0.13,1.0
7.85,91.52,78.73,1.21,31.32,44.47,7.73,9.48,0.19,
7.01,125.54,60.76,3.2,63.16,12.67,0.61,61.02,14.51,
7.57,209.27,462.51,0.91,67.24,315.5,2.76,16.22,0.12,1.0
7.92,340.13,571.25,1.64,137.54,367.21,0.67,31.16,0.47,1.0
7.93,157.54,285.6,3.68,30.89,186.27,1.52,51.25,1.08,1.0
8.02,322.11,500.71,2.16,116.83,357.61,0.85,43.72,0.45,1.0
7.11,234.18,372.33,2.2,15.58,241.6,2.15,17.08,0.3,1.0
7.02,84.96,170.98,1.9,69.54,116.92,0.6,45.24,0.8,1.0
4.97,201.32,372.28,2.98,57.11,218.4,1.19,25.28,0.69,
7.82,308.74,607.61,2.4,44.97,390.55,0.63,22.29,0.23,1.0
8.27,225.09,292.83,3.85,49.77,202.53,1.95,60.32,0.46,1.0
8.69,390.72,612.93,3.96,25.1,367.3,5.18,54.13,0.65,1.0
7.64,51.89,10.0,2.31,86.16,10.52,0.28,31.42,0.14,1.0
4.07,263.11,464.38,1.96,16.3,303.86,0.64,24.13,0.23,
6.04,157.6,317.41,2.16,62.7,207.14,0.08,24.62,0.06,1.0
8.23,90.2,240.2,1.43,80.23,176.87,0.15,24.67,2.2,1.0
5.96,208.96,318.35,2.13,105.37,213.62,2.65,31.52,0.04,
7.13,10.0,10.0,0.56,88.87,36.06,0.78,17.22,12.04,
7.22,246.07,256.07,1.29,72.9,146.57,0.5,20.12,0.33,
7.34,157.47,371.42,2.79,24.49,244.14,1.11,37.63,1.0,1.0
7.43,371.03,595.58,2.54,18.57,388.82,0.82,45.82,0.22,1.0
7.51,196.15,196.35,1.87,4.46,106.24,0.34,9.77,0.73,1.0
5.47,112.94,138.3,2.42,0.63,109.02,0.26,10.47,9.97,
7.41,128.57,199.65,3.51,49.94,176.27,0.89,36.71,0.51,1.0
5.62,241.42,483.08,1.61,20.9,313.66,0.21,20.78,0.93,
7.99,150.36,365.75,0.56,97.97,247.84,0.15,12.39,0.01,1.0
6.96,154.93,194.05,2.63,26.84,127.82,0.38,12.7,1.32,
5.67,316.9,402.65,2.54,53.77,247.45,1.98,37.93,0.88,
6.75,169.71,319.42,2.76,39.41,171.2,0.04,37.85,1.39,1.0
6.94,239.28,493.73,0.8,,306.81,1.79,13.41,0.79,1.0
8.35,10.0,159.59,0.5,93.58,75.89,0.97,,1.05,1.0
7.56,91.64,234.47,2.26,77.82,186.49,0.04,60.13,0.11,1.0
7.68,127.26,221.58,2.19,82.42,141.72,0.92,33.25,17.03,
8.34,85.96,10.0,1.64,73.8,5.0,0.56,12.47,0.19,1.0
7.32,249.19,359.22,3.45,19.62,251.28,1.84,53.0,7.32,
8.0,226.58,352.21,1.99,20.4,206.5,2.38,44.8,0.65,1.0
7.95,160.61,301.02,3.23,68.08,180.33,0.34,35.6,18.7,
6.37,122.69,253.08,2.88,111.72,165.87,1.53,28.23,0.03,1.0
8.58,80.44,16.93,0.91,65.44,31.58,0.37,12.47,0.75,1.0
6.26,139.56,215.87,1.11,89.14,150.35,0.35,16.37,1.18,1.0
8.13,33.74,231.46,0.72,28.97,155.41,0.21,17.86,0.72,1.0
6.19,50.05,139.54,2.43,93.91,92.27,1.13,51.22,0.87,1.0
7.88,117.73,267.74,2.1,33.22,182.04,0.3,39.27,0.45,1.0
8.89,201.17,380.81,3.35,59.61,251.56,0.63,36.37,1.09,1.0
7.23,434.49,677.24,2.6,35.35,419.6,1.67,28.22,0.34,1.0
7.19,195.58,334.92,0.7,85.57,218.62,1.57,2.55,2.23,1.0
7.89,207.06,351.51,1.54,86.11,207.01,1.93,30.85,0.05,1.0
7.14,236.74,285.11,,,186.94,0.18,6.07,10.01,
8.85,10.0,10.0,2.29,103.01,5.0,0.88,47.02,0.51,1.0
7.55,270.03,294.7,4.79,145.06,242.34,2.46,77.44,0.43,
7.14,153.66,312.05,2.13,35.79,202.03,0.04,25.69,0.65,1.0
6.97,480.05,792.65,2.2,44.93,487.14,1.58,31.05,0.92,1.0
6.65,142.86,261.53,1.98,99.58,167.31,0.28,15.13,0.99,1.0
6.9,222.36,360.31,2.36,52.67,244.59,1.11,41.62,0.1,1.0
7.12,198.06,293.06,1.84,49.84,223.95,1.26,21.4,0.11,1.0
7.01,61.45,66.26,2.62,125.88,31.28,2.6,51.51,0.01,1.0
6.87,279.48,528.56,1.23,,311.92,0.71,24.42,0.07,1.0
9.08,214.09,450.39,1.27,18.44,309.09,1.89,38.42,0.15,1.0
6.58,400.08,458.21,0.71,66.71,270.22,0.05,14.81,0.64,1.0
7.52,46.67,118.12,1.97,,68.06,0.55,33.52,0.32,1.0
7.87,383.3,580.56,0.89,35.08,372.21,0.58,11.59,0.71,1.0
7.9,10.0,19.63,3.45,34.71,11.37,0.77,47.94,0.33,1.0
7.35,236.44,417.37,1.57,88.47,285.07,0.66,20.95,0.41,1.0
7.21,436.49,738.09,0.03,77.71,466.09,3.44,10.46,0.06,1.0
7.76,84.78,101.89,0.86,,60.76,0.08,,0.75,1.0
7.61,10.0,186.74,2.14,22.28,121.1,0.31,32.66,0.71,1.0
3.32,200.27,319.93,2.65,22.4,210.95,3.46,23.12,0.18,
6.15,62.1,199.3,2.35,41.34,131.5,0.59,39.04,0.2,1.0
7.03,22.22,10.0,1.18,6.1,15.22,0.85,13.08,0.12,1.0
6.48,136.41,313.71,1.43,68.07,220.79,0.08,26.47,11.91,
6.87,10.0,87.54,1.31,22.23,64.75,0.33,12.25,0.69,1.0
7.43,223.15,394.72,2.57,73.54,265.64,0.04,35.93,0.47,1.0
7.69,17.05,116.12,2.12,49.89,43.83,0.15,38.07,0.14,1.0
8.82,342.22,609.99,1.55,11.08,397.5,1.0,24.55,0.09,1.0
6.97,26.34,143.35,1.34,105.53,102.77,1.44,35.54,0.03,1.0
8.02,49.69,235.59,1.48,106.71,167.71,2.04,17.34,0.02,1.0
7.64,328.52,462.7,2.01,61.61,286.91,0.29,24.45,18.94,
8.44,10.0,53.83,3.34,40.43,21.81,0.4,62.48,0.05,1.0
7.86,198.36,345.49,2.19,7.75,213.09,0.84,29.13,16.42,
6.59,374.5,561.43,1.66,92.84,375.66,0.09,20.82,0.22,1.0
3.3,10.0,10.0,1.59,82.91,27.18,1.64,27.61,0.29,
7.65,160.9,336.93,3.7,17.44,210.85,0.66,53.89,6.11,
6.98,222.5,351.98,2.82,22.53,246.94,3.37,39.26,0.54,1.0
6.62,329.72,456.36,2.98,68.28,299.11,0.12,37.75,0.52,1.0
6.39,10.0,52.61,2.75,2.98,31.71,0.14,54.83,0.15,1.0
7.53,14.04,35.91,1.95,24.97,19.11,0.43,27.74,0.83,1.0
8.61,156.01,404.39,3.2,8.38,277.78,0.23,42.35,1.25,1.0
7.07,195.98,359.4,0.53,9.67,240.12,1.19,5.01,0.19,1.0
7.87,211.77,350.1,3.55,21.2,273.08,2.93,56.81,0.01,1.0
7.32,178.84,369.29,2.74,86.24,222.99,0.09,55.74,1.15,1.0
6.37,75.55,164.0,2.49,,116.96,0.28,35.6,1.29,1.0
7.99,137.46,346.45,1.24,67.34,214.61,0.27,10.02,0.03,1.0
6.52,219.02,358.61,2.93,60.32,215.71,0.71,63.15,,1.0
7.42,147.06,157.13,3.15,88.73,101.92,0.6,48.53,0.85,1.0
7.13,349.04,673.15,1.3,60.28,440.3,1.3,18.37,0.18,1.0
8.11,205.73,394.77,1.33,34.85,314.96,1.32,20.61,1.23,1.0
6.55,62.17,61.74,0.97,17.39,36.45,0.85,2.04,0.12,1.0
7.71,319.39,431.31,2.55,89.62,257.75,0.89,37.77,0.99,1.0
6.73,10.0,105.06,1.9,69.88,73.75,1.85,36.12,0.04,1.0
6.99,266.01,457.42,4.12,30.27,255.83,0.51,74.04,0.15,
4.49,333.19,531.72,0.47,86.36,343.78,0.01,3.41,1.81,
9.07,76.42,135.86,1.13,32.16,88.63,0.24,18.82,0.13,
7.84,171.77,492.68,2.01,49.96,336.13,0.04,42.56,0.07,1.0
6.79,254.59,382.56,2.67,25.82,268.13,0.5,40.35,0.97,1.0
6.5,354.61,464.41,2.62,71.35,291.8,0.44,46.49,0.06,1.0
7.0,413.45,679.36,2.08,10.23,438.57,0.1,35.51,13.67,
7.97,99.0,250.92,2.35,38.06,147.78,1.41,28.64,0.2,1.0
5.89,63.9,149.25,2.12,23.82,74.45,0.81,22.62,0.5,
7.29,161.75,122.1,3.05,60.55,85.56,0.26,56.33,0.62,1.0
8.82,127.6,136.84,1.44,65.54,63.47,1.42,,1.07,1.0
6.49,202.75,284.58,1.56,5.83,176.68,1.1,16.67,0.39,1.0
7.46,238.76,368.23,2.69,66.26,219.45,0.21,26.39,0.25,1.0
9.16,180.15,355.34,3.57,,241.96,4.07,64.19,0.22,
7.91,269.23,465.44,1.37,137.68,338.56,0.2,34.13,0.94,1.0
7.5,177.66,302.6,2.24,29.54,170.66,1.48,26.37,0.64,1.0
7.81,381.9,590.71,1.62,91.97,346.9,3.45,51.97,1.18,
7.08,223.69,247.07,2.55,58.05,158.1,1.29,52.09,1.66,1.0
8.44,562.34,844.03,0.36,59.67,548.94,1.1,7.35,0.18,1.0
7.08,184.11,425.13,1.65,3.36,280.71,2.34,39.81,9.66,
5.83,88.34,128.57,1.43,83.74,74.64,0.31,14.97,0.5,
7.09,88.33,85.82,1.66,51.95,51.77,0.32,22.1,0.09,1.0
6.63,268.84,396.49,,68.81,265.07,1.02,4.63,0.03,1.0
7.18,121.72,255.31,4.02,46.37,186.76,2.14,53.45,1.01,
7.19,411.39,442.8,,55.2,248.72,0.96,,0.38,1.0
8.36,172.93,394.65,2.48,14.51,249.14,3.77,27.76,0.42,1.0
7.96,117.1,285.43,0.71,43.88,189.81,0.25,8.62,12.63,
7.61,90.06,130.64,0.76,33.2,66.56,1.75,16.02,0.7,1.0
7.4,111.84,10.0,2.14,21.78,41.12,2.62,28.69,16.14,
6.55,84.61,210.7,2.69,55.38,124.24,0.56,23.97,0.48,1.0
5.66,269.48,471.28,0.92,64.54,305.51,3.27,18.57,0.32,
7.49,259.56,342.82,0.89,60.03,233.95,0.23,26.11,12.44,
8.04,29.62,50.85,0.71,45.91,21.23,3.05,3.98,0.37,1.0
7.31,184.05,334.64,2.21,66.44,180.58,2.33,49.85,1.43,1.0
6.97,254.52,377.06,0.95,59.69,236.52,0.07,22.98,0.22,1.0
7.77,87.56,123.23,3.29,53.9,100.69,0.74,38.79,6.07,
7.33,249.97,330.75,0.85,56.65,208.25,0.75,6.21,1.04,1.0
8.75,251.56,311.64,2.54,97.32,185.64,0.06,35.0,0.44,1.0
8.39,58.19,71.41,3.54,1.8,64.93,0.04,51.32,0.22,1.0
8.17,237.52,371.56,2.07,37.26,234.9,0.01,6.65,0.24,1.0
8.01,258.0,412.16,0.21,63.53,257.7,0.74,,0.74,1.0
6.37,334.42,516.61,2.4,,338.79,0.62,30.46,12.95,
7.93,309.21,510.76,1.75,105.3,347.41,2.82,45.21,0.26,1.0
7.7,14.65,24.47,1.96,60.19,63.54,0.42,31.64,0.51,1.0
3.41,127.29,112.43,3.59,88.28,89.63,1.07,45.81,0.66,
7.79,317.61,403.01,2.05,94.79,285.15,0.01,26.39,0.01,
7.76,166.28,402.76,2.51,66.5,251.67,1.09,41.95,0.05,1.0
9.56,242.31,403.01,1.34,,241.44,2.45,16.29,0.05,
7.34,607.89,1070.55,1.72,55.91,697.1,0.44,19.94,0.13,
8.15,232.96,414.18,3.12,58.48,271.36,0.38,41.32,0.28,1.0
7.02,336.39,527.11,2.14,6.53,321.05,0.98,36.84,5.36,
8.03,327.95,490.8,2.29,,315.51,0.4,20.46,0.22,1.0
8.15,252.56,430.28,3.0,68.47,287.67,0.51,34.15,0.01,1.0
7.69,46.5,236.95,3.63,0.03,161.22,0.32,45.18,10.23,
8.74,222.82,451.79,0.84,132.46,303.75,0.42,1.62,2.85,1.0
6.69,132.09,145.43,1.51,60.53,100.35,1.14,14.39,0.21,1.0
7.01,14.56,252.64,3.46,104.06,154.07,2.56,60.84,1.63,1.0
7.57,181.13,202.93,3.99,51.25,121.62,0.87,70.25,0.05,1.0
8.1,215.89,316.37,1.74,80.06,181.66,0.01,28.79,0.1,1.0
7.54,523.57,762.93,2.27,52.13,531.6,0.31,36.22,0.64,1.0
8.43,10.0,10.0,2.35,90.22,6.77,3.04,28.57,0.35,1.0
6.87,159.28,437.25,2.23,,279.72,2.41,12.7,0.72,1.0
6.49,27.52,10.0,2.25,85.53,5.0,0.12,35.15,1.0,1.0
7.65,187.1,205.61,3.36,76.75,192.36,2.39,53.45,0.14,1.0
7.34,356.91,517.79,0.2,43.83,315.1,3.34,,0.57,1.0
7.83,154.58,312.86,1.34,33.63,194.78,0.39,9.41,0.47,
7.38,55.01,84.45,2.64,38.04,63.21,1.21,26.85,0.99,1.0
7.13,67.52,156.94,1.5,61.31,114.01,0.82,24.23,0.28,1.0
7.34,220.59,435.92,2.29,98.56,302.51,0.41,35.12,0.03,1.0
7.42,140.13,153.93,3.09,28.63,136.2,0.17,58.24,0.43,1.0
7.16,146.1,343.29,3.6,,233.26,0.46,45.95,1.6,1.0
7.24,140.78,309.11,2.28,149.38,179.8,2.63,31.28,0.01,1.0
7.08,46.61,169.68,3.49,76.86,105.15,1.67,52.51,0.14,1.0
8.09,362.76,728.79,2.14,34.35,479.87,0.4,26.63,0.19,1.0
7.56,263.39,426.78,1.7,97.55,318.77,0.79,33.84,0.73,1.0
9.21,64.08,10.0,0.46,87.35,5.0,0.52,19.23,0.2,
7.53,193.13,337.29,1.0,69.69,243.29,0.63,3.89,0.14,1.0
6.96,25.3,167.64,2.0,30.92,112.57,1.43,25.49,0.52,1.0
9.54,324.29,470.49,2.03,76.69,322.57,0.78,43.63,12.17,
7.73,169.18,141.5,2.23,93.58,89.93,0.2,36.67,0.09,
8.19,133.92,277.05,3.84,,163.24,0.31,58.72,0.26,1.0
7.87,216.67,401.0,2.75,58.98,275.67,0.84,44.68,0.22,1.0
7.9,309.67,473.15,2.8,61.93,320.64,1.18,48.63,0.21,1.0
7.83,117.06,59.94,3.83,60.64,58.4,0.71,61.31,0.06,1.0
6.52,113.87,233.1,1.64,51.85,151.25,0.97,26.79,0.22,1.0
7.69,56.38,205.01,1.49,97.44,121.26,1.56,22.46,0.8,1.0
6.34,133.17,169.33,3.22,41.55,78.89,0.79,61.82,14.67,
7.26,431.81,653.09,2.49,49.89,440.9,3.78,34.62,0.44,1.0
6.82,228.9,381.0,1.96,62.63,256.13,0.27,29.35,12.59,
7.69,10.0,47.82,1.94,42.88,11.77,2.52,44.61,0.04,1.0
7.67,339.86,483.57,1.83,,303.55,0.28,30.68,1.06,1.0
7.78,461.06,724.43,1.9,58.57,461.55,0.76,27.82,0.2,1.0
7.63,265.47,506.49,2.0,59.02,299.56,0.61,36.27,0.22,1.0
6.91,10.0,10.0,1.7,35.39,5.0,0.47,27.81,1.05,1.0
7.19,54.31,203.15,2.56,44.71,109.37,3.29,30.94,0.62,1.0
8.14,366.32,553.38,2.75,,351.45,0.32,43.65,0.71,1.0
8.25,81.97,158.47,1.44,98.34,88.23,1.12,13.44,0.57,1.0
6.48,211.47,388.76,2.9,86.04,220.16,1.63,61.81,0.06,1.0
6.18,271.31,454.93,0.73,,336.15,0.22,13.32,1.58,1.0
6.82,70.78,114.61,2.5,22.98,99.55,3.62,28.17,1.2,1.0
5.23,217.6,288.09,2.55,107.94,171.68,0.79,34.38,0.13,
8.37,35.55,10.0,1.92,3.81,11.95,2.46,36.34,7.28,
6.66,49.25,95.12,2.06,69.14,70.18,1.09,19.95,0.26,1.0
7.65,187.88,249.49,1.77,30.32,185.99,1.05,53.7,0.58,1.0
8.87,50.3,50.44,1.49,66.41,16.42,0.42,7.83,0.09,1.0
7.73,354.56,626.48,2.0,52.01,429.06,1.47,39.26,0.39,1.0
8.54,10.0,13.97,1.45,38.67,5.0,0.03,16.94,0.07,1.0
8.2,119.78,211.99,3.14,65.54,111.08,0.81,39.0,18.98,
6.67,220.95,326.15,,30.28,226.48,0.03,5.38,0.14,1.0
7.25,334.6,588.25,1.87,,408.18,0.37,23.44,0.3,1.0
7.43,10.0,12.83,0.1,12.89,60.1,0.1,17.4,0.55,1.0
7.48,418.02,532.63,0.94,8.09,322.22,2.43,0.03,1.05,1.0
8.13,228.21,302.05,1.42,,210.31,0.99,26.97,0.09,1.0
7.73,24.19,103.7,3.34,64.78,59.21,1.1,47.34,1.12,1.0
5.05,264.0,392.42,3.15,43.09,270.74,1.9,50.27,0.25,
6.35,209.8,339.81,2.07,64.16,191.47,1.32,36.23,0.93,1.0
5.65,127.55,179.96,2.06,70.83,91.72,0.13,13.64,14.75,1.0
7.54,195.24,313.96,3.04,80.26,188.56,0.96,47.9,0.99,1.0
7.59,193.24,222.94,3.13,66.28,146.49,3.82,57.86,0.54,1.0
7.63,210.9,322.7,1.43,10.82,196.94,0.24,26.04,0.36,1.0
6.63,256.35,432.43,2.67,73.18,294.26,0.97,36.4,0.19,1.0
5.48,422.43,617.2,1.04,58.87,421.72,0.83,1.52,1.74,
7.97,43.13,52.44,1.61,137.6,46.08,0.5,29.24,0.81,1.0
6.4,442.04,726.61,2.59,50.32,504.67,3.09,57.67,0.24,1.0
6.23,21.7,10.0,1.34,65.32,14.82,0.44,26.75,9.75,
7.4,157.11,269.64,1.65,46.21,150.93,0.1,36.25,0.76,1.0
8.83,251.06,417.66,0.34,51.96,298.75,3.28,14.45,2.3,1.0
8.76,184.38,356.2,2.45,49.26,219.43,1.31,32.83,19.49,
7.85,67.72,175.46,1.12,32.62,132.26,0.42,17.67,1.24,1.0
3.89,105.1,258.38,1.18,57.09,199.42,0.33,26.37,0.07,
8.11,51.24,201.4,3.36,74.87,140.04,2.63,34.53,1.52,1.0
7.04,65.29,182.13,1.31,33.22,88.46,0.32,26.21,0.68,1.0
6.79,273.24,469.92,2.75,83.42,287.08,0.77,53.88,0.21,1.0
5.68,228.0,371.4,3.1,78.57,267.87,0.24,45.97,0.18,
7.48,83.29,161.42,2.92,14.79,101.54,5.34,51.9,0.52,1.0
6.9,170.17,479.92,1.75,11.45,313.54,1.47,20.72,0.45,1.0
7.48,295.61,361.46,1.57,67.93,250.13,0.84,23.97,1.26,1.0
5.56,331.87,462.57,1.09,26.5,314.6,1.37,13.57,0.73,
7.54,277.84,425.93,0.24,8.17,282.43,2.48,8.18,0.39,1.0
5.46,175.9,134.2,2.77,118.68,83.06,3.3,40.54,1.31,
8.27,63.91,187.96,2.68,11.35,115.92,1.54,23.4,0.45,1.0
7.82,364.06,449.46,2.48,,309.31,1.89,29.97,0.95,1.0
7.18,204.98,422.07,,18.65,285.42,0.51,19.43,0.92,1.0
7.85,189.43,295.82,1.82,59.27,187.14,0.5,33.02,1.26,1.0
3.73,130.39,323.47,2.63,52.94,231.89,1.65,18.46,0.03,
7.46,334.05,555.53,3.29,125.49,358.52,1.43,61.38,0.44,1.0
8.04,128.32,181.69,2.3,19.26,101.06,2.31,22.96,0.32,1.0
4.92,237.92,409.42,2.19,59.45,250.94,0.14,41.84,0.34,
7.04,191.43,259.56,1.32,95.14,149.14,1.17,32.74,0.31,1.0
7.38,158.83,256.46,2.38,23.64,161.25,1.04,36.7,18.24,
7.24,285.73,519.76,1.76,78.15,362.52,1.6,16.48,0.19,1.0
8.57,250.71,465.08,1.27,,286.2,0.02,11.91,7.15,
6.5,318.17,462.7,0.84,120.35,304.53,1.75,18.93,0.11,1.0
6.9,303.97,561.1,1.05,89.79,351.58,0.4,4.46,0.14,1.0
5.87,228.29,304.2,2.32,22.77,192.52,1.16,29.05,0.54,
8.61,322.97,436.39,0.61,83.19,253.45,0.96,14.31,0.06,1.0
7.2,59.33,237.95,1.71,102.53,150.25,0.58,19.08,0.1,1.0
3.55,275.55,364.83,3.31,,233.27,1.37,63.82,0.38,
7.36,267.4,273.97,0.57,26.0,188.89,3.25,,0.02,1.0
7.91,204.24,319.4,2.45,103.84,212.08,0.39,3.86,0.07,1.0
7.68,281.37,419.03,2.55,52.7,248.4,1.38,30.43,1.0,1.0
9.52,133.66,136.36,1.71,67.45,110.32,0.38,28.73,14.83,
7.76,417.31,718.48,2.62,52.81,471.22,1.87,47.97,0.21,1.0
7.03,68.39,98.8,1.81,85.66,68.19,0.57,23.1,0.21,1.0
6.95,10.0,57.16,2.8,70.52,36.97,0.6,39.16,1.38,1.0
7.09,325.91,531.62,0.93,54.25,335.2,1.48,13.67,0.01,1.0
6.2,299.91,458.33,3.89,,302.27,0.69,75.75,0.43,1.0
7.43,280.7,424.82,3.44,75.6,285.65,0.31,55.35,0.45,1.0
8.03,308.67,425.67,,79.17,241.75,5.41,,0.78,1.0
6.91,139.79,297.55,3.17,0.42,182.63,0.97,68.1,1.52,1.0
6.75,45.7,120.55,1.42,3.14,73.26,1.04,21.46,0.22,
8.61,283.87,315.16,3.43,70.7,209.98,1.04,30.73,0.29,1.0
6.26,91.22,164.57,3.01,57.77,130.84,2.15,31.26,0.56,1.0
5.75,307.02,495.02,0.91,,306.33,0.2,19.27,1.71,
6.48,159.0,270.59,2.58,17.12,165.92,0.06,20.85,1.11,1.0
6.17,39.86,134.9,1.3,62.55,77.43,0.49,24.47,0.55,1.0
7.71,222.61,235.72,2.54,77.07,137.19,0.83,30.27,0.97,1.0
7.11,203.17,382.59,2.05,26.63,241.74,0.34,42.47,0.04,1.0
7.22,55.99,187.26,1.27,44.1,137.13,1.17,20.73,0.24,1.0
8.32,58.8,135.56,0.66,14.83,67.03,0.08,,0.01,1.0
6.85,109.16,348.74,2.23,102.96,235.24,1.56,42.59,0.1,1.0
8.02,176.83,348.99,2.46,56.98,192.81,1.27,50.6,0.5,1.0
8.61,70.76,198.61,1.84,23.29,117.87,0.24,14.86,1.08,1.0
7.04,154.35,205.79,1.23,3.75,127.18,0.35,10.36,0.5,1.0
7.99,174.18,346.41,1.52,,258.66,1.65,27.78,0.55,1.0
7.21,50.62,10.38,0.9,122.46,5.0,1.48,20.37,0.05,1.0
8.14,81.03,18.51,2.74,43.06,5.0,1.68,64.57,0.55,1.0
6.14,132.85,156.31,,34.02,61.62,0.39,8.91,0.3,1.0
5.06,143.62,257.31,2.95,41.47,167.93,3.49,68.28,0.53,
7.09,224.36,362.18,1.92,24.79,247.69,1.26,29.06,0.2,1.0
6.69,280.79,595.07,2.52,45.72,394.31,0.07,41.66,0.44,1.0
6.99,276.23,471.53,2.62,51.4,309.85,0.65,33.62,0.28,1.0
7.22,117.79,268.01,2.12,50.6,197.45,1.09,26.53,0.41,
7.98,212.43,296.2,1.61,,181.74,0.18,25.62,0.08,1.0
7.07,188.33,99.49,3.11,85.7,82.57,2.32,40.77,0.25,1.0
6.74,202.77,296.3,0.28,27.88,159.95,1.4,,0.23,1.0
7.12,45.8,242.27,3.3,23.65,139.38,0.08,42.86,0.67,1.0
6.78,200.66,364.54,0.88,21.85,200.81,2.44,23.92,13.4,
6.65,86.86,134.55,1.67,7.9,81.96,0.52,25.84,1.2,1.0
6.11,246.69,403.87,3.43,60.71,261.59,0.6,52.25,0.5,1.0
7.46,327.39,606.55,4.23,85.8,396.54,1.53,55.81,0.19,
6.95,179.21,278.25,2.18,21.08,182.1,1.03,36.06,0.76,1.0
8.17,166.08,380.34,0.65,,228.67,0.58,26.27,0.34,1.0
6.24,215.57,438.03,2.85,8.92,280.91,0.3,56.82,0.11,1.0
6.97,164.14,219.76,1.96,32.07,112.89,0.73,33.07,0.69,1.0
8.85,156.11,344.82,0.94,0.74,251.4,0.87,5.53,0.07,1.0
6.65,208.42,302.52,2.22,26.05,190.56,1.0,50.96,0.1,1.0
7.21,123.25,319.54,0.69,27.94,197.92,0.93,20.95,0.71,1.0
6.43,175.48,145.4,2.2,49.38,126.29,0.96,18.12,0.74,1.0
6.32,144.23,304.9,1.08,,173.34,0.65,,0.78,1.0
8.64,228.58,399.6,0.03,73.2,237.23,0.83,,0.17,1.0
7.54,370.67,590.23,0.34,116.44,361.72,0.34,0.14,1.01,1.0
7.51,266.85,491.85,1.39,107.16,318.35,0.17,29.9,0.64,1.0
3.52,445.55,730.64,2.5,26.64,483.55,0.93,46.31,0.9,
7.69,116.69,146.53,3.25,76.75,110.04,0.05,52.22,0.62,1.0
8.33,332.71,474.46,3.43,72.01,359.84,0.07,50.01,0.43,1.0
8.32,241.58,336.67,0.49,48.26,173.85,0.28,31.03,0.06,1.0
7.93,434.19,737.96,1.78,57.08,491.85,0.22,26.97,0.62,1.0
6.5,75.67,138.34,1.39,77.32,78.78,0.47,19.98,0.59,1.0
7.65,196.69,132.06,1.89,85.34,74.11,0.46,23.33,0.19,1.0
7.93,155.57,180.12,3.41,17.53,104.68,0.12,73.28,0.67,1.0
5.96,10.0,10.0,2.16,79.91,5.0,0.28,39.63,0.4,
6.5,121.91,194.85,2.87,116.66,160.34,,32.67,0.41,1.0
8.11,72.15,148.17,4.21,85.29,113.16,0.43,51.64,0.23,
8.1,191.28,330.08,0.44,111.46,215.02,1.59,,7.89,
6.16,159.54,368.35,1.53,,266.45,0.31,21.91,0.12,1.0
8.04,384.54,675.23,2.57,73.83,408.65,1.03,23.58,0.73,1.0
7.48,384.63,490.08,2.27,60.57,291.94,0.1,22.32,0.16,1.0
8.02,139.73,184.62,3.05,91.08,76.44,0.01,56.41,,1.0
6.89,10.0,120.32,1.62,4.97,64.22,0.69,33.15,8.5,
7.92,299.87,398.38,2.21,29.75,262.18,0.62,48.0,13.46,
8.08,76.05,35.95,1.24,86.02,25.43,0.21,3.95,0.53,1.0
7.12,381.81,666.29,3.06,7.61,436.08,0.34,35.93,1.31,
7.41,357.4,535.89,2.04,59.69,320.11,0.03,24.35,0.46,1.0
6.88,80.73,206.16,3.4,49.32,150.07,1.6,67.46,0.8,1.0
8.72,10.0,10.0,3.41,42.16,11.29,0.36,51.79,1.87,1.0
7.3,417.39,570.77,0.72,72.91,385.66,0.25,29.0,0.98,1.0
6.66,152.67,277.09,3.56,5.38,142.25,1.63,59.75,0.41,1.0
6.83,235.05,547.56,2.93,18.8,362.15,0.04,42.84,0.23,1.0
7.5,10.0,10.0,1.84,44.43,5.0,0.33,33.39,0.33,1.0
8.0,104.15,180.12,2.84,1.95,109.13,0.3,25.32,0.92,1.0
6.33,240.55,301.05,1.49,99.24,206.37,0.31,1.84,0.96,1.0
8.88,186.35,309.4,3.36,18.05,202.93,0.01,53.01,0.93,1.0
7.65,104.91,209.99,2.1,81.45,119.46,2.73,31.63,0.45,1.0
7.77,306.99,424.57,2.89,14.98,276.1,2.0,62.66,0.32,1.0
7.32,57.93,86.48,1.37,78.17,25.58,0.54,6.75,0.19,1.0
7.42,125.41,271.52,2.28,,199.5,0.59,37.95,,1.0
7.28,252.19,324.06,2.89,106.34,206.53,0.74,50.24,0.72,
8.21,251.42,402.89,2.31,95.41,284.25,0.65,38.04,0.16,1.0
7.39,265.54,442.32,2.56,27.9,276.98,1.51,49.41,0.2,1.0
8.01,53.94,75.07,1.24,16.97,38.33,0.67,12.28,0.93,
7.05,10.0,10.0,2.3,68.31,5.0,0.21,42.89,9.82,
7.56,306.94,555.54,1.25,,378.62,0.12,24.3,1.31,1.0
6.76,220.06,366.46,1.98,51.39,224.01,2.5,41.38,,1.0
8.37,80.45,150.3,1.51,17.7,110.59,0.05,17.49,1.4,1.0
6.73,429.76,610.23,1.8,39.83,389.0,2.28,15.07,0.3,1.0
7.14,204.75,323.13,0.25,24.25,170.52,1.17,,17.52,
7.15,364.26,535.86,2.03,18.07,336.9,0.52,19.77,0.56,1.0
7.12,188.57,313.5,1.89,118.19,180.2,0.21,22.74,1.13,1.0
7.98,480.1,712.15,0.48,81.22,463.58,0.37,3.93,0.29,1.0
7.15,410.52,651.07,2.34,,399.39,0.75,26.01,0.59,1.0
8.52,150.8,250.21,2.83,14.97,181.15,1.07,42.47,1.94,1.0
6.75,295.92,494.31,2.32,84.3,319.48,1.18,22.94,0.14,1.0
7.54,209.72,429.08,2.79,88.75,275.35,0.59,41.05,0.86,1.0
6.78,369.58,573.73,1.47,,386.04,0.47,17.14,6.47,
7.74,62.2,107.02,1.79,77.94,88.84,1.46,25.6,0.28,1.0
7.39,237.23,437.21,2.07,60.6,283.78,2.6,35.05,0.17,1.0
7.28,362.33,511.68,2.15,,317.17,2.46,28.01,0.3,1.0
8.35,10.0,10.0,,33.87,5.0,0.8,,,1.0
6.88,16.88,63.35,1.08,44.55,27.46,0.08,9.64,0.18,1.0
7.87,57.39,10.0,3.0,51.94,5.0,0.08,55.27,0.29,1.0
5.31,163.45,246.12,1.22,,162.12,0.52,31.03,0.5,
7.49,263.71,443.51,1.75,19.48,281.38,1.32,21.15,0.51,1.0
6.44,372.83,600.47,1.95,25.08,404.07,0.69,27.67,0.44,1.0
6.87,197.86,314.82,0.66,28.57,192.37,0.99,,0.17,1.0
7.33,299.6,625.72,3.58,29.24,405.58,1.85,51.88,1.47,1.0
8.85,10.0,23.98,1.97,44.69,39.27,0.04,15.01,0.25,1.0
7.48,86.83,10.0,1.14,62.39,13.34,2.57,12.27,0.12,1.0
8.72,140.37,288.89,2.65,120.97,186.58,0.4,50.5,0.4,1.0
7.58,210.17,376.81,1.7,84.84,232.89,0.05,10.53,0.69,1.0
7.09,149.0,293.46,2.06,102.67,178.09,1.8,21.86,0.01,1.0
8.63,10.0,10.0,3.41,30.77,5.0,2.72,42.16,0.16,1.0
7.75,140.15,282.18,1.46,9.84,172.59,1.46,5.19,0.87,1.0
6.89,47.8,39.11,3.14,82.06,40.53,1.63,55.77,0.35,1.0
7.78,270.23,433.93,1.66,49.35,277.62,2.05,27.64,0.26,1.0
7.17,262.67,373.32,2.07,79.21,215.66,0.74,49.11,1.34,1.0
5.81,14.67,112.02,2.3,14.71,108.18,1.14,24.59,0.05,
8.15,101.32,197.23,1.66,75.94,134.6,0.34,7.11,0.48,1.0
8.28,41.61,88.16,0.98,42.99,29.16,0.29,24.16,0.21,1.0
8.87,195.26,287.46,2.45,31.56,178.01,0.94,33.19,0.04,1.0
7.74,254.96,491.03,3.12,35.33,321.39,1.33,42.16,0.12,1.0
7.2,107.5,102.85,2.63,69.62,100.95,0.51,54.18,0.49,1.0
8.07,299.81,400.81,2.6,80.97,238.36,0.51,40.67,0.01,1.0
8.08,66.93,193.95,1.54,35.34,145.59,3.08,32.18,0.45,1.0
8.71,60.31,141.43,2.69,63.77,119.92,0.73,34.1,1.57,1.0
7.36,140.56,278.59,2.36,63.63,168.51,4.29,28.12,18.71,
7.27,187.39,92.95,2.86,79.53,54.87,1.99,39.29,0.21,1.0
6.83,92.07,189.27,2.1,89.48,102.3,1.02,38.18,0.07,1.0
7.83,120.14,60.42,2.6,122.45,35.21,0.01,39.46,0.31,1.0
6.16,352.44,692.95,1.52,31.39,449.68,0.35,27.43,0.25,1.0
8.02,134.75,307.05,2.7,108.4,212.78,0.54,14.4,1.78,1.0
7.87,61.7,160.05,0.74,54.68,125.84,1.06,,2.3,1.0
7.87,163.39,342.8,1.67,6.21,207.86,0.5,3.44,17.61,
7.51,153.13,277.53,1.3,23.98,141.05,1.76,15.75,0.08,1.0
8.63,118.04,255.81,5.51,68.64,165.85,1.09,68.61,1.21,
8.1,212.73,422.83,2.65,78.95,280.71,0.43,56.68,0.79,1.0
6.91,328.82,451.5,0.92,9.35,298.46,1.53,13.53,0.36,1.0
6.93,177.53,193.9,0.63,19.44,119.5,0.36,11.65,0.23,1.0
6.7,158.37,184.84,0.25,28.68,122.64,0.06,,0.3,1.0
7.84,173.19,244.99,0.86,15.47,189.55,0.19,1.69,1.16,1.0
6.6,10.64,10.0,1.15,,14.13,,32.78,0.1,1.0
8.27,10.0,10.0,1.02,,5.0,1.79,33.19,0.82,1.0
8.46,296.37,573.37,1.53,34.73,362.69,0.99,27.15,0.01,1.0
4.67,395.55,628.99,2.83,60.08,405.45,0.85,22.2,1.27,
7.25,91.43,250.19,1.8,76.22,195.36,1.08,22.76,0.35,1.0
7.41,199.49,415.31,2.71,,266.29,1.06,43.83,0.13,1.0
8.11,275.0,362.25,0.93,,235.07,0.83,11.74,,1.0
8.69,644.5,915.78,1.62,28.88,585.61,1.85,3.06,16.08,
6.05,334.01,523.91,1.06,50.13,362.52,0.58,34.43,8.94,
7.15,219.97,274.42,2.44,90.35,217.57,1.63,28.29,0.5,1.0
7.19,53.04,108.89,1.82,78.71,79.79,1.54,13.87,0.17,1.0
6.28,10.0,10.0,3.77,35.29,8.16,0.22,56.29,0.05,1.0
7.01,235.02,340.69,1.33,64.41,222.19,0.6,31.79,0.35,1.0
7.74,117.7,148.73,0.96,16.26,48.99,1.8,19.54,0.42,1.0
7.18,12.91,15.55,2.3,52.97,25.01,1.78,21.29,0.3,1.0
6.16,90.29,170.69,1.82,47.5,113.63,0.02,12.55,0.31,1.0
9.7,98.32,83.69,2.5,106.17,62.97,0.25,15.62,0.45,
7.61,333.17,637.43,1.94,69.74,400.1,0.55,26.16,0.37,1.0
7.49,247.11,476.33,1.86,19.17,301.92,0.05,23.16,0.07,1.0
6.52,128.64,298.41,1.33,19.58,185.74,0.3,25.12,0.11,1.0
7.61,361.84,595.99,1.73,36.68,407.83,0.3,19.1,0.08,1.0
7.27,134.89,315.47,0.47,,197.48,0.24,16.79,15.72,
5.89,42.43,127.74,3.2,40.8,124.69,0.51,54.51,0.38,
6.54,327.49,604.62,3.27,44.25,401.62,1.68,41.76,11.58,
5.24,231.64,407.78,2.94,68.66,239.54,0.28,47.97,0.8,
8.96,10.0,92.55,1.54,74.49,57.59,0.87,36.42,0.2,1.0
7.69,161.52,261.93,1.37,53.96,157.22,0.82,10.97,0.42,1.0
4.39,137.29,124.88,2.5,,37.28,1.7,35.35,0.04,
7.28,20.84,23.44,1.05,1.16,47.23,0.5,13.4,0.68,1.0
7.33,368.21,485.24,3.14,25.8,329.47,0.25,43.47,14.51,
8.27,475.83,681.88,,76.09,453.89,2.22,8.02,0.81,1.0
8.73,51.06,20.29,1.55,74.74,16.49,1.79,32.03,1.08,1.0
8.44,251.29,412.59,0.94,40.02,240.55,0.97,18.1,0.71,1.0
6.55,103.05,169.87,3.25,144.39,100.74,0.1,52.29,0.93,1.0
7.35,159.73,202.57,3.07,112.46,148.51,0.02,40.48,9.69,
7.62,89.33,181.52,2.56,99.6,96.96,0.2,41.77,0.21,1.0
7.19,10.0,127.2,3.92,78.03,32.05,0.22,45.88,1.44,1.0
7.71,210.42,309.7,2.01,68.34,196.77,0.15,54.94,1.23,1.0
8.06,23.73,133.81,2.63,65.42,84.14,0.3,52.97,0.4,1.0
8.2,164.35,354.09,0.4,,232.87,0.41,15.6,0.23,1.0
8.75,173.98,289.95,1.68,7.95,203.04,1.4,29.28,1.0,1.0
7.14,146.57,252.21,2.11,41.11,176.69,1.24,35.74,0.2,1.0
6.31,10.0,118.49,1.08,55.11,82.19,0.11,,0.08,1.0
7.69,119.06,184.65,2.26,45.02,143.93,3.78,21.25,0.51,1.0
8.91,318.95,451.08,0.03,60.89,262.82,1.39,,0.02,
4.73,183.69,400.18,2.5,,270.21,0.18,38.09,0.24,
7.95,126.32,104.49,1.57,70.23,80.45,0.13,20.67,0.82,1.0
7.96,113.91,319.87,1.21,52.49,183.12,0.09,26.3,0.17,1.0
7.55,376.03,450.28,2.74,42.5,262.62,1.32,31.5,1.34,1.0
7.41,10.0,10.0,3.46,87.09,5.0,0.27,62.22,1.56,1.0
6.66,252.48,408.67,2.89,8.18,252.41,0.08,35.17,17.54,
5.57,10.0,167.48,1.19,40.52,123.93,0.55,13.65,2.2,
6.51,245.37,414.12,2.67,61.38,256.89,1.23,48.98,0.38,1.0
7.09,99.83,147.35,1.74,15.88,78.65,0.36,31.21,0.42,
8.28,10.0,10.0,3.13,,5.0,0.66,34.43,0.9,1.0
7.32,10.0,10.0,2.22,3.88,28.87,0.21,43.96,0.34,1.0
6.98,138.44,309.62,0.53,47.41,201.51,0.56,8.77,0.26,1.0
6.69,267.69,351.94,1.76,40.04,225.18,0.44,4.95,0.48,1.0
7.93,73.02,119.14,1.17,49.27,75.24,0.57,9.19,5.61,
8.49,333.67,427.72,1.22,23.63,303.86,0.63,14.25,0.69,1.0
8.25,10.0,10.0,1.68,,5.0,0.1,13.43,0.55,1.0
7.88,150.33,286.78,2.27,55.48,212.72,0.1,47.54,0.68,1.0
6.22,75.46,57.8,2.91,43.34,41.78,0.3,39.87,0.56,1.0
7.12,20.63,169.63,1.47,75.51,107.05,0.12,26.72,15.37,
8.96,125.01,309.48,3.21,20.09,251.18,0.29,50.26,17.43,
8.3,131.62,127.92,0.3,,62.03,0.02,11.52,0.77,1.0
6.17,75.26,223.09,1.16,,137.93,0.43,34.16,0.02,1.0
7.36,209.8,501.26,4.05,33.94,301.17,0.24,67.48,2.45,
7.69,204.2,184.62,0.86,55.12,139.05,2.23,30.29,0.88,1.0
4.55,210.59,467.14,3.25,40.71,337.42,1.95,55.79,0.56,
5.55,53.64,74.06,1.97,27.39,81.54,0.36,30.93,1.7,
7.48,247.03,405.96,1.93,,288.35,0.65,32.15,0.47,1.0
6.77,212.46,588.31,2.94,,378.45,3.12,17.78,0.03,1.0
5.08,10.0,10.0,2.8,64.69,5.0,0.74,37.38,0.41,
7.12,106.79,140.62,3.33,40.9,57.98,1.89,48.57,0.16,1.0
7.29,266.96,415.41,1.75,35.46,310.74,1.75,30.67,0.23,1.0
7.39,200.81,259.39,2.14,,177.98,2.84,31.89,0.31,1.0
6.69,205.16,374.23,1.75,11.35,233.41,0.36,29.59,0.74,1.0
7.22,143.15,179.2,0.89,51.8,143.04,0.04,0.09,0.35,1.0
5.99,155.92,317.32,2.17,61.38,186.8,0.11,16.75,0.32,
7.65,90.8,268.86,1.84,43.43,182.89,0.85,15.7,14.7,
5.11,255.25,533.56,0.13,105.17,343.36,0.76,17.64,0.39,
7.17,137.42,350.88,3.11,26.98,240.85,0.35,33.96,0.14,1.0
8.14,270.99,367.52,2.15,101.47,237.62,0.29,24.34,0.15,1.0
5.09,54.85,217.62,1.3,58.67,112.44,1.24,20.55,0.71,
7.97,135.19,202.48,2.33,54.33,133.12,0.42,19.07,0.21,1.0
8.32,114.8,213.49,1.48,87.3,159.74,0.93,13.41,0.03,1.0
4.75,222.2,378.89,2.2,25.03,245.69,1.25,39.79,0.21,
7.28,197.66,215.8,3.39,36.83,155.77,0.56,46.43,0.51,1.0
5.1,192.85,357.95,2.4,1.06,211.76,0.21,52.82,0.84,
7.31,459.63,715.08,1.51,87.41,464.28,1.97,5.71,1.63,1.0
7.39,286.41,474.22,0.97,63.42,295.76,0.1,11.08,7.88,1.0
5.41,133.28,234.8,1.29,93.91,167.56,1.77,14.91,9.27,
8.94,439.14,540.24,2.81,58.19,351.79,1.81,42.09,12.72,
7.63,58.96,218.38,1.94,94.12,155.75,0.85,16.88,9.94,
6.72,70.46,10.0,2.56,20.11,28.25,0.99,32.59,0.49,1.0
8.57,91.85,98.38,1.72,89.49,77.78,0.44,33.7,0.36,1.0
4.47,10.0,10.0,1.07,34.09,11.96,1.84,13.31,0.57,
6.42,219.28,229.7,2.6,50.1,129.34,0.31,28.29,0.14,1.0
5.56,89.8,303.68,1.19,79.13,197.34,0.82,38.67,0.2,
8.84,355.08,635.29,1.59,143.11,402.28,,24.37,0.17,
7.67,158.81,365.39,0.78,82.8,230.62,2.81,17.77,0.8,1.0
7.93,174.31,256.18,1.06,86.57,159.03,2.96,23.61,0.09,1.0
7.64,223.88,465.88,2.9,28.18,283.22,1.24,42.73,0.47,1.0
7.86,27.65,10.0,3.05,56.28,5.0,0.55,37.82,5.07,
7.46,198.95,347.12,3.09,46.17,212.27,0.2,48.36,0.4,1.0
7.62,248.54,454.17,3.09,106.31,299.08,0.68,39.42,0.03,1.0
7.49,25.43,10.0,1.65,44.16,5.0,1.57,28.41,0.1,1.0
6.91,303.82,528.75,2.67,103.14,344.0,0.93,38.34,0.06,1.0
7.36,166.19,367.7,3.05,,277.01,0.75,56.09,5.61,
7.62,270.23,216.94,1.13,105.95,161.47,1.89,5.5,16.52,
7.49,231.58,426.56,2.19,15.54,310.13,0.38,40.09,0.88,1.0
6.22,341.6,754.14,1.87,84.16,498.01,1.97,34.22,0.13,1.0
6.32,159.72,336.37,0.13,15.43,241.99,0.58,,0.05,1.0
8.27,146.42,349.64,2.33,74.73,212.79,,42.19,0.46,1.0
7.15,166.18,208.13,1.29,11.5,122.4,1.32,23.47,6.26,
7.87,94.1,130.03,3.05,91.46,29.74,2.1,52.44,0.17,1.0
6.53,299.58,466.07,1.24,83.81,326.67,0.66,24.6,0.46,1.0
6.22,58.77,128.78,2.33,25.97,114.52,0.61,35.44,0.75,1.0
6.73,174.62,314.31,2.11,73.12,193.24,1.64,25.72,0.21,1.0
7.22,104.13,204.47,0.28,87.9,127.83,2.16,,0.37,1.0
6.87,233.42,395.8,1.68,13.07,242.19,3.67,23.05,0.08,1.0
8.44,261.81,366.73,2.36,8.64,246.03,0.42,43.79,0.01,1.0
7.54,321.31,507.51,3.02,7.15,352.38,0.9,51.68,1.99,1.0
8.88,143.8,198.0,2.02,1.48,93.84,1.73,40.34,0.18,1.0
7.72,172.59,246.03,2.91,6.96,168.11,0.76,54.65,0.16,1.0
5.47,106.77,104.25,2.54,86.99,62.23,0.62,35.89,1.81,
8.24,141.09,211.14,2.57,72.31,139.51,0.85,58.19,0.65,1.0
6.19,243.22,375.46,2.62,,253.23,0.44,38.19,0.44,1.0
7.58,330.28,451.4,1.73,29.59,289.64,0.21,20.94,18.92,
4.58,36.09,115.57,1.01,3.69,73.05,0.07,18.5,11.64,
9.11,241.57,473.92,3.57,84.46,303.77,0.94,58.38,0.72,
8.55,283.38,571.13,2.77,32.01,390.64,0.48,34.11,0.03,1.0
6.81,238.76,382.69,1.93,,257.12,2.15,27.39,0.27,1.0
7.3,312.53,675.36,2.62,56.81,443.4,0.25,34.79,16.37,
7.6,110.25,145.24,2.4,74.26,68.99,0.37,37.38,0.04,1.0
8.09,25.18,51.07,1.15,11.85,25.62,3.52,25.15,0.27,1.0
7.42,62.73,10.0,1.66,39.4,24.47,0.81,22.27,0.48,1.0
5.3,325.93,599.21,3.33,13.9,390.24,0.43,55.62,0.1,
5.32,248.36,430.87,1.99,99.76,293.26,1.97,16.03,0.18,
7.4,229.44,288.88,2.38,32.75,223.1,1.36,44.53,0.51,1.0
8.39,282.75,355.99,3.26,21.13,252.17,0.85,44.36,0.43,1.0
7.74,10.93,74.9,1.99,47.95,50.55,2.2,25.16,1.02,1.0
4.66,482.58,789.15,1.07,41.7,502.73,0.1,20.03,0.78,
7.92,210.23,325.84,2.11,77.54,160.73,0.5,36.23,1.69,
7.09,211.81,321.88,1.44,98.64,205.85,1.66,20.5,6.88,
8.11,253.96,445.15,0.61,98.94,282.83,0.49,0.24,0.6,1.0
9.42,301.79,396.2,2.8,34.72,265.34,2.61,37.25,18.9,
7.11,112.38,344.78,1.74,62.2,221.03,0.17,27.11,0.92,1.0
8.04,64.09,141.91,,109.54,85.83,0.41,4.9,0.63,1.0
6.8,258.97,394.29,2.25,111.08,220.7,0.55,25.57,0.35,1.0
3.02,428.7,676.4,2.27,14.96,420.86,1.16,27.59,0.16,
7.42,409.09,569.08,3.95,73.69,379.44,0.22,61.89,1.05,1.0
7.25,431.09,618.64,2.0,66.93,436.43,0.01,29.11,0.75,1.0
9.37,104.38,197.76,3.07,87.06,126.59,3.75,47.48,0.91,
7.15,126.24,102.08,2.65,99.74,72.91,2.29,13.55,5.51,
7.87,129.2,274.84,1.41,8.36,197.7,0.36,18.21,5.63,
5.86,233.23,311.14,2.35,22.37,186.03,0.66,43.76,0.28,
7.75,401.83,518.84,1.84,86.3,344.58,0.67,21.37,0.91,1.0
8.31,66.75,10.0,1.31,55.92,5.0,2.03,24.55,5.82,
6.98,368.83,605.91,1.48,,411.14,0.91,10.16,6.55,
5.39,144.45,268.4,1.35,,177.49,1.75,4.59,0.58,
7.37,52.34,214.62,1.99,76.5,145.47,2.43,34.03,0.04,
7.41,74.07,97.58,2.0,83.56,47.77,0.83,29.38,0.26,1.0
7.98,10.0,10.0,1.45,,20.64,0.34,18.39,0.33,1.0
9.01,239.12,464.63,1.79,93.97,343.71,0.69,35.34,0.73,
7.1,129.26,314.66,0.12,42.11,184.37,1.9,,1.11,1.0
6.71,10.0,42.01,0.99,9.1,20.51,0.88,8.55,0.21,1.0
6.47,23.19,40.98,1.71,27.59,31.27,2.26,18.21,0.38,1.0
7.56,153.39,232.84,3.67,1.09,167.08,2.26,45.55,0.52,1.0
7.78,350.26,633.8,2.63,25.36,400.78,0.47,44.17,0.2,1.0
6.96,202.31,248.08,1.02,,104.59,0.59,12.22,2.12,1.0
8.02,10.0,10.0,3.61,47.05,33.68,1.13,65.65,1.04,1.0
7.77,111.12,250.85,2.0,73.48,178.26,0.12,0.45,0.18,1.0
7.43,158.59,245.46,0.87,,124.69,0.63,22.21,12.3,
6.68,104.18,10.0,1.92,50.68,5.0,0.16,32.41,0.13,1.0
7.01,190.24,289.14,2.99,17.81,219.31,1.88,43.87,0.36,1.0
5.46,134.15,253.81,0.87,76.75,193.93,2.86,0.08,0.57,
7.59,187.17,439.24,0.96,,304.28,0.15,,16.82,
7.42,390.9,669.79,3.81,78.48,431.84,1.1,64.61,1.02,1.0
7.55,326.93,525.31,2.3,,343.11,1.01,36.87,9.27,
7.8,128.35,246.22,1.53,41.6,157.43,1.43,25.16,2.28,1.0
7.71,10.0,78.69,1.89,21.64,73.72,1.19,27.38,0.01,1.0
7.31,446.27,814.67,2.29,35.57,512.02,0.24,42.78,0.89,1.0
7.44,259.83,311.84,1.81,,186.58,0.34,21.24,0.79,1.0
6.28,253.37,302.79,3.35,116.41,217.02,0.18,46.88,0.07,1.0
6.93,132.77,295.17,2.1,,190.98,2.54,29.72,0.2,1.0
7.44,237.41,339.62,2.66,1.69,248.32,0.74,37.82,1.08,1.0
6.81,103.75,271.13,2.08,121.79,162.8,3.74,44.62,0.37,1.0
8.09,181.38,185.27,1.96,62.91,119.33,0.6,16.9,0.26,1.0
6.87,126.64,190.63,2.89,,105.46,0.8,23.85,1.18,1.0
7.57,223.55,293.45,2.91,44.85,190.89,1.56,29.17,0.05,1.0
7.49,29.03,191.32,0.37,40.57,94.78,1.6,12.33,16.19,
8.0,128.34,157.43,1.98,,92.58,0.26,28.7,0.53,1.0
8.12,192.39,321.29,4.05,19.67,180.11,0.34,44.76,0.47,
7.96,192.0,249.0,1.55,48.94,175.73,0.1,24.3,0.15,1.0
5.72,406.22,600.8,2.45,100.66,404.85,1.64,33.57,0.41,
8.36,10.0,10.0,3.25,42.45,5.0,1.58,54.3,0.62,1.0
8.62,280.94,518.3,0.89,45.45,363.57,0.08,21.32,16.61,
7.01,368.52,549.22,1.63,17.39,406.94,0.3,49.58,0.58,1.0
7.59,10.0,10.0,0.43,93.84,7.42,0.6,,0.15,1.0
6.69,95.24,231.46,2.1,86.09,137.63,0.78,12.94,0.89,1.0
5.84,89.42,225.71,2.38,81.57,203.2,0.74,41.66,0.3,
6.81,10.0,18.5,2.64,54.47,5.0,4.08,49.52,18.62,
6.97,61.15,144.44,3.57,,94.29,1.44,40.85,0.01,1.0
7.12,101.87,77.88,2.06,93.47,54.22,0.12,18.21,0.24,1.0
6.63,399.16,650.45,0.85,52.29,449.7,0.35,16.15,7.24,
6.81,265.79,487.14,1.12,37.66,323.83,0.42,33.93,7.03,
7.39,372.83,554.31,1.24,67.94,350.33,0.38,9.8,0.14,1.0
6.78,224.98,444.33,2.21,58.97,269.79,1.54,33.99,0.67,1.0
7.83,49.28,74.19,4.35,7.23,41.39,0.45,46.26,1.07,
7.95,108.08,195.1,1.93,37.17,106.67,0.68,26.93,0.12,1.0
9.3,277.68,397.87,3.37,,259.58,0.76,49.47,0.09,
3.26,10.0,55.57,1.89,53.44,24.84,0.32,42.96,6.83,
7.59,223.05,442.6,0.84,103.21,257.81,0.39,5.51,0.22,1.0
6.9,69.25,251.93,1.18,,188.86,1.51,24.62,0.29,1.0
7.63,122.04,225.04,1.27,55.15,136.32,2.02,11.35,0.12,1.0
7.66,325.89,442.19,1.88,76.74,262.06,0.04,29.07,0.28,1.0
6.99,208.04,388.85,2.41,82.65,249.39,0.93,56.86,0.13,1.0
8.03,111.15,227.81,1.34,20.15,149.44,1.0,38.05,0.55,1.0
6.28,362.71,531.87,2.79,5.91,310.78,1.34,61.46,0.35,1.0
5.14,103.7,83.79,3.05,26.52,61.09,1.18,49.68,0.78,
7.84,249.48,423.19,1.74,97.63,254.13,2.1,23.95,0.19,1.0
7.17,285.41,418.62,2.92,,306.32,0.08,46.62,0.35,1.0
7.23,89.01,238.09,0.06,1.36,165.24,0.49,5.53,0.15,1.0
7.29,288.03,365.23,,31.65,229.4,1.52,3.89,10.39,
3.21,137.3,49.78,2.83,10.97,17.45,1.87,35.38,0.37,
8.34,316.94,484.81,1.58,48.33,313.02,0.31,16.16,0.1,1.0
6.59,53.6,263.02,4.2,106.58,183.22,0.88,57.09,0.16,
3.53,89.36,195.46,1.91,1.85,126.54,0.2,39.31,0.04,
7.73,336.52,509.8,1.0,44.15,327.03,1.9,26.79,0.01,1.0
6.64,74.4,159.13,3.69,49.67,104.6,1.31,87.13,0.37,1.0
7.46,74.59,18.31,2.66,36.62,5.0,0.25,44.09,0.21,1.0
6.67,35.41,10.0,3.55,,5.0,0.98,45.35,1.66,1.0
8.51,217.4,421.2,1.41,24.49,232.07,0.71,16.41,0.09,
6.49,27.96,43.91,2.36,24.61,48.02,0.3,33.89,0.79,1.0
6.88,345.88,650.96,1.12,75.34,429.1,2.24,31.93,0.19,1.0
6.42,10.0,10.0,0.25,66.78,5.0,0.16,11.14,0.13,1.0
6.31,355.85,639.29,2.74,,453.51,0.63,27.67,1.75,1.0
8.67,264.06,342.2,1.54,34.51,224.17,0.87,22.58,0.81,1.0
7.83,274.2,280.66,1.0,29.99,161.7,1.73,0.35,0.5,1.0
7.51,43.05,191.02,0.61,128.19,141.3,0.16,15.1,0.6,1.0
6.87,131.74,379.83,2.18,61.69,254.85,0.94,25.67,2.38,1.0
8.13,163.23,292.47,2.06,6.9,198.0,0.01,24.85,0.45,1.0
6.74,236.48,520.66,1.52,18.93,329.91,1.73,3.96,0.05,1.0
8.03,196.02,322.85,1.33,34.86,218.86,0.27,27.46,12.34,
6.7,235.48,330.06,2.77,64.49,209.3,1.28,53.58,0.55,1.0
6.88,211.07,227.28,,69.4,158.85,0.92,,0.54,1.0
3.58,183.24,288.61,2.63,58.02,149.5,0.05,37.84,0.69,
8.09,207.28,361.56,2.47,41.61,226.34,0.2,32.19,0.06,1.0
7.88,10.0,10.0,0.77,44.56,40.94,0.31,9.36,1.45,1.0
6.56,19.53,30.36,0.07,44.84,5.0,2.18,,0.4,1.0
7.04,272.76,448.65,2.59,,279.55,0.66,27.83,0.52,1.0
7.53,232.45,334.17,0.83,47.55,208.25,2.45,26.08,0.02,1.0
6.72,122.5,263.2,3.57,26.91,146.79,0.05,27.2,1.62,1.0
8.5,160.46,303.69,4.12,,153.23,0.01,66.81,0.41,
5.48,147.81,369.52,2.43,146.72,235.57,2.96,39.23,0.41,
6.78,10.0,192.05,1.9,62.45,127.55,1.29,45.02,1.44,1.0
6.99,31.18,144.34,1.78,50.52,92.77,1.53,24.35,1.33,1.0
5.12,124.99,339.17,0.29,35.15,217.56,2.47,0.7,0.12,
6.28,79.43,104.33,1.71,79.21,68.67,4.17,17.63,1.34,1.0
7.9,203.08,381.65,1.54,3.51,268.53,0.1,26.68,11.92,
7.42,10.0,10.0,1.36,37.49,5.0,0.17,13.38,0.01,1.0
8.66,254.28,505.83,2.39,11.91,317.31,0.21,24.59,0.14,1.0
8.64,75.08,394.52,2.13,78.86,250.82,1.71,24.6,0.27,1.0
7.75,286.14,351.21,2.79,16.93,239.87,0.44,32.32,0.44,1.0
7.65,247.91,496.54,1.56,94.05,350.99,0.9,13.29,0.6,1.0
7.45,359.24,633.09,2.6,46.03,398.95,1.93,39.89,0.12,1.0
5.28,228.98,502.87,2.01,80.98,328.85,1.15,28.17,0.91,1.0
6.28,54.6,10.0,2.6,65.99,13.27,0.07,44.44,0.93,1.0
7.48,33.62,44.08,1.92,92.37,8.8,0.59,30.31,0.5,1.0
7.89,63.7,175.04,3.78,12.59,114.18,0.07,44.64,1.27,1.0
7.63,163.52,305.22,,86.22,169.08,0.65,,0.84,1.0
6.69,326.03,403.53,2.63,,226.91,0.25,28.82,0.13,1.0
8.15,89.26,154.85,2.86,51.73,107.99,,50.48,0.8,1.0
8.59,193.33,337.35,0.73,28.16,211.6,1.68,18.41,1.53,1.0
8.15,42.28,148.92,3.82,,100.85,3.49,67.22,0.07,1.0
8.19,11.89,177.7,2.02,14.26,115.14,3.33,38.71,1.92,1.0
6.95,10.0,18.67,1.88,24.37,5.0,0.36,39.0,0.01,1.0
8.26,85.49,115.35,2.37,42.14,74.07,1.76,39.63,0.37,1.0
7.52,72.78,29.66,2.89,29.01,5.0,1.14,61.34,0.74,1.0
7.81,10.0,104.83,2.13,53.2,95.96,1.61,34.92,0.78,1.0
7.69,250.18,510.73,2.1,16.79,304.85,1.87,51.5,0.66,1.0
7.3,37.04,110.12,2.84,30.93,67.66,3.93,36.3,0.38,1.0
6.71,495.71,826.48,2.97,38.44,516.36,0.16,38.01,0.53,1.0
7.33,231.95,398.66,2.34,57.28,270.54,1.47,33.12,0.6,1.0
8.19,196.1,336.97,0.45,83.95,212.4,1.32,6.41,0.34,1.0
7.05,97.4,128.33,0.98,84.15,73.04,0.34,11.51,0.45,1.0
8.11,218.87,440.06,3.08,59.5,303.1,0.5,51.67,0.94,1.0
7.99,157.63,184.87,1.72,67.21,120.76,0.19,24.81,8.86,
7.16,216.31,324.4,1.4,62.47,221.19,2.44,14.95,0.37,1.0
8.51,471.22,812.02,2.44,37.41,508.18,2.11,32.64,,1.0
7.12,248.52,280.79,2.32,86.02,154.42,0.95,46.92,0.58,1.0
8.61,395.73,529.85,1.78,13.42,346.55,0.72,29.9,0.11,1.0
7.75,142.26,159.36,2.74,,97.21,0.27,24.39,0.33,1.0
7.39,24.87,293.0,0.73,8.34,202.98,1.56,26.09,0.12,1.0
6.69,471.44,654.16,0.27,106.12,423.61,0.01,8.35,0.01,1.0
7.33,144.5,174.61,3.5,38.18,117.6,0.62,58.93,0.33,1.0
7.24,497.81,662.49,0.88,60.97,398.15,1.97,22.45,0.28,1.0
6.39,326.8,441.55,0.52,39.04,324.78,0.96,17.67,0.28,1.0
7.23,191.42,187.51,1.67,72.47,118.59,1.01,15.92,0.12,1.0
6.76,299.82,426.48,1.97,52.83,291.16,0.07,18.85,1.47,1.0
7.87,364.14,494.51,1.52,47.26,304.71,0.34,46.79,,1.0
8.45,354.32,424.36,1.77,74.55,282.0,1.12,19.59,1.11,1.0
6.42,16.83,10.0,0.58,31.37,5.0,0.05,12.47,0.67,1.0
4.5,14.13,154.57,2.71,64.88,109.51,0.4,57.02,0.09,
7.3,134.92,250.5,0.47,43.01,155.7,0.44,2.62,14.33,
6.62,190.57,285.11,2.02,45.7,185.91,0.69,26.74,2.25,1.0
8.01,258.23,424.13,2.23,17.26,289.65,0.45,42.77,0.52,1.0
7.04,139.0,335.54,2.65,41.36,193.45,0.61,41.86,0.07,1.0
7.33,10.0,32.93,2.23,28.35,7.72,0.79,38.36,0.31,1.0
7.08,188.57,376.04,0.91,95.2,253.57,0.14,12.87,0.32,1.0
6.75,293.66,422.12,1.59,,316.34,0.2,18.57,0.81,1.0
4.44,326.19,411.96,1.3,85.57,265.01,1.79,16.11,1.24,
7.17,355.52,516.16,0.43,,347.32,0.62,18.34,0.04,1.0
6.25,332.94,466.78,2.44,71.49,301.27,0.44,33.58,0.19,1.0
7.84,231.06,391.84,1.24,16.49,293.54,0.57,22.94,0.18,1.0
6.44,84.48,285.97,2.15,72.65,150.93,0.19,22.54,2.77,1.0
6.48,10.0,10.0,1.89,45.15,8.39,0.27,48.74,0.41,1.0
8.35,218.62,385.92,0.86,,218.34,0.72,16.15,1.06,1.0
6.44,180.07,341.54,0.8,104.34,171.87,0.44,15.36,0.28,1.0
5.55,215.32,354.32,1.66,81.07,236.25,0.65,34.24,0.64,
7.9,48.86,44.65,0.69,70.13,31.81,0.16,5.49,0.17,1.0
7.16,92.92,83.79,2.99,24.39,48.77,0.17,56.77,1.21,1.0
7.23,292.47,510.63,3.34,82.44,329.79,0.48,35.01,0.3,1.0
7.15,80.07,292.09,2.78,,251.82,0.48,35.6,0.81,1.0
7.59,237.64,436.3,2.35,,278.43,2.15,27.22,0.15,1.0
6.8,185.58,305.66,2.06,,208.88,0.03,12.11,0.59,1.0
8.58,244.71,305.95,0.95,13.12,185.88,4.94,9.0,10.07,
6.22,264.2,487.66,2.83,19.81,322.88,3.14,41.89,0.02,
7.76,143.7,196.79,3.37,32.61,123.15,0.78,39.66,0.27,1.0
7.91,206.04,319.22,1.66,34.38,199.29,1.27,12.57,0.4,1.0
6.79,126.72,207.54,1.96,24.01,171.28,2.74,29.87,0.08,1.0
6.58,174.39,213.1,1.19,,162.06,0.29,17.08,10.49,
8.21,109.86,238.17,1.67,57.68,157.54,0.38,22.37,0.31,1.0
6.61,177.9,344.43,0.74,39.41,177.79,0.12,,0.21,1.0
6.91,121.96,204.25,1.71,22.15,125.54,0.83,21.72,0.29,1.0
8.11,298.68,551.15,2.43,105.92,412.31,0.17,29.83,0.31,1.0
7.43,98.05,121.08,2.33,40.31,74.09,2.67,35.74,0.08,1.0
5.96,121.92,262.63,2.25,52.34,192.77,0.56,28.17,0.1,
8.8,138.55,212.05,,81.83,166.67,2.52,,0.94,1.0
6.98,348.63,589.4,2.05,,387.49,0.23,17.61,0.09,1.0
7.08,214.33,339.31,2.61,49.1,203.72,1.18,25.23,0.55,1.0
7.6,280.83,506.37,1.99,81.7,280.43,1.04,35.44,0.27,1.0
7.9,10.0,10.0,3.14,46.35,20.18,0.51,54.68,1.72,1.0
8.97,216.85,353.41,1.9,,213.42,2.29,24.58,0.03,1.0
6.07,296.86,477.93,2.4,30.7,314.18,0.57,36.23,0.89,1.0
8.06,189.66,316.46,1.0,57.56,180.7,0.22,10.46,0.34,1.0
7.99,393.13,513.1,2.59,,328.21,3.77,49.77,,1.0
7.29,68.39,196.54,2.79,,128.43,0.58,39.77,0.15,1.0
8.03,345.91,581.87,1.29,128.94,383.59,0.23,14.31,0.26,1.0
8.15,377.19,759.78,0.57,69.38,471.56,0.45,18.22,0.19,1.0
6.29,155.06,227.43,1.55,109.34,171.77,0.95,15.5,6.58,
8.8,70.78,210.9,1.0,84.65,125.15,0.72,16.59,1.24,1.0
6.15,340.49,590.68,2.6,65.76,350.45,1.01,28.5,0.22,1.0
6.49,350.95,615.91,1.51,37.64,398.16,1.08,29.31,0.27,1.0
7.19,131.3,195.43,2.72,65.25,127.72,0.13,48.93,0.72,1.0
8.94,101.94,215.96,0.44,108.0,143.59,0.38,,0.79,1.0
7.15,116.42,243.64,1.17,83.02,185.61,1.38,3.13,0.04,1.0
7.37,90.46,31.11,1.24,56.67,15.49,1.05,21.43,0.61,1.0
8.55,83.99,116.27,2.28,43.11,73.18,0.09,53.54,0.33,1.0
7.16,31.45,99.17,,69.93,42.4,0.38,8.84,0.07,1.0
6.46,75.32,146.44,1.73,28.72,111.6,2.68,23.76,0.15,1.0
7.07,258.11,293.06,1.64,69.94,194.18,1.98,15.99,0.02,1.0
8.5,196.35,346.84,2.36,22.08,217.05,1.11,23.26,0.22,1.0
7.46,331.6,610.1,2.05,35.84,358.47,0.08,37.93,0.15,1.0
8.94,25.95,100.33,1.05,8.89,94.1,0.93,24.91,0.24,1.0
7.99,270.66,496.86,,32.41,298.41,0.01,,13.88,
6.88,124.6,257.2,1.23,22.65,155.36,1.08,15.97,0.66,1.0
7.44,110.08,290.11,0.73,117.68,195.74,1.31,11.47,0.46,1.0
6.72,204.77,434.96,0.79,14.22,258.8,0.69,30.0,14.83,
6.87,10.0,75.46,1.27,65.39,19.18,,19.63,1.0,1.0
10.98,255.47,376.48,2.82,12.12,202.23,1.1,32.46,1.04,
8.21,180.91,333.29,0.73,51.88,231.06,1.71,,16.37,
8.09,228.74,398.49,0.15,61.6,248.11,0.88,,18.56,1.0
6.9,278.2,357.83,1.42,,291.14,1.24,33.95,0.14,1.0
8.66,539.39,791.06,1.72,,494.3,0.09,30.96,0.35,1.0
8.28,89.36,172.45,1.65,11.81,93.66,1.26,21.37,0.22,1.0
8.91,84.74,193.8,1.34,,114.66,0.95,,0.07,1.0
8.87,62.0,175.37,1.76,53.36,118.85,0.4,17.8,0.17,1.0
6.22,147.98,188.9,2.22,59.7,113.38,1.16,36.67,1.85,1.0
6.51,93.28,172.52,1.13,7.48,124.39,1.04,20.44,0.21,1.0
6.6,303.36,537.8,3.0,54.97,330.0,0.91,48.47,0.27,1.0
6.64,309.78,584.1,1.82,33.04,352.03,0.2,13.78,,1.0
7.66,73.03,185.85,2.98,46.02,84.84,0.35,46.46,0.64,1.0
6.95,96.12,133.53,2.26,24.86,42.32,4.75,24.19,0.27,1.0
9.06,170.8,394.28,0.74,69.51,245.92,0.57,11.12,0.05,
8.92,163.48,189.56,0.05,115.4,117.19,0.06,,1.73,1.0
3.72,229.26,426.59,3.06,80.97,264.65,2.29,56.68,0.75,
3.52,196.87,340.58,1.09,105.74,246.25,0.19,19.69,0.65,
8.59,10.0,10.0,1.9,,31.06,0.52,27.11,1.58,1.0
7.04,365.08,609.5,1.4,22.97,389.48,0.33,34.76,0.26,1.0
5.79,379.09,659.18,3.34,72.61,392.59,3.32,46.41,0.63,
7.23,103.96,177.44,1.93,110.33,104.0,0.47,14.73,0.12,1.0
6.88,207.06,222.46,0.62,76.02,132.6,1.23,19.85,16.49,
7.57,223.19,357.17,1.74,8.95,219.02,0.91,28.56,0.01,1.0
7.47,180.4,366.89,3.12,32.61,224.53,0.04,43.68,0.07,1.0
7.45,223.46,431.71,1.13,63.34,267.54,0.49,10.51,0.28,1.0
7.82,450.98,702.04,0.44,43.41,448.6,0.49,11.68,0.01,1.0
6.43,223.7,264.61,2.73,18.05,159.29,4.59,49.09,0.31,1.0
7.73,98.3,140.34,1.02,38.39,95.39,1.67,7.65,0.37,1.0
7.05,48.92,24.14,0.3,49.42,22.9,1.94,10.15,0.49,1.0
7.56,122.78,153.81,1.05,6.6,81.77,0.38,18.33,0.05,1.0
8.17,246.98,293.37,2.22,89.38,216.11,0.4,25.04,0.1,1.0
6.42,297.87,658.91,2.39,32.42,408.69,0.72,35.84,0.48,1.0
7.17,151.25,196.48,2.34,47.1,95.35,1.0,29.69,0.54,1.0
7.31,256.04,344.76,0.92,91.4,231.71,1.3,26.23,0.01,1.0
4.91,111.09,296.72,2.85,45.0,176.52,1.72,36.21,0.39,
8.12,278.32,537.68,2.68,89.21,355.92,2.07,55.34,0.77,1.0
6.82,440.69,805.39,2.43,8.83,475.43,0.02,37.8,0.04,1.0
6.96,79.86,193.83,0.9,67.32,153.84,1.59,,0.27,1.0
5.34,97.18,202.11,1.35,83.57,144.82,0.94,,0.2,
8.27,317.43,508.83,2.28,16.81,300.73,0.76,32.14,1.22,1.0
7.01,305.11,436.38,2.55,42.87,254.07,0.99,51.53,0.1,1.0
7.77,455.67,669.34,0.95,43.69,468.52,2.14,26.62,0.19,1.0
8.98,208.18,416.79,3.72,58.39,256.16,0.79,57.43,1.14,1.0
7.34,94.65,228.14,1.83,68.99,131.61,0.18,20.09,0.2,1.0
8.29,316.67,418.13,2.92,13.55,226.46,0.57,39.58,0.38,1.0
8.74,345.38,521.74,0.73,47.6,332.12,2.58,12.98,0.02,1.0
8.22,282.6,464.1,2.18,113.65,297.11,1.68,43.5,8.54,
7.39,264.54,401.45,0.7,92.16,275.26,0.23,16.25,0.87,1.0
7.91,306.51,513.33,2.12,81.75,305.69,1.25,41.5,0.5,1.0
6.37,346.54,533.86,2.43,42.29,316.6,0.3,42.92,0.03,1.0
6.78,329.06,576.43,2.49,135.15,383.7,0.43,46.71,8.53,
6.92,271.29,429.74,1.23,91.19,299.47,0.63,,0.39,1.0
9.19,84.42,266.58,0.15,51.5,141.85,0.58,,0.17,
6.75,163.22,329.34,2.29,58.82,235.7,0.03,23.34,0.49,1.0
6.74,290.93,541.3,1.57,31.65,352.6,1.49,11.57,0.46,1.0
6.56,63.25,136.61,1.57,65.73,110.63,1.87,23.62,0.91,1.0
7.85,177.92,373.73,1.05,73.72,241.52,0.76,1.25,0.17,1.0
7.51,106.12,221.33,1.92,78.1,93.42,0.19,19.31,0.43,1.0
8.27,107.73,305.75,1.97,42.77,195.7,0.28,28.49,0.75,1.0
3.13,360.85,555.69,3.03,,382.4,0.14,29.34,0.34,
6.3,198.81,338.22,,59.67,201.97,0.19,,0.89,1.0
6.75,100.31,309.29,0.65,78.27,193.28,2.09,16.1,0.07,1.0
8.49,10.0,28.03,2.43,10.86,14.7,0.65,24.19,0.66,1.0
7.24,286.38,449.25,,46.37,234.02,0.12,7.96,1.43,1.0
8.35,230.31,429.1,1.25,103.66,312.34,0.29,10.65,0.2,1.0
7.28,404.74,732.65,4.34,1.86,458.2,2.99,67.89,0.23,
6.63,139.34,238.44,1.69,38.65,165.1,0.71,14.32,0.04,1.0
7.16,223.48,343.83,2.67,109.49,221.76,0.72,44.57,0.51,1.0
6.63,138.11,349.88,0.29,56.31,252.57,0.75,1.29,0.4,1.0
6.95,396.8,615.49,2.67,28.96,408.19,0.12,44.71,0.02,1.0
7.56,128.55,280.94,1.59,49.72,177.91,3.52,18.44,0.7,1.0
7.81,212.59,355.8,2.26,83.04,213.4,0.09,39.45,0.88,1.0
6.13,251.18,421.58,2.53,41.86,289.98,1.2,46.37,1.19,1.0
7.39,176.04,337.32,1.46,73.9,181.79,0.06,23.03,18.73,
6.93,75.24,210.71,2.46,59.4,149.88,0.59,32.06,0.3,1.0
6.88,189.01,338.82,0.85,62.68,198.25,2.3,10.4,1.04,1.0
7.51,390.1,514.73,2.02,76.46,359.62,1.46,17.72,0.25,1.0
6.96,10.0,94.7,2.49,38.21,64.78,0.41,39.38,0.53,1.0
8.51,280.57,326.59,1.43,12.22,225.17,0.8,27.69,16.85,
8.35,83.0,159.98,1.01,68.98,105.62,0.18,30.77,0.23,1.0
8.35,325.17,539.01,1.51,44.7,315.31,3.13,35.79,0.05,1.0
7.0,10.0,10.0,3.06,32.08,5.0,1.23,36.13,0.01,1.0
6.63,74.37,188.22,2.91,71.06,135.79,0.47,45.72,0.28,
7.47,200.12,375.44,2.73,101.09,247.37,0.38,39.63,0.33,1.0
7.28,315.58,613.1,3.51,43.82,422.14,0.27,64.8,0.86,
6.91,161.66,286.85,2.01,50.34,194.52,1.54,23.0,0.27,1.0
6.46,93.03,188.96,2.18,2.73,103.49,0.57,41.42,0.17,1.0
7.37,498.28,676.23,0.01,41.09,423.63,0.4,,0.31,1.0
7.08,10.0,10.4,1.09,58.85,8.82,2.36,15.29,0.14,1.0
3.33,11.13,10.0,2.51,49.18,5.0,0.16,28.83,0.05,
7.93,245.19,388.0,2.87,35.51,285.67,0.31,23.37,16.73,
8.28,66.24,199.59,0.71,79.03,138.57,0.42,1.56,0.19,1.0
6.39,91.79,95.75,1.91,52.32,86.78,0.3,26.03,0.01,1.0
7.72,245.09,441.67,4.16,153.55,255.47,0.88,76.65,0.12,1.0
4.61,84.64,348.76,1.91,58.31,251.59,0.92,17.81,0.77,
6.42,145.3,187.18,3.44,,166.3,0.06,45.62,0.13,1.0
7.06,10.0,43.94,2.35,5.52,5.0,0.16,20.81,0.06,1.0
5.01,232.31,474.49,2.56,71.28,323.85,0.22,49.97,1.49,
7.1,292.42,430.04,1.09,24.27,279.55,0.07,11.75,0.49,1.0
8.65,150.74,280.16,0.39,26.75,151.22,0.13,2.48,0.03,1.0
7.84,447.49,669.33,2.72,0.43,444.92,0.27,37.36,0.03,1.0
7.08,112.1,85.98,2.31,30.93,72.56,0.42,15.1,0.47,1.0
8.33,10.0,10.0,2.06,57.76,5.0,1.57,16.24,0.39,1.0
7.76,136.63,161.62,0.67,65.43,128.37,0.25,0.58,0.04,1.0
6.65,136.76,290.88,1.64,9.2,155.74,1.11,30.81,0.13,1.0
8.89,320.86,348.67,1.38,82.22,196.74,0.06,,1.32,1.0
7.61,116.4,251.75,1.48,2.35,166.37,1.07,27.63,0.42,1.0
7.42,273.55,370.41,2.23,67.52,241.27,1.58,36.86,0.29,1.0
6.72,72.0,49.69,2.71,63.48,17.97,0.93,22.44,0.14,1.0
8.34,369.06,588.75,2.29,12.63,398.88,0.22,31.12,0.07,1.0
7.81,136.61,283.57,2.19,7.87,194.94,0.4,44.56,0.26,1.0
7.9,306.51,523.46,2.11,65.29,357.41,1.64,21.0,1.28,1.0
6.99,113.45,368.55,1.83,27.6,237.09,0.57,21.86,0.02,1.0
8.07,246.03,391.35,1.17,42.38,266.43,0.29,45.15,2.35,1.0
8.13,265.85,413.95,2.05,77.49,260.16,2.7,33.96,0.12,1.0
6.86,240.4,389.54,2.75,69.17,294.28,1.01,38.63,0.26,1.0
6.27,108.46,428.54,1.88,13.36,262.3,1.64,23.5,0.02,1.0
7.87,276.22,565.83,1.08,47.86,409.9,0.02,19.93,0.44,1.0
6.14,166.18,339.3,0.8,12.61,221.25,0.41,18.91,0.33,1.0
7.52,279.66,441.8,1.05,84.8,259.66,0.61,,0.55,1.0
7.04,183.7,282.05,0.86,111.46,210.7,0.89,,0.39,1.0
8.37,344.3,588.02,4.89,16.2,384.73,0.21,63.39,0.25,
7.09,130.6,164.72,1.12,48.75,124.09,0.69,15.3,0.67,1.0
8.29,344.8,660.19,1.96,86.7,453.6,1.16,30.18,0.01,1.0
6.99,205.69,291.97,1.91,50.97,196.54,0.42,11.66,0.39,1.0
8.2,32.04,13.84,3.41,72.46,5.0,1.18,49.15,0.06,1.0
9.05,214.25,325.62,2.43,52.06,231.17,0.49,35.72,0.29,
6.55,89.17,163.79,2.42,7.73,106.48,0.63,27.87,0.78,1.0
7.63,372.41,468.13,2.17,54.76,318.0,0.14,27.27,0.08,1.0
9.6,126.34,169.48,2.28,95.09,67.08,1.05,26.86,1.37,
7.45,78.04,210.76,2.32,62.57,145.94,0.25,39.48,1.1,1.0
7.45,18.42,10.0,1.37,114.95,5.0,1.77,20.66,0.27,1.0
8.03,163.35,209.54,1.08,,169.27,0.81,4.82,,1.0
7.43,10.0,10.0,2.06,65.16,18.96,0.82,40.43,0.78,1.0
6.03,60.46,10.0,1.46,24.08,11.3,2.44,8.27,1.06,1.0
8.31,290.35,452.08,2.18,14.97,303.58,0.18,15.64,0.1,1.0
5.8,157.17,457.16,0.92,103.38,277.19,0.76,11.36,1.24,
7.07,246.04,385.09,0.53,39.8,282.77,0.48,5.39,1.23,1.0
8.37,43.66,106.6,0.72,35.94,109.12,3.39,11.54,0.32,1.0
7.11,201.13,290.46,1.93,63.74,196.66,1.57,17.08,0.8,1.0
6.85,226.78,299.28,0.38,,226.34,1.42,14.7,0.29,1.0
8.1,50.75,68.33,3.95,104.19,33.03,0.23,76.39,0.42,1.0
6.72,443.67,600.68,3.95,126.18,374.5,0.27,59.07,0.19,1.0
6.42,276.35,475.47,2.89,86.6,309.88,0.03,46.44,0.09,1.0
7.62,184.73,255.81,1.63,66.48,174.97,1.02,3.31,0.69,1.0
7.25,223.47,305.38,1.52,41.34,190.62,0.46,18.4,,1.0
6.41,200.14,341.68,2.3,6.99,232.85,0.37,27.49,0.43,1.0
7.91,44.94,10.0,2.6,97.76,12.63,1.01,30.37,15.8,
7.77,120.61,250.56,2.3,86.65,142.9,1.76,27.87,9.01,
7.11,77.03,163.6,0.69,68.0,116.72,0.14,4.77,0.2,1.0
7.17,10.0,99.68,1.81,63.35,82.06,2.51,12.6,17.71,
7.78,158.34,243.78,2.53,62.02,161.89,0.03,33.13,0.14,1.0
8.35,411.98,659.54,,28.96,451.75,0.1,,0.94,1.0
7.17,315.86,428.17,0.89,150.05,253.96,1.82,21.3,0.23,1.0
7.92,151.02,185.76,2.53,38.58,130.11,0.68,41.19,0.44,1.0
7.85,234.47,414.52,1.69,32.93,246.03,2.8,28.63,0.13,1.0
8.1,289.01,579.87,1.69,94.82,354.63,0.62,35.1,0.02,1.0
7.43,312.6,484.93,3.11,48.83,302.58,2.61,38.36,7.14,
6.67,242.69,311.93,1.95,49.24,183.91,0.27,31.89,0.02,1.0
7.03,140.13,170.61,1.53,106.58,99.94,0.96,33.6,0.32,1.0
4.98,318.01,439.64,1.69,77.14,281.49,5.2,16.41,0.44,
8.85,216.62,378.7,1.72,79.18,262.9,0.47,5.57,0.02,1.0
7.01,264.09,479.04,1.17,,304.95,,10.57,0.05,1.0
8.04,219.38,427.03,1.78,66.02,245.86,0.07,36.23,0.33,1.0
7.14,303.15,509.91,0.86,9.78,354.24,1.96,3.37,10.25,
7.49,111.84,192.95,1.67,31.8,108.68,0.68,20.35,10.2,
8.61,348.42,563.48,1.48,57.03,365.09,0.77,14.46,0.06,1.0
8.01,197.25,339.52,2.23,48.55,229.62,1.61,31.57,1.09,1.0
6.41,422.35,715.05,3.51,76.17,468.78,1.67,42.23,1.25,1.0
6.94,58.46,162.16,2.26,80.83,127.29,0.65,19.06,0.2,1.0
4.8,435.4,647.19,2.1,83.83,430.26,1.95,27.14,0.48,
7.51,207.58,339.58,2.23,,203.5,0.63,30.8,0.34,1.0
5.22,93.11,169.72,1.14,144.51,153.89,1.12,28.22,1.42,
6.74,84.56,203.22,2.7,49.02,135.98,0.03,41.19,0.36,1.0
7.96,74.96,235.93,2.41,98.52,150.41,0.15,24.38,1.61,1.0
8.2,296.3,384.83,1.96,,269.42,1.91,22.01,0.11,1.0
7.41,270.47,404.57,2.35,39.39,267.96,0.38,42.46,0.21,1.0
9.38,29.96,185.26,2.33,,128.4,0.41,30.68,0.76,
8.06,215.23,295.13,2.33,15.55,241.68,1.09,24.01,0.77,1.0
7.21,483.2,728.45,2.99,52.02,467.99,0.9,45.74,0.66,1.0
6.75,393.52,645.51,1.24,36.61,413.23,0.09,10.73,0.98,
6.62,312.26,387.26,3.31,102.56,254.05,1.45,54.45,0.61,1.0
7.67,195.4,307.6,0.4,120.76,221.37,0.96,9.59,0.51,1.0
7.01,123.56,324.01,2.66,11.33,180.47,1.93,28.45,0.31,1.0
8.74,271.88,422.7,2.17,30.49,235.45,0.77,50.37,0.31,1.0
8.57,69.51,95.44,1.04,8.76,50.29,0.53,14.33,0.26,1.0
7.91,118.95,248.52,3.03,96.24,128.86,0.46,18.8,0.48,1.0
6.46,34.68,10.0,0.19,56.36,5.0,,6.6,0.26,1.0
6.86,144.52,379.84,3.63,51.29,256.95,0.04,28.4,0.08,1.0
8.4,307.19,429.44,4.26,62.5,261.32,0.14,74.25,0.06,
6.95,78.11,203.36,1.84,37.55,103.65,2.65,28.12,1.29,1.0
8.3,319.63,614.8,0.97,15.74,401.01,2.13,13.12,0.01,1.0
7.78,27.22,54.85,1.42,52.04,52.9,0.69,20.49,0.06,1.0
7.44,27.65,10.0,2.98,39.32,5.0,0.2,49.64,0.29,1.0
3.54,215.13,344.89,1.68,63.88,240.58,0.16,19.51,0.15,
7.32,268.52,509.42,,,347.47,0.3,,0.26,1.0
7.55,356.77,636.79,2.38,57.45,432.99,2.39,36.09,0.06,1.0
8.23,68.28,208.22,2.89,22.43,159.71,0.74,13.75,0.07,1.0
6.69,298.21,515.74,2.51,56.05,379.27,1.63,42.81,0.81,
7.19,229.13,292.3,2.67,86.2,182.87,0.71,46.88,0.71,1.0
7.44,159.07,265.47,3.6,27.75,174.75,0.94,57.74,0.06,1.0
7.93,329.01,476.73,1.79,97.87,301.55,0.94,29.8,0.55,1.0
6.67,331.05,430.46,3.72,,279.84,0.03,70.89,0.47,1.0
6.35,10.0,10.0,1.85,111.75,37.16,0.59,26.39,0.62,1.0
7.94,347.86,595.31,3.13,99.54,360.05,2.0,45.95,0.32,1.0
6.19,454.17,576.02,1.86,14.54,357.19,0.67,20.49,0.16,1.0
8.43,177.15,174.89,4.04,14.87,141.22,0.57,40.59,0.54,
7.28,143.88,379.16,2.65,,266.86,0.75,43.45,0.23,1.0
6.16,258.64,398.81,1.9,86.86,251.96,0.48,22.27,0.12,1.0
3.27,211.31,352.13,0.8,36.78,245.98,0.72,,0.26,
7.7,155.29,189.94,2.21,33.85,130.28,0.15,31.49,13.4,
6.97,62.16,165.68,1.18,5.09,137.69,3.44,15.83,0.32,1.0
7.42,134.95,294.89,2.44,122.48,193.17,0.03,33.46,0.18,1.0
7.99,286.92,534.55,2.66,11.09,367.97,0.66,40.39,0.89,1.0
7.24,216.64,408.72,3.04,50.97,318.51,0.24,29.15,1.07,1.0
6.65,176.29,225.88,2.54,58.64,158.78,0.06,47.14,0.28,1.0
7.16,213.54,454.34,2.08,34.05,296.31,1.05,34.69,0.23,
8.53,10.0,10.0,3.32,25.96,20.95,4.21,61.45,0.47,1.0
8.75,228.4,529.75,3.44,35.23,337.03,1.38,45.21,0.03,1.0
5.78,56.36,10.0,0.95,72.61,54.26,0.29,17.66,0.59,
8.27,200.06,227.51,3.76,36.12,151.48,0.68,36.89,11.95,
7.6,29.29,76.07,3.23,115.02,43.98,0.05,39.25,11.9,
8.14,10.0,41.06,1.15,18.92,9.98,0.76,2.63,0.1,1.0
6.96,341.96,532.17,0.12,80.16,367.85,0.1,3.56,0.01,1.0
5.99,197.6,206.46,3.2,,151.54,1.58,36.17,0.51,
7.87,242.01,369.3,2.21,18.92,230.1,0.06,27.87,0.16,1.0
4.54,139.49,290.62,1.54,17.35,200.43,0.01,22.28,0.31,
5.06,156.3,395.41,2.31,5.84,226.84,1.98,29.78,0.24,
6.35,133.46,315.36,3.19,61.34,208.69,2.86,33.78,0.1,1.0
7.88,29.7,43.4,,45.59,37.27,0.09,15.61,0.36,1.0
7.51,266.79,499.25,2.13,,358.66,0.33,32.2,0.31,1.0
8.03,130.5,201.25,2.06,129.82,115.4,1.35,46.56,0.49,1.0
7.94,10.0,10.0,3.5,57.04,5.0,0.78,41.28,0.15,1.0
7.06,75.72,214.38,2.83,50.05,121.44,2.98,37.82,0.12,1.0
7.34,301.24,600.15,2.82,102.4,363.37,0.49,42.31,0.84,1.0
6.99,360.14,470.04,1.56,89.55,332.26,,37.82,0.61,1.0
7.23,182.61,230.27,2.67,38.07,180.65,0.02,55.67,13.3,1.0
6.63,224.61,230.15,1.51,,156.0,0.83,17.53,0.07,1.0
7.71,168.4,235.67,1.89,72.58,177.61,1.39,20.22,0.13,1.0
8.26,407.71,715.35,2.57,11.49,467.66,1.56,37.7,0.43,1.0
6.75,292.0,376.39,2.09,99.57,242.75,2.42,42.43,0.97,1.0
8.43,229.95,386.01,2.32,18.95,244.24,0.26,35.25,1.11,1.0
7.49,314.68,506.06,3.31,31.93,322.73,1.34,52.03,0.89,1.0
7.59,206.51,347.76,1.64,,195.09,1.76,35.59,0.02,1.0
4.46,10.0,248.19,0.96,,166.61,1.81,23.88,0.86,
5.95,236.67,260.73,1.09,45.64,168.67,0.53,26.23,1.15,
7.52,195.96,285.68,0.88,41.91,200.6,0.98,19.35,0.03,1.0
8.03,192.02,292.56,3.61,30.96,192.03,0.8,67.63,0.27,1.0
6.86,264.23,445.53,2.65,132.12,286.34,0.91,27.66,0.38,1.0
5.41,194.4,310.39,3.07,74.15,184.33,0.33,68.55,11.23,
7.99,238.05,446.53,2.89,50.41,291.69,1.15,53.97,0.36,1.0
6.67,201.14,283.86,1.8,,199.27,1.24,25.42,1.09,1.0
7.42,124.08,315.73,3.63,83.03,182.36,0.22,65.55,8.75,
9.38,15.3,10.0,1.31,169.78,8.25,0.59,16.16,1.41,
6.41,318.04,483.27,4.01,42.48,318.78,0.55,64.93,0.33,
7.82,211.65,369.3,2.12,17.58,225.68,1.38,37.78,0.26,1.0
7.14,318.3,499.6,3.79,56.53,312.98,1.1,65.45,0.55,1.0
7.97,10.0,10.0,0.95,,11.11,0.65,9.67,0.27,1.0
8.41,382.31,717.67,1.57,68.48,443.82,1.06,32.36,0.02,1.0
7.09,175.09,272.08,0.4,110.01,183.85,0.3,1.54,0.64,1.0
8.3,346.91,521.64,3.04,23.16,321.16,0.26,52.94,0.16,1.0
9.18,10.0,92.02,2.25,24.45,81.07,0.27,33.62,0.03,
4.99,279.63,422.55,4.02,46.81,321.42,0.03,42.01,0.01,
8.03,26.43,89.32,1.52,29.95,40.84,1.17,15.37,1.34,1.0
6.93,95.51,175.25,3.34,,124.59,4.26,58.54,0.15,
7.42,342.71,682.81,2.08,34.59,429.29,0.37,28.16,0.3,1.0
7.26,114.54,261.86,1.91,26.52,191.03,2.66,40.73,1.5,1.0
8.04,254.4,343.49,1.71,104.66,197.96,0.93,13.53,0.32,1.0
4.75,286.05,474.01,1.15,96.21,317.72,0.25,24.28,0.04,
7.31,220.34,399.14,2.37,105.89,241.98,0.01,35.14,0.4,1.0
8.63,192.23,330.08,2.21,82.07,210.41,1.29,30.7,0.05,1.0
8.62,248.26,372.99,0.43,58.23,221.82,1.19,,0.05,1.0
8.08,490.43,780.68,,15.02,523.89,0.26,2.1,0.95,1.0
6.99,169.33,288.48,1.69,103.04,170.77,0.4,15.22,0.17,1.0
6.91,258.78,340.22,3.16,63.91,232.18,2.28,41.07,0.57,1.0
6.75,354.6,510.13,2.22,0.08,324.7,0.17,31.92,0.36,1.0
8.16,333.33,521.11,0.7,13.45,336.43,1.8,6.8,0.13,1.0
6.43,325.17,537.41,0.23,,352.27,0.19,13.67,0.36,1.0
7.94,289.51,427.75,3.15,,262.8,0.66,21.42,0.04,1.0
6.54,58.55,71.4,0.35,65.54,50.62,0.69,3.42,0.21,1.0
8.06,429.05,626.69,2.76,0.48,437.95,0.64,37.76,0.37,1.0
7.41,87.42,70.73,2.57,19.76,30.41,0.34,38.45,14.96,
8.47,165.4,360.53,3.63,51.55,257.78,0.29,49.08,0.54,1.0
8.31,35.19,149.14,1.37,42.48,126.91,1.32,30.8,0.03,1.0
8.55,137.24,287.17,2.94,21.46,170.34,0.32,41.51,0.33,1.0
8.57,268.26,365.75,3.4,110.76,208.64,0.94,52.33,0.63,1.0
7.51,139.75,364.27,0.66,,242.82,1.87,18.87,0.28,1.0
6.47,250.37,384.38,2.13,,238.9,1.81,32.52,1.04,1.0
6.56,391.77,622.74,1.96,68.31,442.15,0.18,16.7,0.5,1.0
5.73,292.56,390.71,0.94,24.95,254.66,1.06,9.78,16.86,
6.53,159.72,251.17,2.26,23.39,147.22,0.92,32.72,0.17,1.0
7.46,228.53,492.82,0.83,6.84,297.39,0.33,,12.18,
6.95,274.77,537.89,2.38,63.53,371.43,0.5,28.61,0.47,1.0
7.26,10.0,54.48,4.17,59.03,23.99,0.34,61.92,0.68,
7.79,224.79,419.48,1.8,54.76,273.54,0.77,47.06,1.16,1.0
7.16,255.0,440.23,1.91,26.68,305.27,1.63,32.29,0.4,1.0
6.5,86.02,240.49,3.42,19.96,146.63,2.1,52.83,0.99,1.0
7.36,418.62,575.14,3.26,43.48,372.92,1.28,65.8,0.39,1.0
6.68,95.73,269.99,1.38,88.66,175.16,0.66,26.61,0.46,1.0
3.15,262.37,325.12,2.69,112.73,224.99,3.17,47.61,14.74,
8.47,218.49,265.39,,94.45,184.32,0.83,,0.08,1.0
7.18,226.78,303.12,1.0,70.23,192.62,0.65,2.28,0.4,1.0
8.82,13.76,80.74,3.07,89.29,53.76,1.94,48.66,1.9,1.0
8.55,24.32,11.99,1.49,2.72,5.0,0.2,40.57,0.77,1.0
6.94,307.47,618.9,1.8,21.45,372.73,0.17,42.13,13.03,
6.51,123.91,130.61,1.08,70.98,90.05,1.53,22.71,0.52,1.0
7.36,57.33,101.72,0.92,45.27,103.96,2.04,6.86,0.21,1.0
8.32,10.0,10.0,,63.5,5.0,0.08,,0.09,1.0
7.01,42.14,172.21,1.64,89.18,96.47,1.44,16.33,5.88,
8.13,10.0,35.38,2.47,82.96,5.58,0.55,39.16,,1.0
8.37,325.11,628.4,2.25,6.36,422.95,1.22,28.99,0.56,1.0
6.78,356.82,501.96,1.17,50.47,335.25,0.14,27.54,0.84,1.0
6.86,77.28,162.37,0.57,13.17,102.37,3.61,,0.16,1.0
7.97,441.83,750.49,1.63,18.91,469.46,2.13,23.1,0.05,1.0
7.52,330.59,496.35,0.67,,324.48,0.52,2.4,0.2,1.0
6.85,231.3,235.03,1.23,55.34,121.48,2.24,28.4,11.35,
7.12,72.25,10.0,2.13,,9.37,2.25,37.36,0.3,1.0
7.34,406.3,758.19,1.13,65.77,510.25,0.62,8.62,0.15,1.0
6.15,10.0,22.09,3.29,104.34,5.0,2.94,57.84,0.21,1.0
8.01,123.98,10.0,0.95,71.21,5.0,3.77,,1.19,1.0
7.02,416.16,504.51,1.4,52.08,359.52,0.24,3.06,0.2,1.0
5.17,482.19,787.95,2.85,111.38,499.93,0.07,33.89,5.15,
7.38,282.59,576.85,2.69,63.1,397.67,0.4,20.53,0.49,1.0
6.81,295.83,412.78,2.52,15.49,265.23,0.67,36.62,14.93,
8.75,245.97,418.95,1.36,55.0,269.08,0.1,19.62,0.85,1.0
6.93,276.76,470.68,2.58,128.39,314.71,0.15,34.71,0.45,1.0
6.52,315.79,451.79,2.79,6.29,275.98,3.56,47.27,,1.0
7.81,230.46,356.24,2.44,,234.2,1.34,29.39,0.04,1.0
6.87,133.21,320.84,1.97,74.6,200.92,2.08,16.54,0.7,1.0
6.78,156.25,287.48,2.58,41.04,160.45,3.55,30.68,0.3,1.0
7.81,122.58,149.21,1.92,28.72,103.73,0.48,16.66,0.26,1.0
6.57,171.83,243.86,2.4,,153.25,1.16,29.94,0.08,1.0
6.23,19.1,10.0,2.07,,5.0,0.2,37.08,0.09,1.0
8.78,214.87,280.33,0.49,,158.01,0.8,,12.62,
7.86,43.28,102.28,1.42,114.6,98.31,0.24,17.85,0.88,1.0
7.19,56.5,79.28,4.08,49.65,69.07,0.17,70.78,0.41,
7.4,32.81,335.98,0.06,,237.67,0.1,11.66,0.17,1.0
7.8,324.56,578.4,3.55,97.36,369.85,0.87,46.46,1.35,1.0
8.18,328.39,483.66,2.63,99.39,279.8,2.99,61.52,0.49,1.0
6.8,10.0,10.0,2.03,99.17,45.56,0.13,20.0,0.8,1.0
7.69,37.93,102.07,0.32,33.1,65.13,0.7,2.51,,1.0
6.99,240.82,488.15,2.0,39.25,302.32,1.16,18.28,6.9,
7.25,112.27,103.5,1.25,55.51,75.61,0.68,23.14,1.02,1.0
7.53,180.47,255.07,3.19,106.04,189.14,2.43,75.85,0.21,1.0
7.39,287.28,410.01,1.33,27.8,266.05,0.18,38.44,0.65,1.0
7.99,10.0,106.33,1.72,19.82,94.69,0.02,34.33,0.54,1.0
7.79,184.62,321.08,2.25,77.83,230.36,0.48,27.62,0.08,1.0
6.19,10.0,33.19,1.36,98.37,5.0,0.81,18.65,0.75,1.0
6.31,93.81,179.73,2.96,47.89,103.35,0.29,55.54,0.06,1.0
7.1,187.57,363.96,1.7,76.82,255.72,0.18,33.06,0.65,1.0
8.86,10.0,10.0,0.12,54.5,5.0,1.63,2.62,2.35,1.0
6.72,275.34,388.09,2.15,39.95,249.27,0.21,33.68,1.58,1.0
7.23,82.0,296.07,2.81,16.83,163.83,0.58,52.67,0.81,1.0
6.97,335.16,410.5,3.44,3.85,257.29,3.09,64.6,0.38,1.0
6.96,231.06,344.78,2.55,25.41,218.13,0.95,23.28,0.56,1.0
7.54,341.58,572.83,3.15,10.96,365.17,0.69,49.57,13.13,1.0
3.27,240.37,325.04,2.49,61.34,200.23,0.45,43.14,,
7.76,55.88,214.12,1.04,98.7,117.23,0.73,10.29,0.05,1.0
6.76,161.44,324.46,1.22,58.16,256.74,1.33,31.07,18.48,
9.6,239.14,408.66,,13.17,302.98,1.73,,,
7.46,254.14,309.77,1.78,84.22,178.11,1.05,39.82,10.11,
6.94,182.55,308.12,2.65,61.88,231.92,1.56,36.11,0.34,1.0
8.53,118.26,159.6,0.42,69.79,95.75,0.09,8.93,0.15,1.0
7.02,70.97,167.42,3.29,29.23,111.41,0.01,51.78,0.25,1.0
8.73,36.03,19.48,1.9,95.34,11.4,1.33,45.08,0.95,1.0
6.7,473.81,649.92,1.1,95.13,409.25,0.3,23.96,1.31,1.0
8.54,80.51,51.23,0.42,42.64,52.97,2.1,1.68,0.06,1.0
7.56,92.78,161.42,3.66,78.74,107.44,0.77,52.19,0.75,1.0
8.43,127.57,156.32,3.18,94.06,92.08,0.65,44.97,0.43,1.0
8.92,316.27,478.98,1.6,31.39,285.25,1.48,24.13,0.44,1.0
6.49,169.94,241.01,2.93,46.75,138.78,1.35,34.49,0.76,1.0
8.42,385.33,549.55,1.79,53.19,324.38,1.22,26.04,0.13,1.0
6.27,154.41,165.3,1.4,6.09,107.69,1.17,34.61,0.38,1.0
6.56,207.12,355.8,1.35,67.67,207.34,0.72,33.44,0.19,1.0
6.76,111.85,132.93,1.77,90.9,81.09,2.61,10.87,0.05,1.0
7.8,418.26,729.03,1.6,44.24,501.27,2.21,6.79,0.06,1.0
7.43,10.0,62.48,2.06,63.59,64.6,0.4,24.99,0.07,1.0
7.27,203.7,361.96,3.61,105.94,234.63,1.63,36.33,0.48,1.0
7.52,252.24,426.76,4.28,33.79,275.65,2.22,51.54,19.74,
7.87,146.58,382.76,0.8,64.41,286.39,0.96,15.47,0.42,1.0
7.93,200.78,262.94,2.46,27.21,181.33,0.81,36.51,0.44,1.0
8.28,26.06,274.04,2.21,26.12,171.57,1.11,15.94,1.17,1.0
8.86,321.0,308.76,2.53,63.68,172.18,0.18,49.66,0.49,1.0
7.38,237.45,270.6,1.55,59.65,183.77,0.09,19.03,2.12,1.0
4.96,282.62,492.78,2.54,72.2,336.89,1.72,32.98,0.02,
7.89,445.73,742.1,0.62,53.05,469.73,0.85,19.47,0.61,1.0
6.48,128.25,188.5,5.38,68.61,128.35,0.13,84.84,0.01,
6.86,10.0,26.04,2.29,116.62,9.65,0.54,33.93,0.65,1.0
8.2,179.04,282.34,2.73,92.4,179.84,0.35,36.0,0.24,1.0
7.3,482.37,815.94,0.88,63.54,480.61,2.08,18.92,0.47,1.0
6.43,78.85,139.27,1.3,70.2,86.09,0.71,15.24,0.19,1.0
6.21,385.77,627.82,0.53,38.04,427.47,0.86,5.69,0.09,1.0
7.44,315.65,635.54,3.46,43.63,400.47,0.27,40.08,0.64,1.0
8.31,115.55,189.28,0.89,69.7,124.08,1.6,24.78,1.17,1.0
8.3,256.45,413.8,1.81,53.51,253.85,2.66,42.69,0.1,1.0
7.49,381.85,625.68,1.86,81.72,413.9,1.57,29.95,1.27,1.0
9.01,123.71,224.17,2.47,100.68,141.38,0.68,32.24,0.08,
7.32,212.46,259.28,0.71,45.93,149.75,1.8,19.97,0.67,1.0
7.29,92.52,183.66,2.86,,146.03,0.21,48.78,1.6,1.0
5.35,69.6,97.05,3.24,131.37,81.66,0.12,44.24,0.08,
7.04,166.95,170.14,1.34,23.9,98.5,0.58,31.61,0.29,1.0
8.08,29.16,55.21,1.96,57.81,45.84,0.2,25.21,0.21,1.0
8.65,194.81,306.82,2.63,79.1,210.18,0.3,26.54,0.25,1.0
6.74,82.78,146.01,2.26,106.36,107.75,0.88,33.18,19.39,
7.77,269.92,346.76,1.0,122.24,191.51,0.52,25.85,0.54,1.0
8.24,10.0,10.0,2.7,35.45,26.63,2.01,41.55,1.73,1.0
7.41,283.87,366.18,3.51,97.59,226.62,0.26,40.96,0.1,1.0
5.57,274.84,466.71,3.51,57.92,296.2,5.74,48.61,0.39,
7.6,10.0,10.0,2.58,159.73,59.26,0.45,50.59,16.78,
8.01,258.86,374.81,2.77,94.02,249.66,0.72,44.23,1.26,1.0
6.64,312.09,545.53,1.61,42.9,346.87,0.14,23.97,0.01,1.0
7.2,65.87,58.07,1.08,18.28,5.0,0.87,14.94,2.26,1.0
6.48,244.24,634.51,1.93,,440.23,3.25,39.77,0.33,1.0
5.34,230.54,383.8,4.26,76.99,222.57,1.38,74.11,0.49,
8.22,72.42,159.0,1.47,90.34,83.28,0.28,8.02,0.22,1.0
7.4,120.14,288.85,2.43,79.82,181.12,0.58,45.92,17.21,
8.68,219.34,411.67,2.38,,295.91,0.55,40.83,0.41,1.0
3.5,160.44,315.2,1.63,,220.35,0.1,40.32,0.54,
7.12,242.25,407.75,3.48,69.23,261.88,2.17,51.56,0.52,1.0
7.33,10.0,115.87,3.59,121.42,81.48,0.48,65.18,0.23,1.0
7.85,216.14,333.87,4.67,47.78,205.01,0.68,74.7,11.16,
8.17,78.66,17.26,1.2,93.66,14.01,0.34,6.88,0.82,1.0
7.66,180.7,277.75,2.41,8.62,182.01,0.17,46.31,0.17,1.0
8.28,111.98,119.22,2.09,58.29,96.87,2.32,39.42,0.95,1.0
3.07,146.46,152.89,1.31,39.01,118.72,0.04,13.2,0.47,
6.6,390.16,547.22,1.33,97.5,365.57,0.51,22.9,0.22,1.0
7.35,404.46,518.26,2.17,28.41,329.62,1.31,53.58,0.45,1.0
7.56,228.14,421.83,1.53,117.08,289.02,0.37,18.17,0.52,1.0
6.44,13.0,81.54,1.02,37.69,51.16,0.59,22.57,0.61,1.0
6.33,181.2,236.72,2.12,7.21,132.23,0.83,20.9,0.86,1.0
7.76,360.99,542.62,0.89,8.55,344.64,5.31,7.7,0.09,1.0
7.07,235.79,328.34,1.53,25.1,215.11,1.42,31.11,1.44,1.0
7.27,552.78,763.87,2.36,64.82,514.72,3.41,37.99,0.26,1.0
7.11,227.77,378.66,1.86,25.6,242.46,1.18,25.96,0.98,1.0
8.62,224.35,338.41,1.74,17.18,195.78,0.31,43.16,0.12,1.0
8.41,93.89,238.18,3.81,85.59,155.95,0.34,47.91,0.01,1.0
6.41,302.79,326.71,3.4,,214.63,1.73,49.58,0.43,1.0
6.97,144.88,269.51,2.08,32.8,178.9,0.56,36.15,0.2,1.0
8.08,249.56,441.62,0.99,,305.45,0.46,6.07,2.08,1.0
7.88,277.47,491.34,2.81,15.26,339.75,2.9,47.25,0.06,1.0
7.37,53.44,142.8,4.53,59.75,80.94,0.01,78.64,0.02,
6.49,10.0,33.75,3.36,41.79,9.62,0.74,49.33,0.02,1.0
5.28,10.0,10.0,0.7,38.18,5.0,1.49,3.65,0.12,
6.99,172.67,401.6,1.8,97.58,275.02,1.33,23.91,0.43,1.0
7.62,10.0,79.33,1.27,49.46,80.54,0.46,,0.35,1.0
8.76,103.45,10.0,1.07,122.24,5.0,0.77,26.17,0.22,1.0
6.85,263.41,377.72,3.14,78.49,240.69,0.01,49.67,0.05,1.0
6.58,525.46,798.6,3.11,11.33,548.43,0.77,44.95,11.04,
7.31,238.13,298.79,3.78,127.36,204.32,0.89,39.96,0.1,1.0
8.23,372.33,467.7,2.68,61.12,312.73,2.08,51.27,0.68,1.0
6.24,101.25,316.37,1.96,124.87,181.82,0.24,24.95,0.76,1.0
8.56,106.64,280.22,2.19,39.36,195.72,1.74,38.47,0.75,1.0
7.26,250.1,483.82,1.09,60.89,295.9,1.27,16.3,1.74,1.0
6.81,121.68,241.95,3.37,67.28,134.58,1.1,34.4,1.08,1.0
5.23,197.06,353.48,1.26,43.28,222.83,0.5,31.57,0.34,
7.97,196.25,364.34,1.59,100.88,225.1,0.46,34.66,19.32,
3.55,110.79,166.38,1.7,127.3,103.72,1.21,33.08,10.49,
7.54,300.81,498.41,,,295.15,4.63,3.15,0.47,1.0
6.68,122.86,265.01,2.87,82.59,191.43,0.52,31.04,6.45,
7.14,10.0,148.85,1.05,14.22,119.31,2.51,24.47,0.42,1.0
7.01,194.74,407.3,2.69,,225.8,0.88,62.39,2.42,1.0
7.32,44.72,120.31,1.55,70.68,97.77,2.03,24.43,0.95,1.0
6.86,171.03,305.64,1.54,70.77,182.45,0.24,24.5,0.17,1.0
6.17,122.42,298.18,0.89,77.21,210.95,1.44,2.32,1.53,1.0
9.58,285.77,517.18,3.39,64.84,334.8,1.8,30.12,1.99,
6.31,180.41,394.94,3.61,85.0,257.29,1.78,50.58,7.29,
7.55,170.71,294.99,3.0,25.88,188.04,1.54,59.82,1.13,1.0
5.98,224.48,463.55,2.27,60.53,325.55,0.36,47.41,15.66,
4.95,304.38,578.04,2.14,77.93,350.94,0.74,31.38,0.02,
7.48,181.5,411.56,3.09,104.12,279.67,0.36,50.6,0.55,1.0
7.54,173.57,302.07,1.87,51.75,218.37,0.42,15.93,0.18,1.0
8.41,10.0,37.63,3.32,41.45,38.79,0.36,50.88,0.56,1.0
7.72,97.53,86.98,1.04,47.79,103.03,0.33,10.32,1.22,1.0
7.28,163.67,238.96,2.98,2.26,144.74,1.18,45.27,0.35,1.0
6.64,103.37,178.1,3.29,80.78,134.91,1.05,46.53,0.27,1.0
8.6,117.69,262.61,0.9,,168.57,0.23,10.6,1.27,1.0
8.14,205.82,311.33,1.16,65.64,227.03,1.18,27.38,1.83,1.0
6.4,278.1,405.94,1.96,53.38,263.71,0.34,48.97,0.03,1.0
7.43,178.67,285.9,2.42,,178.08,0.23,34.65,1.28,1.0
7.52,318.57,397.3,1.38,,284.37,1.38,34.92,10.74,
7.12,210.72,312.89,2.09,15.85,193.55,0.45,18.97,0.21,1.0
8.02,51.68,10.0,,36.24,5.0,0.84,,0.72,1.0
8.07,73.96,112.13,2.76,109.22,62.55,0.22,28.51,0.75,1.0
7.25,196.49,271.18,2.81,45.57,188.65,0.95,39.06,0.65,1.0
7.18,10.0,58.06,3.52,71.86,65.58,0.23,59.97,0.02,1.0
8.6,229.07,419.99,2.57,100.66,275.21,0.18,49.79,0.07,1.0
8.15,381.16,606.15,1.63,92.93,420.36,0.49,16.66,1.38,1.0
7.46,343.36,543.75,0.99,49.72,326.28,1.56,19.37,0.04,
6.1,179.77,257.31,1.19,21.78,158.39,0.19,30.1,0.04,1.0
7.68,413.91,598.15,1.91,69.95,383.02,0.12,39.54,0.9,1.0
7.96,126.59,329.73,1.15,22.58,212.04,0.03,19.89,0.51,1.0
5.2,90.83,232.58,1.23,122.59,152.86,0.54,12.58,0.22,
7.6,117.87,177.32,1.96,84.71,129.08,0.33,22.55,0.09,1.0
7.07,107.49,239.51,0.39,58.35,146.78,0.35,,1.08,1.0
7.22,302.31,222.36,1.01,70.51,147.32,4.01,14.82,2.23,1.0
6.67,226.24,334.08,2.22,57.13,216.25,0.22,25.04,0.03,1.0
7.28,195.35,332.11,2.27,35.27,197.36,0.61,40.78,0.4,
8.51,154.59,300.61,2.86,69.94,193.12,4.3,45.26,0.15,1.0
7.04,208.42,387.39,2.15,40.28,248.93,0.03,34.15,0.89,1.0
8.17,324.38,538.13,2.03,127.47,346.48,1.19,12.06,0.21,1.0
6.75,299.55,489.91,2.64,22.29,319.08,0.46,39.83,0.63,1.0
8.01,10.0,10.0,2.19,70.35,8.01,2.37,28.26,0.39,1.0
7.4,10.0,10.0,1.03,18.69,5.0,2.43,37.08,0.39,1.0
7.68,359.33,486.86,1.2,18.27,341.92,0.49,5.21,0.98,1.0
7.41,85.2,26.62,3.68,,5.0,0.25,53.09,0.32,1.0
7.91,165.63,255.05,5.22,66.46,151.36,0.56,82.09,0.93,
5.35,10.0,65.98,2.74,28.7,98.48,3.36,31.31,0.23,
6.26,32.93,10.0,0.99,93.34,5.0,0.33,34.16,0.1,1.0
7.73,322.69,408.29,3.9,66.53,238.32,3.98,77.97,0.3,1.0
5.77,339.59,451.83,1.57,55.93,308.38,1.71,14.96,7.99,
6.98,147.54,184.7,2.42,,78.51,0.31,30.46,0.33,
3.12,77.12,10.0,1.98,73.4,5.0,1.57,51.16,0.83,
6.74,117.12,190.75,2.19,23.51,166.9,0.05,46.74,0.42,1.0
6.85,258.42,378.36,1.56,,215.04,0.79,19.7,1.1,1.0
7.62,10.0,10.0,3.3,67.22,5.0,0.44,53.78,0.36,1.0
8.21,216.62,336.67,1.82,,188.85,0.56,13.37,0.13,1.0
6.63,244.64,296.94,2.61,,210.98,0.64,61.16,0.07,1.0
6.94,220.04,415.86,2.59,101.89,292.8,0.7,39.59,1.01,1.0
3.71,151.28,323.92,1.89,27.57,200.29,1.07,34.2,0.03,
5.46,68.11,105.39,0.5,,82.17,1.19,,0.06,
7.51,312.26,539.31,1.17,11.5,378.36,3.72,6.23,0.03,1.0
8.15,193.43,268.29,2.71,21.16,210.14,1.44,45.19,0.28,1.0
8.21,154.06,294.54,2.31,95.77,186.52,1.16,53.77,0.38,1.0
6.7,153.93,113.35,1.18,,27.65,0.5,12.37,0.01,1.0
6.4,62.32,211.34,2.04,,120.96,0.13,20.86,0.36,1.0
7.42,136.51,123.04,2.21,89.22,71.44,0.06,36.2,0.25,1.0
8.06,121.0,265.41,2.58,32.01,167.34,0.65,55.11,0.74,1.0
7.52,295.61,642.34,3.82,59.12,413.76,1.1,50.92,0.89,1.0
7.63,27.27,25.62,,30.36,39.03,1.05,,0.58,1.0
4.56,10.0,10.0,3.21,130.82,31.99,3.05,56.53,0.32,
6.81,301.06,594.23,2.22,,382.82,0.48,42.7,0.12,1.0
7.22,70.81,258.14,0.97,61.28,189.76,0.99,11.7,0.94,1.0
8.71,99.29,166.19,2.16,110.12,115.17,2.19,43.44,0.21,1.0
7.24,353.58,507.98,3.45,35.0,331.48,0.52,56.98,0.22,1.0
6.39,136.57,178.88,3.75,19.85,134.4,0.65,56.35,1.24,
6.86,401.96,665.2,0.98,80.68,433.83,2.56,23.71,17.21,
6.65,285.29,435.59,1.15,90.16,324.29,0.8,24.92,1.14,
7.69,120.09,202.42,0.71,18.0,102.8,1.61,0.13,3.17,1.0
6.68,367.39,731.46,2.23,108.49,465.15,2.74,48.33,1.02,1.0
7.62,36.27,178.86,2.28,52.05,113.73,0.85,37.69,0.61,1.0
6.81,258.89,448.42,2.99,70.35,300.26,0.12,58.57,0.17,1.0
5.7,207.88,359.86,2.44,109.53,259.27,1.72,37.14,1.53,
7.65,378.76,560.35,2.89,80.75,363.74,1.7,45.88,1.05,1.0
7.52,405.25,612.3,0.61,49.99,369.55,0.12,13.18,0.14,1.0
7.81,214.1,306.4,3.75,23.14,216.01,0.79,61.76,0.34,1.0
6.86,75.58,149.32,3.3,158.34,112.15,0.67,64.74,0.04,1.0
6.78,166.16,391.99,1.47,18.44,215.96,1.88,26.73,1.53,1.0
7.72,119.28,164.46,1.21,62.73,106.82,0.32,17.91,0.43,1.0
8.62,447.86,702.68,2.75,70.4,424.94,0.56,51.29,0.14,
7.41,76.96,327.31,0.44,72.29,199.46,0.93,10.88,0.17,1.0
7.74,94.44,226.94,1.26,135.12,129.45,0.73,48.53,1.97,1.0
7.14,167.61,336.94,0.97,51.9,235.19,3.1,17.5,0.48,1.0
6.17,24.26,30.57,1.9,46.2,22.21,3.24,40.92,0.27,1.0
8.17,23.24,105.68,1.56,112.09,42.98,0.09,32.16,0.35,1.0
8.13,322.14,540.08,1.21,44.56,368.66,0.35,,0.05,1.0
7.97,90.65,168.62,1.12,85.04,80.93,0.01,9.38,0.04,1.0
7.25,46.41,90.62,1.36,57.78,65.5,0.54,16.02,0.45,1.0
7.88,208.58,407.33,0.81,86.84,248.48,1.09,,0.36,1.0
8.12,290.34,537.14,2.54,79.02,341.83,0.64,34.19,0.22,1.0
8.7,212.26,443.79,3.13,33.88,298.55,0.07,33.18,0.42,1.0
8.19,318.53,499.21,2.4,,334.92,0.22,24.93,0.04,1.0
7.45,117.74,148.64,3.38,,123.36,0.19,53.16,1.44,1.0
6.35,10.0,15.64,1.16,,8.52,0.72,36.59,0.17,1.0
7.52,436.19,600.27,1.25,46.35,396.3,1.13,5.15,0.04,1.0
7.61,125.55,235.46,2.44,,144.3,0.38,24.48,0.09,1.0
7.97,226.41,249.83,2.57,43.6,166.03,0.14,33.26,12.33,
8.48,307.28,565.64,2.02,55.35,376.45,1.6,28.76,0.1,1.0
7.32,145.42,411.25,1.98,84.25,265.34,1.95,14.21,0.27,1.0
9.08,254.82,391.18,0.93,70.18,218.19,0.32,7.02,0.67,
5.99,452.23,733.0,,86.08,483.08,0.55,,0.16,
7.74,104.5,171.3,2.56,66.56,118.63,0.09,41.55,0.29,1.0
6.76,259.23,485.57,2.98,37.06,302.02,0.26,48.98,13.51,
5.87,185.11,311.4,1.56,45.76,176.72,1.46,21.93,0.18,
7.24,186.67,353.72,1.45,15.93,259.43,0.45,17.94,0.79,1.0
6.23,348.3,605.69,1.34,59.12,403.53,0.93,13.02,0.09,
7.27,283.02,401.57,1.62,,256.44,2.92,24.89,0.1,1.0
7.43,253.81,407.66,3.01,92.64,242.24,1.29,35.33,0.3,1.0
8.29,339.2,514.5,1.07,11.74,317.99,0.6,31.45,0.13,1.0
6.19,124.61,227.01,2.65,56.15,173.61,0.46,24.7,1.17,1.0
8.13,62.19,132.16,1.5,62.86,88.66,0.21,15.97,0.03,1.0
4.91,10.0,91.04,0.01,96.51,48.16,1.41,8.77,0.45,
8.22,10.0,10.0,1.66,,16.69,0.12,20.86,0.46,1.0
7.05,260.69,711.24,3.64,36.98,446.02,0.06,61.31,0.03,1.0
6.33,18.1,79.36,1.31,71.99,81.6,0.11,36.89,0.66,1.0
3.03,149.36,255.75,1.76,120.05,193.29,0.28,34.77,0.32,
6.37,174.97,244.64,2.01,48.45,149.68,0.99,18.1,0.64,1.0
7.78,203.45,361.48,2.2,26.23,222.39,1.98,21.42,0.88,1.0
3.82,295.27,463.15,3.54,131.08,248.68,4.91,51.26,0.19,
6.95,174.27,472.09,1.21,82.1,277.23,1.31,22.54,0.33,1.0
7.9,107.19,183.38,2.01,104.95,92.41,0.16,42.22,0.15,1.0
6.18,75.97,266.58,2.76,1.62,175.98,0.33,33.53,0.11,1.0
7.54,153.49,356.52,1.29,70.85,225.21,0.14,14.44,,1.0
7.93,140.8,250.26,2.07,6.67,135.76,0.12,28.59,1.66,1.0
6.24,436.69,621.47,2.98,,398.33,0.84,42.02,0.29,1.0
7.24,257.48,398.19,1.48,73.28,268.93,2.37,37.16,0.01,1.0
7.97,269.1,446.98,1.83,76.07,301.09,1.15,26.36,,1.0
5.05,258.57,432.58,0.85,30.72,243.18,1.61,14.26,0.17,
8.47,285.14,534.69,2.95,107.28,344.99,0.71,53.32,0.01,1.0
7.68,174.52,336.2,2.16,35.24,190.87,0.64,48.29,0.23,1.0
7.97,45.75,40.63,1.57,39.2,44.45,2.77,23.27,0.03,1.0
7.07,158.69,379.94,1.69,48.56,262.64,1.28,37.97,0.02,1.0
6.02,131.49,169.73,1.99,40.28,92.36,0.61,48.14,0.55,1.0
7.83,97.14,194.28,2.33,101.09,110.96,0.4,33.91,1.19,1.0
7.33,291.64,417.27,1.35,8.33,262.0,0.1,14.57,0.26,1.0
7.43,376.65,547.66,1.43,19.83,310.92,1.72,43.26,0.91,1.0
8.27,98.9,304.25,1.74,2.34,204.48,0.19,37.26,0.01,1.0
8.01,187.98,361.77,2.15,125.34,229.69,0.72,32.39,0.75,1.0
8.94,341.49,640.44,3.61,37.02,435.69,1.01,60.59,7.31,
7.52,118.25,348.15,1.2,19.26,204.33,1.36,7.51,0.91,1.0
6.85,440.58,820.34,0.35,38.51,520.84,0.09,16.3,1.07,1.0
3.54,369.92,413.1,3.4,83.96,238.39,0.01,33.0,0.77,
7.73,36.48,10.0,1.12,76.55,5.0,1.22,27.54,0.86,1.0
8.21,366.27,450.67,3.47,26.99,269.29,0.61,44.8,0.41,1.0
5.5,267.19,376.23,3.24,34.02,264.47,0.2,32.11,0.15,
7.41,297.68,557.95,2.54,,348.7,4.02,18.15,0.52,
8.69,241.69,434.64,3.22,55.55,285.0,1.57,43.47,0.29,1.0
7.21,192.81,272.31,0.17,101.29,169.39,0.86,9.64,7.89,
8.14,54.96,55.14,0.65,26.73,10.45,1.21,,0.32,1.0
7.79,126.05,258.2,2.28,75.43,164.46,0.17,21.91,0.53,1.0
8.16,10.0,129.9,1.61,26.72,96.41,3.28,19.26,0.01,1.0
6.75,274.73,183.9,1.21,6.17,95.38,5.62,26.3,0.49,1.0
6.76,243.57,417.72,2.81,77.21,287.7,1.05,51.44,0.53,1.0
7.42,364.1,633.98,2.26,143.91,395.09,1.1,35.26,0.09,
6.17,233.03,378.93,3.05,71.74,236.65,1.22,55.57,6.89,
7.18,24.36,60.82,1.63,33.45,50.15,1.1,31.3,1.67,1.0
7.6,239.49,388.92,1.98,36.03,239.53,0.58,25.58,1.08,1.0
8.83,387.94,539.33,3.54,126.37,351.31,0.78,62.19,0.26,1.0
7.72,100.6,178.04,0.72,62.28,109.43,0.33,,0.22,1.0
7.9,105.78,273.2,1.91,19.36,180.17,0.59,33.57,0.07,1.0
8.33,173.68,302.94,1.13,47.51,149.29,0.57,5.22,0.02,1.0
6.63,62.59,143.02,3.7,58.61,56.37,0.34,56.86,0.18,1.0
7.27,328.99,429.66,4.41,68.77,291.6,1.55,78.27,1.41,
9.34,224.04,275.81,2.21,110.48,200.02,0.53,35.28,1.59,
7.34,235.72,383.91,2.49,101.04,231.33,0.8,37.26,0.84,1.0
8.29,10.0,122.5,1.9,57.93,74.75,0.17,30.7,0.22,1.0
8.17,66.21,212.51,1.86,48.34,144.02,0.64,34.5,0.08,1.0
6.22,267.44,444.48,2.08,65.84,302.77,1.43,52.59,0.45,1.0
7.65,152.08,225.43,0.65,25.67,105.98,0.59,16.29,0.52,1.0
7.52,368.5,645.39,2.66,89.2,401.78,0.82,34.88,0.28,1.0
7.66,108.04,220.07,1.01,41.86,136.4,1.21,13.13,12.72,
6.8,177.32,344.94,1.65,69.64,238.27,0.49,15.68,0.69,1.0
6.51,290.74,486.52,2.03,118.53,366.21,0.44,18.11,0.76,1.0
7.02,10.0,16.33,1.24,72.11,6.05,0.09,,16.63,
7.32,10.0,10.0,2.6,59.23,5.0,0.87,34.35,0.78,1.0
8.35,10.0,10.0,1.52,29.3,14.55,1.23,8.82,0.01,1.0
8.85,391.89,552.52,3.07,46.88,385.56,0.87,46.95,0.57,
8.52,73.09,189.63,1.13,4.56,125.42,0.33,11.84,0.13,1.0
8.09,496.01,811.64,1.83,71.33,509.43,0.3,16.64,0.16,1.0
6.6,123.62,187.15,0.93,,140.81,0.17,,0.05,1.0
7.07,267.04,336.91,2.98,88.74,232.26,0.05,41.24,0.11,1.0
7.57,428.18,608.42,1.69,79.27,374.95,0.56,7.81,15.98,
6.89,417.86,701.22,1.44,53.93,463.42,0.17,28.7,0.27,1.0
7.86,403.61,712.3,1.81,28.68,482.94,1.17,29.7,8.92,
7.98,291.81,541.67,1.89,49.35,375.73,3.26,26.09,0.09,1.0
7.83,290.83,504.81,2.41,,326.8,0.08,50.59,0.11,1.0
8.22,229.4,418.51,2.54,82.95,264.87,2.23,38.19,0.41,1.0
6.68,301.08,455.67,1.85,43.45,320.73,1.07,31.59,0.22,1.0
8.15,134.87,189.76,1.96,110.61,99.14,1.97,36.29,0.52,1.0
6.84,111.41,136.36,,65.68,97.41,0.17,,17.77,
6.65,242.56,299.33,1.55,59.26,167.16,2.37,18.11,0.83,1.0
7.83,252.72,265.96,3.43,66.04,194.18,3.17,51.87,0.28,1.0
8.37,131.85,209.35,2.45,10.98,130.92,2.37,23.27,0.42,1.0
7.79,318.54,439.28,0.93,31.96,310.9,1.54,31.76,0.19,1.0
7.42,277.05,491.06,1.61,55.32,329.02,0.09,25.8,6.58,
7.65,249.86,317.68,1.4,37.9,182.03,0.25,19.04,0.53,1.0
7.51,410.38,595.51,3.07,26.94,415.57,2.44,66.91,0.25,1.0
6.5,93.42,71.66,2.97,38.7,77.61,0.26,33.51,0.16,1.0
6.41,161.46,261.27,1.22,51.77,187.47,0.43,33.65,6.71,
7.34,60.56,156.64,2.01,142.75,86.58,0.05,38.28,1.43,1.0
7.46,10.0,10.0,0.87,36.98,5.0,0.99,24.16,0.07,1.0
7.41,168.08,283.46,1.37,22.9,187.16,0.83,18.85,0.8,1.0
7.94,242.04,275.65,1.41,43.89,165.1,3.26,21.71,17.74,
7.23,346.12,602.69,1.3,110.06,425.6,2.23,16.03,0.37,1.0
7.85,294.95,426.16,2.37,112.92,279.89,0.71,45.46,1.63,1.0
7.28,99.3,95.16,3.35,127.96,7.79,0.94,54.15,0.47,1.0
8.86,388.31,670.82,1.94,52.44,442.82,0.53,23.51,0.89,1.0
7.46,392.34,544.21,0.95,75.66,346.77,0.14,9.05,0.36,1.0
9.27,104.42,416.42,2.21,8.0,269.17,2.02,32.97,0.14,
7.68,91.68,254.7,2.21,35.86,158.18,0.8,29.82,0.59,1.0
7.23,19.09,108.11,1.81,5.4,86.41,0.55,41.59,1.28,1.0
6.68,94.35,225.56,3.86,68.93,169.01,0.07,65.97,0.92,1.0
6.25,327.46,517.75,2.24,51.54,342.2,1.09,41.72,8.67,
6.61,420.65,676.92,2.57,59.05,433.21,0.51,40.95,0.19,1.0
6.7,384.89,608.65,,16.15,394.79,0.29,,0.36,1.0
7.72,151.14,202.23,1.04,84.03,131.84,2.09,22.52,0.42,1.0
6.98,10.0,76.08,2.51,,33.4,0.2,16.73,0.11,1.0
7.55,136.0,328.18,2.28,39.92,224.89,0.72,36.0,0.13,1.0
8.43,25.82,10.0,1.62,45.73,15.7,1.59,16.2,0.71,1.0
7.33,187.27,364.63,2.45,,267.82,1.89,27.91,0.66,1.0
9.06,83.76,270.48,2.93,65.37,200.92,1.71,39.28,0.91,
6.46,172.64,206.79,1.53,43.07,120.7,2.27,22.07,1.35,1.0
7.28,75.76,10.0,1.38,72.44,22.91,0.15,20.42,0.18,1.0
6.97,319.49,402.72,1.74,129.99,242.75,2.82,34.06,0.98,1.0
8.15,125.43,193.46,2.5,62.98,139.67,0.01,35.73,0.55,1.0
5.61,70.91,66.02,1.43,88.91,32.58,0.3,20.39,15.62,
6.25,74.49,10.0,2.85,105.24,5.0,0.09,28.84,0.16,1.0
7.31,144.63,294.5,1.52,69.68,197.02,2.91,10.12,0.16,1.0
8.64,448.2,654.45,1.44,15.36,371.9,0.55,24.48,0.61,1.0
7.58,393.12,632.25,4.35,,375.94,0.38,71.5,1.32,
6.32,170.83,208.58,0.77,64.98,132.03,0.18,8.88,0.87,1.0
6.44,117.04,179.56,2.78,33.99,118.36,0.17,51.06,0.65,1.0
8.74,301.07,393.75,0.19,101.34,248.55,0.95,,0.24,1.0
6.9,71.37,100.32,2.66,31.0,33.62,0.05,43.86,0.63,1.0
6.65,142.02,360.36,4.69,49.43,217.88,0.9,61.86,0.81,
8.58,344.53,453.22,3.06,3.64,302.41,1.49,36.55,0.7,1.0
8.21,279.86,545.39,3.34,36.25,366.14,0.92,42.42,0.56,1.0
8.42,230.63,279.97,1.9,12.29,181.66,1.75,27.75,0.02,1.0
6.64,151.05,259.27,2.94,15.94,191.66,0.31,48.52,0.54,1.0
6.18,133.44,124.4,2.25,47.89,88.81,0.08,37.36,0.33,1.0
7.51,137.51,134.62,4.03,25.72,72.56,1.28,57.48,1.63,
7.67,174.33,254.7,0.89,155.17,159.95,1.76,19.72,0.47,1.0
7.69,249.51,373.47,3.19,83.44,214.7,0.7,64.68,0.47,1.0
8.58,310.76,482.72,2.43,93.39,311.6,1.72,35.22,2.56,1.0
6.01,10.0,139.36,1.09,45.56,112.83,0.61,17.26,0.05,
8.09,365.04,598.54,1.73,54.23,402.76,0.22,19.77,0.16,1.0
6.52,91.66,245.78,0.4,32.82,187.79,0.64,2.07,0.53,1.0
8.08,186.0,295.73,,154.98,186.16,0.24,12.48,0.19,1.0
7.02,33.19,150.56,0.8,45.65,124.78,0.64,24.59,5.14,
6.75,10.0,10.0,1.61,25.85,5.0,0.16,22.17,6.4,
6.91,366.33,476.81,2.08,19.84,339.36,0.21,36.12,0.43,1.0
6.24,321.89,447.37,0.69,63.41,290.35,2.14,19.56,0.05,1.0
7.43,146.03,243.73,1.68,106.84,172.57,0.12,20.79,0.19,1.0
6.78,197.28,313.4,2.24,93.48,233.21,0.25,20.49,0.04,
8.03,229.52,403.19,1.42,19.75,258.2,5.41,28.25,0.41,1.0
7.91,34.49,10.0,0.92,18.76,10.87,0.86,22.75,0.1,1.0
8.75,82.71,194.19,1.27,99.85,152.0,0.88,26.52,0.97,1.0
7.69,325.0,458.85,3.34,134.06,295.59,1.86,46.31,0.43,1.0
7.82,16.83,49.14,0.27,44.2,5.52,0.74,19.33,0.03,1.0
8.52,194.23,358.71,3.15,98.26,276.02,0.25,50.16,0.18,1.0
6.9,18.3,28.68,3.37,,9.25,0.55,39.0,0.48,1.0
6.21,206.41,393.29,1.64,16.26,258.81,1.41,8.7,0.2,1.0
7.56,192.16,292.87,2.46,9.62,213.49,2.06,33.93,0.36,1.0
6.26,10.0,10.0,1.22,66.49,5.0,0.32,20.53,1.2,1.0
9.36,343.19,532.95,2.27,42.84,326.26,0.3,31.14,14.14,
8.56,152.65,153.08,4.23,59.52,104.58,0.4,83.33,0.2,
9.13,46.8,137.95,3.27,98.76,53.81,0.91,53.11,0.86,
7.45,197.54,340.11,1.5,23.87,215.32,0.33,12.72,0.19,1.0
7.84,340.9,529.73,0.68,53.76,349.22,2.24,,0.04,1.0
7.03,36.31,96.84,1.71,,57.54,3.82,27.95,0.1,1.0
8.11,210.62,312.34,2.27,96.55,172.15,1.14,43.99,1.49,1.0
6.43,259.23,385.76,2.72,93.86,282.63,3.52,59.46,1.35,1.0
5.37,317.34,438.62,1.89,64.48,287.17,0.34,26.34,0.13,
4.68,170.87,335.29,3.79,54.8,246.56,1.69,74.01,0.4,
6.24,88.82,226.59,2.03,29.63,142.09,1.13,16.9,0.07,1.0
8.58,65.31,134.48,1.52,,69.81,0.31,19.43,7.74,
8.85,141.95,317.23,2.52,62.22,211.58,0.38,27.72,0.1,1.0
6.28,79.57,85.57,2.7,80.25,51.31,0.67,48.42,0.03,1.0
8.43,10.0,10.0,1.24,130.77,5.0,1.57,5.55,0.87,1.0
8.16,349.04,387.31,1.06,34.26,281.15,2.06,19.94,0.2,1.0
6.14,353.27,480.79,0.36,60.81,300.07,1.0,,0.06,1.0
7.09,10.0,10.0,1.71,94.58,5.0,1.28,43.24,0.9,1.0
6.94,102.2,98.05,3.22,95.78,90.3,0.31,44.51,0.72,1.0
8.0,172.46,423.83,2.67,25.1,265.4,1.35,43.77,0.58,1.0
6.42,553.07,711.5,3.12,38.83,450.32,0.93,28.97,1.21,1.0
7.32,152.98,304.16,1.35,28.99,162.4,0.25,5.24,0.34,1.0
6.85,86.61,154.4,1.84,13.93,135.18,3.0,19.82,0.07,1.0
7.78,65.26,263.42,0.09,108.87,145.43,0.72,9.92,0.03,1.0
7.23,369.3,574.98,3.01,52.51,374.9,1.58,51.71,0.19,1.0
6.97,47.17,170.81,3.34,47.03,129.28,0.75,61.0,0.05,1.0
4.01,89.18,140.16,0.93,59.91,99.54,2.7,,0.38,
9.03,94.86,203.45,3.63,52.15,131.05,0.15,59.45,0.01,
7.07,11.71,109.33,1.77,41.16,37.03,0.79,20.88,0.29,1.0
6.57,154.5,324.53,0.92,19.54,194.75,0.03,5.67,0.1,
7.87,386.25,624.94,1.68,112.61,409.96,0.22,19.89,0.23,1.0
7.29,154.69,364.62,2.63,27.19,221.26,0.33,38.26,0.56,1.0
6.27,112.28,249.53,1.95,12.78,166.26,0.64,35.8,0.22,1.0
9.19,178.15,241.64,1.42,46.78,170.7,1.72,32.56,0.21,
7.12,136.12,10.0,2.59,136.3,25.75,0.63,44.1,2.34,1.0
7.1,309.85,476.62,2.68,17.14,285.28,0.82,46.6,5.42,
7.53,124.8,284.43,1.83,78.38,228.81,2.58,45.62,0.36,1.0
8.78,139.99,263.9,1.64,40.15,186.89,1.41,31.62,0.43,1.0
6.06,564.75,938.62,1.45,59.79,610.07,0.05,19.68,0.48,1.0
7.62,198.38,359.75,2.48,86.89,255.63,0.19,42.99,0.01,1.0
9.07,134.94,149.64,0.4,,144.58,0.04,23.01,12.0,
7.5,139.71,214.73,1.24,14.15,110.8,0.07,9.86,9.96,
6.41,363.21,529.69,1.84,86.32,339.79,0.41,23.26,17.03,
6.91,177.87,322.65,1.21,53.9,162.16,1.3,32.68,0.03,1.0
7.57,73.68,12.34,2.25,58.47,11.88,0.28,30.9,0.18,1.0
8.46,281.98,483.85,2.16,78.46,321.81,0.5,40.09,0.07,1.0
7.13,51.26,166.37,4.48,14.42,107.36,0.5,80.1,1.24,
8.06,513.66,674.66,1.24,92.2,425.44,0.89,6.02,0.11,1.0
6.25,218.36,516.01,1.99,82.79,294.42,2.23,25.75,0.08,1.0
6.25,89.38,210.54,1.04,59.53,144.32,4.09,27.69,0.49,1.0
7.01,302.37,556.2,3.94,68.73,390.64,0.93,57.83,0.37,1.0
8.55,313.56,313.57,3.7,96.6,192.0,0.7,35.33,0.43,1.0
7.46,372.68,470.55,0.43,26.25,314.66,1.15,1.38,17.28,
7.63,312.86,396.95,1.84,76.45,226.65,1.1,35.48,0.31,1.0
7.62,61.9,130.73,2.04,119.77,94.12,0.74,43.31,0.75,1.0
8.29,224.08,171.29,1.66,75.63,103.47,1.34,25.41,0.12,1.0
6.91,322.01,505.99,1.52,41.1,313.65,0.68,27.58,0.25,1.0
7.95,188.69,233.04,2.77,142.73,136.27,5.64,37.87,1.58,1.0
6.74,140.55,219.27,3.79,59.23,134.65,0.05,65.85,0.11,1.0
8.99,62.91,108.98,2.81,105.94,78.48,0.59,56.36,0.17,1.0
6.76,218.24,384.72,2.86,33.14,223.82,0.51,50.64,0.11,1.0
6.69,417.02,712.5,1.65,92.71,455.19,1.47,23.5,0.01,1.0
7.84,82.32,86.49,3.02,28.14,55.39,0.21,49.6,0.16,1.0
7.46,201.27,304.84,3.01,62.94,176.17,0.57,54.74,0.02,1.0
7.66,347.89,582.44,1.53,25.73,414.52,1.2,23.16,0.08,1.0
7.58,245.92,284.07,1.77,126.05,167.58,0.92,34.51,0.23,1.0
3.19,85.95,390.47,0.42,41.15,240.42,0.79,10.07,0.01,
8.69,78.01,87.52,0.65,5.68,37.32,0.57,23.9,0.7,1.0
8.11,267.28,385.66,1.57,53.8,286.65,1.39,30.5,0.79,1.0
8.49,214.89,262.57,0.93,71.48,181.73,1.04,8.97,0.27,1.0
6.98,295.04,497.15,2.8,48.94,304.41,2.08,56.11,2.09,1.0
7.73,332.88,537.48,1.84,17.47,371.48,1.32,32.22,0.57,1.0
7.56,540.05,817.91,2.53,91.49,535.66,0.15,36.59,0.68,1.0
8.3,324.11,415.93,0.78,100.37,275.5,0.97,,0.11,1.0
4.5,204.07,365.16,3.3,,230.46,0.05,51.8,0.91,
7.55,216.67,338.88,2.49,14.92,205.28,0.49,55.69,1.45,
6.19,221.55,229.37,2.4,43.62,155.84,0.53,8.77,0.13,1.0
4.6,114.42,367.7,2.95,28.76,228.1,1.93,17.31,0.58,
7.84,110.05,240.92,2.32,71.04,192.93,0.2,42.45,0.69,1.0
6.91,273.51,333.69,0.99,123.58,191.51,1.03,17.16,0.18,1.0
7.73,392.74,563.52,2.63,34.76,397.01,0.21,46.13,0.32,1.0
6.19,85.34,98.69,1.21,113.07,61.92,2.97,12.92,0.05,1.0
8.24,294.36,527.98,2.21,,349.17,0.75,11.75,0.1,1.0
6.22,293.96,563.42,1.23,68.23,382.89,1.23,10.09,0.03,1.0
7.22,136.27,276.39,3.66,26.21,167.05,1.04,70.53,0.41,1.0
7.6,83.4,10.0,2.67,69.1,23.78,0.36,35.53,0.49,1.0
8.23,75.64,178.44,3.01,,61.83,2.31,40.68,1.24,1.0
7.49,340.71,559.4,1.24,,349.21,0.99,,0.39,1.0
5.04,139.57,295.43,2.3,69.01,173.55,0.71,16.44,0.15,
7.38,102.22,100.14,2.19,24.8,40.02,0.75,43.95,0.03,1.0
7.37,92.49,199.05,2.11,37.08,125.08,2.21,29.06,1.08,1.0
7.47,275.99,468.12,0.06,123.45,312.0,0.06,10.85,0.33,1.0
7.25,161.44,409.35,3.96,55.5,280.13,0.49,51.93,0.67,1.0
6.05,70.66,252.21,1.96,86.06,168.76,1.84,14.75,0.01,1.0
6.79,136.36,226.64,2.5,19.63,134.0,0.04,34.92,0.33,1.0
7.6,66.73,221.65,0.69,,151.45,1.02,4.55,0.2,1.0
7.2,174.57,115.52,3.46,46.77,77.57,0.52,43.63,0.02,1.0
7.28,270.77,623.08,3.38,,423.72,0.23,42.62,0.75,1.0
7.14,101.31,235.54,2.85,22.06,168.64,0.95,41.47,0.36,1.0
6.71,326.89,543.43,2.27,59.51,353.84,1.78,29.18,0.2,1.0
7.01,344.3,604.26,4.34,45.55,374.83,0.63,55.71,0.82,
7.15,244.59,499.66,2.98,63.38,311.72,0.16,62.79,0.3,1.0
7.4,80.31,213.68,0.63,74.01,127.89,0.37,14.09,,1.0
7.71,178.91,380.75,2.22,2.17,241.18,3.98,34.95,14.22,
7.26,162.76,295.16,2.58,12.32,197.22,0.12,38.09,0.15,1.0
6.58,169.15,119.26,2.11,,91.82,0.18,38.23,0.89,1.0
6.28,222.82,364.87,2.57,35.18,236.14,4.62,43.91,0.85,
9.48,97.66,64.19,3.44,79.47,42.05,2.14,41.28,0.09,
6.5,347.87,537.54,1.81,109.65,352.26,1.23,11.85,9.4,
6.99,179.94,207.08,1.62,57.62,124.28,0.16,1.56,0.02,1.0
7.81,64.14,340.23,0.91,104.93,202.64,0.28,31.64,0.22,
7.69,198.77,356.66,0.13,65.35,196.72,0.2,,0.66,1.0
7.82,214.29,248.22,1.69,54.3,147.44,1.0,31.24,0.14,1.0
7.05,221.82,417.34,1.32,25.55,280.73,0.51,21.86,0.06,1.0
7.59,211.14,205.02,1.79,,119.2,0.05,36.03,0.35,1.0
7.45,358.75,474.26,1.41,98.93,303.51,0.34,20.58,0.38,1.0
7.15,10.0,30.8,0.93,47.87,29.35,1.97,0.6,0.56,1.0
7.6,170.01,325.28,1.45,105.53,221.84,1.59,11.37,0.71,1.0
8.24,361.99,687.79,2.51,12.01,425.47,1.03,34.19,0.6,1.0
7.38,28.48,99.93,1.46,147.15,84.9,0.09,6.12,0.93,1.0
7.39,37.04,164.45,1.81,40.05,129.44,2.14,18.63,0.13,1.0
8.25,263.11,402.78,4.09,22.31,239.21,0.76,49.43,0.42,
8.17,128.75,335.92,3.08,41.42,201.87,0.68,42.84,0.22,1.0
8.67,252.26,370.13,2.23,56.82,264.4,2.72,28.46,1.64,1.0
6.0,270.11,397.84,2.26,47.2,255.66,0.01,35.11,0.29,
8.12,173.11,426.94,1.29,29.39,233.12,0.81,27.89,11.92,
7.88,390.65,521.94,1.58,,311.27,1.57,21.28,0.73,1.0
6.69,254.86,381.96,1.72,17.83,243.29,0.07,10.82,0.63,1.0
7.6,188.53,251.75,2.11,92.98,140.38,0.44,11.09,0.34,1.0
3.72,222.78,434.51,1.96,14.81,274.17,3.79,30.96,0.29,
6.74,439.1,679.98,0.87,,442.63,0.24,6.42,0.37,1.0
7.75,220.4,273.47,2.6,7.78,207.0,0.76,37.37,0.17,1.0
8.1,58.13,105.09,1.43,46.45,62.5,1.37,24.69,1.17,1.0
6.54,412.95,521.42,3.92,19.63,360.37,0.49,73.27,0.79,1.0
7.29,167.76,275.92,3.25,38.81,207.93,0.52,31.27,0.81,1.0
7.64,63.04,10.0,0.34,18.06,35.19,0.07,,0.28,
6.76,296.34,469.48,1.75,90.39,310.86,0.21,25.35,0.04,1.0
6.7,145.04,192.93,3.61,69.63,86.14,2.13,42.72,0.57,1.0
7.29,85.57,281.89,2.66,138.72,192.45,1.71,25.05,0.23,1.0
8.04,238.39,366.4,2.09,34.73,259.13,0.36,44.43,1.02,1.0
7.91,166.11,338.1,,38.6,218.14,0.48,,0.76,1.0
6.71,222.81,441.89,1.78,97.34,322.12,0.58,13.64,0.08,1.0
7.92,214.95,212.9,2.21,65.64,155.58,0.42,21.67,0.46,1.0
6.73,230.88,402.62,,12.34,273.07,1.06,10.86,0.59,1.0
6.11,98.69,248.09,2.61,72.26,182.99,0.01,32.25,0.42,1.0
7.11,250.7,447.76,1.3,65.86,297.71,2.12,5.62,0.36,1.0
8.3,188.82,423.07,2.3,,225.14,0.36,26.12,0.13,1.0
7.92,139.44,112.91,2.13,23.95,63.41,2.06,31.5,15.53,
7.4,275.53,517.2,1.74,57.61,360.12,0.61,35.09,6.04,
7.07,142.15,192.81,2.79,107.85,109.17,1.5,49.95,0.01,1.0
7.09,344.77,461.61,2.28,77.92,295.58,1.75,26.44,0.75,1.0
7.49,199.07,373.46,4.72,27.44,221.85,0.36,65.43,0.37,
6.55,427.18,667.64,3.78,21.67,469.64,1.02,77.7,1.38,1.0
7.12,101.68,255.31,0.99,81.91,199.58,0.93,24.77,9.99,
7.23,260.37,230.14,3.19,,131.91,0.65,45.28,0.54,1.0
6.32,224.49,296.12,1.26,17.7,195.42,0.63,,0.27,1.0
6.73,133.99,239.36,0.83,106.37,141.98,0.36,7.8,17.34,
7.73,237.35,459.99,0.52,61.87,311.29,0.37,,0.11,1.0
7.41,10.0,10.0,1.64,19.65,16.69,0.79,16.0,0.05,1.0
7.15,36.56,89.26,3.01,1.92,74.26,0.03,35.43,0.43,1.0
5.45,149.51,86.44,2.16,83.59,62.82,2.71,30.06,0.82,
4.1,232.76,490.06,2.51,53.11,377.25,1.05,38.32,0.15,
6.73,392.01,642.12,,41.25,396.82,0.59,,11.09,
7.6,166.55,279.11,1.77,64.96,147.21,0.06,13.79,14.37,
7.01,153.87,266.24,0.95,56.58,165.19,0.99,12.42,1.19,1.0
7.43,182.98,314.01,0.42,53.52,172.75,0.02,1.32,0.07,1.0
7.77,313.62,532.38,0.8,,316.19,1.14,,0.14,1.0
6.3,112.37,114.53,2.07,8.94,54.42,0.08,37.14,1.25,1.0
7.39,239.05,347.67,2.66,79.93,207.54,1.07,32.58,0.02,1.0
8.35,317.97,495.04,1.09,72.37,302.68,0.52,13.65,0.53,1.0
8.81,88.43,400.22,2.59,65.28,270.51,1.09,36.64,6.45,
7.3,217.74,337.92,2.82,26.54,209.52,0.15,42.09,16.66,
7.43,217.34,500.21,2.33,80.61,321.55,0.12,36.4,0.32,1.0
9.17,38.32,10.0,1.14,35.17,24.38,0.28,4.08,0.97,
8.31,335.07,435.58,1.5,102.06,267.8,0.53,25.66,0.09,1.0
6.91,55.2,169.18,2.33,20.13,104.68,0.29,31.48,0.13,1.0
6.9,10.0,10.0,1.28,28.99,13.82,0.09,30.11,0.36,1.0
8.17,211.38,402.24,2.65,43.94,222.62,0.39,47.85,0.26,1.0
6.59,406.61,574.73,0.89,83.89,325.88,1.22,26.61,0.43,
8.27,168.26,272.51,2.38,48.6,184.05,0.87,26.33,1.27,1.0
7.67,380.76,490.57,2.91,51.51,328.71,3.31,56.47,1.25,1.0
7.81,394.16,622.46,2.19,34.34,445.88,0.57,33.81,6.51,
7.19,349.91,562.98,1.01,60.72,369.1,0.4,22.04,0.18,1.0
6.9,380.21,627.99,0.37,47.17,424.59,1.18,12.29,0.09,1.0
8.57,309.95,448.43,0.89,18.63,287.57,0.53,17.98,1.31,1.0
7.2,102.17,315.09,2.49,55.09,210.75,0.96,26.43,0.25,1.0
7.07,10.27,10.0,1.79,56.03,39.85,2.92,36.46,0.3,1.0
7.34,146.97,250.79,1.4,143.99,120.53,0.69,24.51,0.81,1.0
7.55,115.08,131.35,2.4,25.56,93.65,0.69,21.24,0.36,1.0
6.58,431.13,734.19,0.01,16.42,519.93,1.49,,0.06,1.0
6.95,106.96,264.82,1.74,61.16,177.78,1.41,13.94,0.29,1.0
6.91,195.15,324.64,0.89,10.29,244.03,0.73,,0.5,1.0
8.08,192.04,410.3,0.65,7.08,254.11,0.07,18.28,0.64,1.0
6.69,88.97,308.72,1.49,,200.03,3.95,7.49,0.52,1.0
6.0,419.76,639.01,4.47,19.02,416.03,0.47,53.87,0.06,
3.74,134.24,175.47,2.63,20.0,69.7,0.38,59.26,0.18,
6.22,226.71,338.92,0.87,,196.94,3.99,8.56,0.66,1.0
8.49,156.05,151.51,3.21,39.99,76.54,2.06,54.74,17.92,
7.41,10.0,36.0,0.69,,39.84,0.4,21.65,0.02,1.0
7.8,35.03,177.65,3.52,69.67,132.91,0.37,60.5,0.02,1.0
7.83,172.05,292.59,1.12,27.73,196.67,1.28,18.27,0.52,1.0
7.44,111.11,214.14,2.11,33.61,155.67,0.41,31.27,0.4,1.0
7.34,54.79,161.52,4.09,73.48,101.7,0.29,66.66,0.08,
8.24,10.0,18.74,1.65,64.87,36.22,3.9,22.5,0.4,1.0
7.52,139.45,283.38,3.84,24.8,184.37,0.83,64.52,1.83,1.0
8.52,10.0,10.0,1.93,68.07,7.66,1.44,26.33,0.5,1.0
7.9,249.15,452.01,1.91,111.96,288.5,1.25,27.24,0.3,1.0
3.87,133.07,316.49,1.11,9.51,219.41,1.41,35.53,0.88,
7.0,17.58,10.0,3.41,80.15,5.0,2.34,46.38,0.12,1.0
6.82,110.09,238.16,1.5,5.48,174.33,0.69,22.76,0.27,1.0
8.37,145.32,149.57,3.91,97.02,74.58,1.4,62.88,0.38,1.0
7.08,298.49,363.83,1.37,21.52,214.51,1.59,25.53,0.35,1.0
6.76,374.82,568.09,1.54,20.0,383.01,2.93,26.1,1.27,1.0
7.66,10.0,10.0,3.0,95.97,5.0,1.25,32.56,0.17,1.0
4.3,269.06,323.01,1.89,78.86,200.88,2.23,29.99,0.03,
7.64,239.57,267.97,2.29,22.84,191.98,0.1,36.75,1.24,
8.91,261.5,434.27,0.69,55.09,270.13,0.13,21.76,6.6,
8.13,271.73,342.64,2.11,21.6,218.71,0.17,39.05,18.36,1.0
7.42,62.18,149.61,2.37,,125.23,0.16,47.62,0.38,1.0
6.27,48.4,236.19,3.72,57.57,184.31,0.09,45.83,1.86,1.0
7.0,46.46,140.79,1.52,35.74,122.96,0.13,12.86,10.46,
7.97,395.59,515.2,2.34,12.17,329.24,5.5,38.34,14.37,
6.46,108.0,304.26,3.21,102.19,222.38,0.32,59.48,0.44,1.0
9.11,408.12,680.24,2.04,13.52,423.18,0.65,28.64,1.77,
7.41,174.43,287.87,3.09,55.76,168.98,1.72,38.89,0.85,1.0
7.44,69.34,158.32,4.5,93.2,55.9,0.13,51.46,0.09,
6.87,10.0,10.0,2.03,39.76,39.96,0.38,34.07,0.81,1.0
7.8,10.0,10.0,3.32,20.63,5.0,0.17,48.73,0.92,1.0
6.47,10.0,10.0,2.51,61.91,5.0,0.06,33.38,17.7,
5.34,140.95,353.43,2.86,68.23,211.52,3.24,51.91,0.54,
8.45,251.8,401.75,2.71,85.06,275.04,1.95,39.71,5.15,
8.19,59.67,10.0,3.07,124.85,5.0,2.11,46.01,0.51,1.0
6.29,330.88,479.01,3.0,31.71,285.26,2.03,54.0,0.67,1.0
7.56,81.55,203.39,1.93,57.83,141.04,0.17,50.85,0.07,1.0
8.37,135.05,329.36,1.44,,185.41,1.54,17.22,0.15,1.0
7.87,359.26,622.44,2.43,76.66,387.84,1.3,27.62,0.11,1.0
6.6,366.01,479.37,0.55,57.35,269.45,2.6,,0.92,1.0
6.88,180.06,246.29,2.62,42.85,131.61,0.25,44.05,8.99,
7.04,108.26,121.76,2.75,25.28,82.72,0.53,30.28,0.3,1.0
6.92,50.49,10.0,1.82,36.06,5.0,0.35,23.58,0.87,1.0
8.62,114.74,156.17,2.04,59.45,71.89,0.3,27.81,0.63,1.0
5.86,160.69,257.77,2.91,11.35,167.51,1.06,59.24,1.22,
7.92,94.65,102.56,2.75,37.72,55.79,0.18,53.14,0.04,1.0
6.37,136.94,273.75,2.93,50.67,217.78,0.63,28.53,0.36,1.0
6.63,118.5,315.37,2.78,,241.67,1.04,57.5,0.61,1.0
5.79,189.17,255.03,2.11,7.95,148.41,0.14,19.43,0.12,
6.96,163.89,170.0,1.99,23.6,121.64,0.3,31.38,0.2,1.0
8.61,144.33,333.73,2.42,112.73,231.91,3.42,27.99,0.27,1.0
7.61,274.13,388.39,3.45,16.77,240.5,1.59,47.92,0.79,1.0
6.44,133.19,81.92,2.26,47.77,23.34,1.13,24.16,0.34,1.0
8.21,349.2,582.19,3.31,8.38,378.18,1.94,66.33,0.34,1.0
8.39,127.27,280.28,,18.94,178.73,0.01,,0.28,1.0
7.48,188.41,303.77,2.32,,188.74,0.01,37.08,0.13,1.0
9.03,237.46,441.64,2.08,76.81,295.91,0.17,20.52,18.63,
8.06,177.15,346.64,0.33,,210.3,0.68,,0.19,1.0
7.95,316.04,490.63,0.48,86.28,295.87,0.84,2.83,0.42,1.0
6.76,134.27,357.42,2.46,68.72,234.51,0.12,42.13,0.08,1.0
7.9,34.31,177.51,2.11,46.98,123.1,0.08,30.39,0.28,1.0
7.57,224.34,372.3,2.79,87.6,218.46,1.76,51.6,1.17,1.0
7.82,41.64,71.25,,174.13,64.88,0.62,1.24,2.7,1.0
6.85,210.2,321.71,3.07,69.1,173.7,4.89,46.11,0.22,1.0
7.5,269.77,293.35,3.08,5.2,179.12,0.26,51.5,0.08,
6.75,160.25,258.38,0.62,109.56,162.78,1.04,10.25,0.19,1.0
5.68,194.48,274.29,3.41,57.44,165.57,1.63,60.56,10.82,
8.2,10.0,10.0,3.79,134.44,5.0,2.06,62.41,0.52,1.0
6.2,152.55,190.26,0.67,29.76,161.09,0.37,19.1,0.34,
7.49,164.82,318.57,2.11,101.28,190.05,0.21,38.78,0.73,1.0
7.67,202.75,331.97,2.2,49.99,264.61,0.26,46.58,0.6,1.0
4.84,51.24,94.46,0.2,156.27,70.14,1.1,11.32,0.14,
7.17,383.53,553.14,1.67,38.74,361.38,0.74,42.53,0.77,
7.62,10.56,126.77,3.4,170.07,91.92,0.91,45.65,0.94,1.0
7.78,182.17,493.89,1.14,67.59,371.63,0.02,25.45,0.46,1.0
7.99,220.59,385.44,3.83,83.88,230.66,0.5,43.62,1.31,1.0
8.79,125.88,170.75,2.37,118.01,88.58,0.37,45.0,0.76,1.0
7.59,400.65,655.06,1.21,18.49,410.69,1.99,18.69,0.45,1.0
7.45,98.37,61.27,2.05,88.76,40.47,1.5,40.04,1.18,1.0
6.67,312.17,483.83,0.54,38.29,279.97,0.56,24.84,0.46,1.0
7.75,271.88,500.12,2.43,56.04,325.52,1.0,44.43,0.37,1.0
4.44,10.0,165.88,1.81,53.32,141.69,0.05,22.99,0.22,
7.25,335.23,578.49,1.57,72.9,379.05,1.01,12.73,1.07,1.0
7.84,201.39,249.99,0.55,71.21,156.64,0.1,13.67,0.07,1.0
7.17,195.04,357.74,1.92,26.99,220.17,1.25,25.93,0.32,1.0
7.94,212.65,352.06,2.21,54.99,246.81,0.85,39.71,0.39,1.0
8.13,184.95,273.14,0.63,,161.02,0.36,4.38,0.4,1.0
8.12,226.53,462.16,3.08,89.61,337.33,0.46,36.92,0.53,
7.49,306.38,458.7,2.28,117.76,336.82,0.09,31.75,0.35,1.0
6.57,87.86,10.0,1.15,57.63,11.64,0.39,22.28,0.15,1.0
6.91,327.88,560.87,1.9,,364.33,3.41,29.79,15.6,
7.88,10.0,10.0,2.84,79.72,27.11,0.67,34.42,0.54,1.0
9.36,300.58,506.51,3.37,19.45,351.13,0.64,68.55,0.98,
7.13,203.99,525.34,3.59,57.29,325.35,0.99,52.42,7.1,
7.76,65.93,81.81,3.8,77.42,42.64,0.66,34.39,0.51,1.0
3.41,153.32,217.84,0.67,71.86,115.15,0.44,19.37,0.63,
6.62,131.1,78.86,1.29,93.23,59.44,0.15,19.24,0.24,1.0
6.86,144.51,257.02,0.6,55.86,180.39,1.0,7.28,0.84,1.0
3.37,163.46,238.39,3.09,56.93,127.96,1.38,44.46,,
8.48,230.49,455.93,1.83,79.47,287.25,2.57,25.56,0.45,1.0
5.62,319.42,562.06,3.26,47.14,338.4,,65.63,15.18,
7.19,271.22,579.14,0.58,22.48,358.46,0.07,13.39,0.38,1.0
6.46,102.8,187.57,1.31,68.08,132.94,2.3,22.27,0.5,1.0
6.69,139.63,258.16,1.2,4.85,153.13,1.0,15.4,0.09,1.0
8.5,20.96,10.0,3.24,46.76,5.0,3.17,65.86,0.58,1.0
7.56,52.12,138.83,2.7,,57.69,0.56,48.94,0.2,1.0
6.63,299.95,492.97,,27.81,324.17,0.54,9.89,0.3,1.0
6.93,357.2,623.12,1.53,29.47,404.14,0.42,25.79,0.2,1.0
6.79,15.3,53.13,2.96,10.63,19.96,0.15,54.39,0.32,1.0
7.37,112.92,181.51,3.11,94.02,114.2,0.48,50.63,0.49,1.0
7.54,178.86,294.72,2.41,90.72,195.17,0.01,32.49,0.91,1.0
8.92,251.68,356.03,2.18,102.56,215.12,0.71,36.41,6.1,
5.87,76.82,138.08,1.07,42.49,60.23,1.88,37.01,0.2,
7.37,213.39,384.81,3.07,32.66,286.24,0.39,48.09,0.33,
7.15,114.1,205.23,0.8,82.14,120.74,0.1,24.75,0.58,1.0
8.16,142.53,297.11,0.39,55.14,191.19,3.64,17.74,15.76,
7.68,227.56,409.26,2.21,54.94,286.23,0.14,38.74,0.27,1.0
7.87,282.33,301.28,1.56,,266.42,0.75,39.92,0.41,
7.68,82.0,212.72,2.72,80.26,113.38,1.66,19.12,0.17,1.0
6.65,152.91,278.08,2.48,74.96,189.75,0.29,18.9,0.12,1.0
8.37,150.02,282.33,3.71,49.78,169.36,1.84,72.89,0.08,1.0
8.04,123.24,226.0,2.4,82.63,136.12,0.81,29.59,0.22,1.0
8.13,132.38,248.24,3.06,74.07,146.95,0.4,47.02,0.02,1.0
8.41,385.8,619.73,1.15,22.13,380.31,2.01,34.74,9.86,
4.26,161.8,412.18,2.71,41.21,267.09,0.97,42.67,0.1,
8.58,196.4,240.9,1.72,9.69,127.1,0.96,42.75,0.24,1.0
7.7,295.26,439.39,1.51,108.49,304.54,0.7,18.71,0.16,1.0
7.22,77.8,233.24,1.1,89.09,152.7,0.32,22.62,0.5,1.0
7.39,207.32,534.62,3.54,17.44,355.95,0.36,53.72,0.95,1.0
7.38,175.5,373.93,1.99,74.76,233.73,0.09,44.8,0.5,1.0
6.98,154.99,278.54,1.21,61.14,173.71,0.28,15.56,11.99,
8.71,362.74,389.54,2.68,22.56,258.95,0.33,30.53,0.55,1.0
7.64,33.16,10.0,1.56,54.97,5.0,0.06,18.72,0.02,1.0
7.48,10.0,74.65,1.2,84.34,41.36,0.12,13.79,0.07,1.0
7.71,10.0,61.21,4.9,87.6,22.6,0.32,67.06,0.05,
9.78,194.49,328.59,0.79,143.28,195.77,1.13,4.98,0.05,
6.49,400.59,646.5,3.87,53.77,378.03,0.2,69.19,0.15,1.0
6.72,382.02,746.26,1.19,40.49,511.86,0.74,31.92,0.38,1.0
6.3,249.82,427.61,2.63,72.49,264.22,0.71,43.31,0.06,
7.21,204.22,400.17,1.9,42.68,283.38,1.8,22.0,1.37,1.0
7.6,10.0,10.0,2.74,26.6,27.88,0.94,35.21,0.96,1.0
7.03,127.86,191.47,0.62,12.97,98.73,2.49,,1.78,1.0
6.97,124.16,142.44,0.5,,70.82,0.99,11.24,0.02,1.0
7.51,147.55,175.83,2.77,79.39,165.5,0.03,34.68,0.95,1.0
4.82,188.54,266.37,0.22,,208.16,0.48,18.01,0.81,
7.65,98.48,205.58,0.83,14.81,133.0,1.2,,1.16,1.0
8.29,41.73,10.0,1.91,61.7,11.65,0.64,22.73,0.38,1.0
7.94,285.2,449.58,0.71,37.14,279.61,0.54,9.63,7.49,
8.1,57.97,85.45,0.83,135.97,64.19,1.11,17.15,0.03,1.0
8.27,178.12,347.85,1.59,,211.76,0.34,41.86,0.04,1.0
7.63,404.05,714.82,,139.55,423.98,2.4,,0.06,1.0
7.27,73.37,116.12,0.6,105.22,49.05,0.53,5.97,1.23,1.0
6.78,127.99,10.0,3.34,86.36,6.92,1.0,35.82,0.03,1.0
7.09,160.74,242.8,2.96,107.57,135.2,4.04,52.25,0.05,1.0
4.88,281.56,520.19,4.27,66.18,336.78,1.54,57.51,1.33,
7.99,373.38,691.67,2.59,,428.09,0.76,37.89,0.06,1.0
3.56,10.0,54.09,3.3,70.59,19.51,1.96,47.8,1.02,
7.96,348.47,399.34,1.58,,276.63,0.82,24.84,0.78,1.0
6.47,104.2,206.94,1.81,28.87,139.46,0.58,25.63,0.02,1.0
8.55,212.63,278.81,2.41,46.88,181.03,2.07,26.48,0.01,
7.06,478.52,828.87,0.11,13.56,556.34,0.03,2.44,14.42,
6.52,19.06,10.0,2.55,87.84,16.11,0.52,30.24,2.93,1.0
7.05,250.04,350.75,1.38,41.45,256.92,0.42,28.79,10.06,
9.39,207.53,393.54,1.54,66.37,246.6,1.25,23.73,0.19,
7.09,278.24,517.16,3.0,49.62,327.56,0.01,34.56,0.24,1.0
7.14,274.7,319.6,0.45,55.05,181.72,1.08,30.79,0.25,1.0
7.25,266.2,361.61,2.06,14.53,226.47,0.43,47.42,0.66,1.0
7.28,172.54,221.67,2.45,3.04,163.38,0.1,61.15,0.21,1.0
6.77,251.66,353.83,1.47,43.85,255.99,3.93,18.62,10.75,
7.51,161.8,231.36,2.04,11.36,169.59,0.24,22.21,14.78,
8.26,355.48,424.31,2.09,105.74,239.92,0.43,39.35,0.31,1.0
7.65,137.84,226.08,2.9,,168.61,0.23,54.54,0.04,1.0
6.51,254.12,375.42,1.82,143.48,207.25,1.08,29.23,0.78,1.0
7.12,103.94,294.15,0.75,62.08,209.16,1.53,,0.44,1.0
6.96,273.88,525.21,1.42,52.77,334.03,1.97,11.52,0.34,1.0
7.44,113.79,289.72,1.65,28.39,202.37,0.37,28.99,0.56,1.0
8.46,69.7,10.0,1.2,76.28,5.0,0.74,11.38,0.35,1.0
7.28,203.8,552.38,2.19,41.83,382.47,1.09,19.19,0.52,1.0
7.33,51.2,118.85,2.14,62.02,47.96,0.99,29.55,1.01,1.0
8.82,10.0,169.25,2.09,83.67,96.64,1.26,,0.48,1.0
8.1,66.96,180.87,1.1,76.77,97.6,1.47,10.5,0.54,
3.25,320.39,574.89,2.13,99.59,338.59,0.1,27.69,0.48,
8.97,75.24,10.0,3.29,71.51,8.39,0.18,52.43,0.38,1.0
7.79,576.36,927.55,2.29,11.95,639.03,1.33,39.89,0.09,1.0
5.81,265.07,511.21,3.07,,385.63,0.65,49.86,0.2,
8.07,260.09,344.65,2.11,58.44,225.96,0.56,40.61,0.59,1.0
6.13,174.3,289.02,1.36,59.02,210.2,0.61,18.76,0.28,1.0
7.76,216.14,357.11,2.86,127.04,236.76,0.47,28.35,0.26,1.0
6.03,182.4,404.22,0.59,45.37,272.72,0.89,9.33,0.71,1.0
7.03,207.93,429.04,1.44,64.98,272.04,0.39,12.87,,1.0
7.11,205.42,411.12,1.86,81.09,271.13,1.01,14.31,0.57,1.0
6.78,193.07,317.92,2.65,70.54,217.4,0.23,45.58,0.34,1.0
7.12,160.21,260.53,3.27,83.76,157.78,1.42,34.99,0.24,1.0
8.23,239.05,269.75,2.85,17.27,173.78,1.52,49.5,0.21,1.0
6.83,175.86,261.02,2.75,10.95,168.49,0.86,28.27,0.09,1.0
7.84,180.67,526.75,2.86,38.78,358.92,0.46,40.06,0.2,1.0
6.63,264.36,418.71,3.0,,250.84,0.01,39.42,0.25,1.0
7.25,10.0,10.0,0.86,48.42,5.47,0.13,24.3,0.29,1.0
7.66,210.41,431.18,4.2,23.62,318.51,0.08,69.02,7.68,
6.6,162.76,338.95,3.11,62.89,243.6,0.01,38.4,0.3,1.0
6.35,144.59,296.26,1.82,39.4,219.55,1.28,25.71,0.8,1.0
7.79,64.62,222.3,2.37,9.38,144.98,3.13,48.86,0.51,1.0
8.3,325.07,524.82,0.69,102.43,347.55,0.01,25.23,0.11,1.0
7.34,223.16,489.51,1.74,53.3,338.22,0.12,12.41,0.16,1.0
7.03,105.09,145.42,1.66,84.51,125.73,1.97,38.03,0.04,1.0
7.52,340.69,381.41,1.58,57.34,208.88,1.17,36.03,1.46,1.0
7.44,10.0,105.67,2.81,68.56,42.38,0.52,44.0,1.09,1.0
7.59,10.0,24.08,2.1,,41.84,4.93,30.66,0.04,1.0
5.38,10.0,174.66,0.81,101.12,107.99,0.85,6.58,0.43,
6.54,268.44,472.48,0.82,85.15,293.68,1.11,,1.61,1.0
6.72,326.51,490.63,0.04,49.25,293.82,1.06,3.92,0.69,1.0
7.52,277.6,402.62,2.88,61.52,250.6,0.25,41.5,0.34,1.0
7.55,270.88,445.02,1.78,90.1,261.22,0.67,30.98,0.14,1.0
7.91,286.4,403.24,2.75,35.12,303.93,0.24,45.91,0.16,1.0
7.61,230.32,171.7,5.14,,111.16,0.71,102.28,0.67,
6.36,317.45,386.38,1.1,35.87,249.99,0.03,28.48,0.76,1.0
3.96,249.92,460.08,2.33,56.1,310.81,0.48,40.37,0.38,
8.42,197.96,450.86,3.44,48.7,312.3,0.47,30.28,0.06,1.0
6.39,302.36,537.78,1.51,102.7,368.48,0.34,26.59,1.36,1.0
7.67,217.65,441.66,1.66,11.6,308.55,0.08,40.73,0.93,1.0
6.92,244.74,370.29,2.53,16.67,228.07,1.47,33.69,0.08,1.0
7.51,249.36,514.03,4.54,7.68,328.16,0.55,90.05,0.03,
8.24,173.18,294.7,2.64,67.15,206.93,1.68,44.98,0.38,1.0
9.1,116.08,123.63,1.16,,69.81,1.81,20.3,17.78,
8.0,155.4,267.39,1.28,79.75,173.7,0.24,9.26,0.17,1.0
7.64,43.3,151.02,1.51,12.68,106.14,0.55,37.71,16.09,
7.13,157.72,164.96,0.18,19.08,122.93,1.28,,1.53,1.0
7.55,68.71,271.1,1.84,120.81,140.66,0.69,21.97,0.89,1.0
8.49,68.52,141.52,2.01,99.3,106.28,1.93,11.3,0.06,1.0
7.36,140.96,238.41,2.05,54.77,150.29,0.85,39.65,1.05,1.0
6.69,10.0,10.0,0.55,,20.65,0.99,14.13,13.67,
6.1,214.62,342.66,2.35,130.58,238.27,1.55,35.28,0.2,1.0
7.81,210.67,300.24,1.02,42.15,227.32,0.13,22.64,1.02,1.0
7.6,80.18,136.58,1.76,59.9,115.85,0.88,32.88,6.92,
6.88,240.71,431.85,1.26,86.48,307.63,0.09,15.21,15.31,
8.22,272.13,487.51,3.15,,345.76,0.3,39.47,0.32,1.0
7.06,10.0,10.0,1.31,24.4,12.33,0.24,2.57,0.35,1.0
7.29,127.85,147.46,3.35,47.28,96.49,0.84,48.41,0.17,1.0
7.39,55.38,146.17,2.14,55.23,112.47,1.86,18.96,0.25,
7.12,109.55,112.02,2.42,,87.45,0.14,37.92,5.27,
7.59,280.49,465.89,2.08,63.05,296.65,1.46,29.64,1.47,1.0
8.32,130.68,261.23,1.15,51.35,177.9,0.15,13.2,0.46,1.0
6.49,179.18,247.1,2.41,116.69,159.91,0.21,46.56,0.08,1.0
7.79,10.0,10.0,1.57,90.01,5.0,2.49,13.69,,
7.54,288.16,427.08,2.32,39.23,303.41,0.01,16.28,0.95,1.0
7.52,41.93,52.15,2.6,42.16,35.0,0.22,36.8,0.23,1.0
8.1,157.38,311.99,3.91,90.58,243.77,0.24,51.21,0.19,1.0
7.44,239.72,355.48,2.47,61.34,198.55,0.33,38.28,0.81,1.0
7.78,370.61,572.13,2.96,,360.75,0.45,35.21,1.45,1.0
7.97,80.82,38.24,2.66,133.75,25.51,0.11,44.11,0.69,1.0
7.0,54.31,10.0,1.78,10.41,29.25,0.63,16.9,0.1,1.0
7.64,226.63,336.77,2.68,149.16,226.89,0.51,30.35,0.25,1.0
7.2,339.68,660.1,1.88,67.12,435.28,0.98,34.3,0.71,1.0
7.29,451.1,547.79,1.59,24.58,333.52,2.02,23.34,1.19,1.0
7.14,134.98,341.93,0.91,,199.12,0.35,1.78,3.29,1.0
7.78,168.47,201.67,2.65,81.07,137.54,0.79,30.27,0.36,1.0
7.47,298.42,461.42,1.43,,272.64,0.46,17.75,0.86,1.0
7.72,10.0,105.29,2.63,64.29,57.8,0.04,28.0,0.02,1.0
7.39,230.95,395.27,2.0,127.35,266.94,1.72,27.19,0.17,1.0
6.12,236.72,401.09,1.72,4.49,241.06,1.01,23.21,0.23,1.0
7.43,372.5,512.04,1.14,79.52,364.93,,7.88,1.86,1.0
7.45,475.49,851.93,3.3,17.54,578.23,0.29,56.01,,1.0
7.59,213.99,378.48,1.61,95.33,214.59,0.37,13.91,0.18,1.0
6.93,10.0,198.21,3.59,52.63,110.19,1.67,66.26,1.33,1.0
6.44,263.67,294.89,1.18,49.24,145.96,1.43,15.54,0.18,1.0
7.9,10.0,10.0,3.51,98.29,5.0,0.5,46.02,0.13,1.0
7.18,112.98,161.06,2.08,75.01,120.02,0.17,36.65,0.65,1.0
7.54,125.82,218.14,2.86,17.81,133.52,0.49,43.26,0.68,1.0
7.17,112.21,195.18,0.7,121.48,136.08,1.66,18.09,0.32,
7.4,238.78,330.47,0.69,,184.36,0.6,,17.07,
7.04,164.87,135.52,2.26,61.03,104.04,0.12,39.04,0.11,1.0
5.3,327.1,524.21,0.99,17.09,329.63,0.04,9.6,1.22,
7.78,212.78,300.04,3.33,,195.27,0.41,50.31,0.7,1.0
6.92,195.33,298.14,2.36,4.63,191.93,0.16,34.58,0.23,1.0
7.53,191.53,234.42,1.36,48.03,126.94,1.37,33.8,0.82,1.0
7.73,175.48,331.04,1.08,63.99,192.11,0.33,,0.07,1.0
6.93,332.78,465.02,1.71,92.36,321.62,2.1,41.81,0.07,1.0
6.44,131.47,126.57,1.43,109.04,90.25,0.96,28.55,1.33,1.0
9.34,155.15,168.38,2.5,61.11,130.45,0.5,38.95,0.05,
6.98,110.55,239.25,1.92,32.27,162.01,0.94,14.51,,1.0
7.9,10.08,30.83,3.17,91.56,22.9,0.35,30.8,0.25,1.0
8.95,93.66,136.15,2.63,25.41,53.98,0.15,33.87,0.05,1.0
8.03,54.31,204.76,1.13,,127.68,3.33,23.35,0.99,1.0
7.16,364.67,474.88,1.57,87.56,308.12,0.83,23.56,1.28,1.0
7.35,210.89,352.51,1.14,102.96,268.2,0.01,22.81,0.33,1.0
6.73,217.43,338.72,1.14,17.13,233.91,0.37,2.41,0.28,1.0
8.11,253.26,470.18,0.2,128.43,336.34,0.17,3.51,0.39,1.0
7.85,97.17,272.53,2.94,73.32,189.09,0.3,55.07,0.13,1.0
6.99,196.65,378.09,3.29,67.36,231.53,0.06,63.9,0.18,1.0
6.57,178.57,279.36,1.01,29.33,183.92,0.28,2.65,0.05,1.0
6.34,245.51,353.07,0.91,90.69,234.22,1.15,10.16,0.3,1.0
8.19,118.16,183.45,2.56,,100.46,1.72,35.01,0.47,1.0
7.5,23.34,10.0,1.18,36.41,5.0,0.43,11.45,1.33,1.0
7.57,147.04,273.14,3.27,20.67,173.43,0.74,58.19,0.67,1.0
4.36,375.54,584.55,1.28,,412.07,0.04,47.96,0.64,
6.23,365.29,485.24,,84.52,273.79,0.1,,0.18,1.0
8.17,331.09,493.08,1.87,63.65,344.62,0.8,32.29,9.56,
7.43,368.81,547.23,1.41,82.19,336.96,1.84,24.07,1.47,1.0
8.13,205.34,317.73,2.15,38.87,179.08,0.09,35.38,6.76,
7.09,128.52,339.46,1.65,89.4,244.25,0.54,38.1,0.02,1.0
7.21,53.65,176.47,2.58,53.09,129.34,3.52,42.38,7.47,
7.97,164.82,236.79,2.42,31.11,179.0,1.34,14.98,0.52,1.0
7.99,253.35,423.15,2.33,24.44,291.06,0.22,20.52,0.17,1.0
8.04,346.46,540.78,2.19,,392.7,0.34,22.19,2.44,1.0
7.16,247.09,272.11,2.0,96.57,188.05,2.95,22.5,19.45,
7.89,162.28,209.96,0.6,92.04,133.35,0.25,7.64,0.12,1.0
8.29,243.01,300.11,2.39,167.09,201.93,0.58,33.69,0.33,1.0
7.32,256.88,420.24,2.73,36.62,298.03,0.44,22.75,0.2,1.0
6.99,10.0,11.23,2.35,23.33,5.0,0.67,19.15,1.29,1.0
8.47,10.0,10.0,1.8,,5.0,0.27,5.79,0.29,1.0
6.88,73.7,189.89,2.59,88.4,117.25,1.1,23.32,0.26,1.0
7.9,111.43,55.86,2.24,79.19,5.0,0.27,43.46,0.49,1.0
7.35,158.54,198.37,2.71,112.07,131.7,0.92,37.95,0.04,1.0
5.93,188.29,270.44,1.91,13.33,138.07,0.44,19.16,0.71,
8.3,187.41,209.35,0.57,78.65,137.14,0.29,,0.73,1.0
5.19,253.29,590.49,1.82,29.12,401.13,1.19,17.19,0.32,
5.81,248.62,365.35,1.05,103.75,227.94,3.36,21.84,1.56,
7.82,150.52,360.09,1.54,71.45,267.6,2.04,27.8,0.43,1.0
7.82,254.3,424.44,2.09,,246.68,0.09,28.77,0.59,1.0
6.89,27.75,72.23,2.99,44.75,70.78,0.61,42.18,1.29,1.0
7.52,337.78,507.82,2.67,,343.59,1.19,22.28,16.61,
5.37,182.32,284.85,2.21,3.47,150.83,0.83,25.37,0.28,
7.97,327.71,434.1,3.25,5.89,336.38,1.3,54.28,0.01,1.0
3.8,21.28,85.63,2.05,24.36,54.38,3.69,23.96,0.65,
7.36,41.46,10.0,2.2,39.49,5.0,0.42,49.27,1.67,1.0
7.42,286.26,463.58,1.62,56.58,273.18,1.47,36.37,0.32,1.0
7.79,143.4,375.28,0.93,54.58,239.53,0.1,9.42,0.21,1.0
7.38,25.82,119.59,2.56,49.05,75.19,2.04,35.7,0.37,1.0
5.9,68.15,126.07,0.43,63.3,84.0,1.51,28.71,0.65,
9.16,370.67,525.09,1.07,0.01,335.35,0.74,24.5,,
8.36,60.46,62.12,2.18,52.93,53.04,1.72,33.37,1.09,1.0
6.37,318.75,628.53,1.15,107.38,400.79,1.1,19.12,1.09,1.0
7.12,64.91,119.88,2.02,43.37,39.22,0.8,31.76,0.39,1.0
7.21,357.5,427.68,2.15,69.79,275.0,2.92,32.04,0.07,1.0
8.26,146.13,234.28,1.44,66.06,104.93,0.14,10.89,0.56,
5.67,236.02,420.64,2.06,84.49,280.49,4.96,26.8,0.07,
7.0,139.29,191.18,2.04,61.49,104.68,0.17,16.27,0.35,1.0
5.99,198.63,267.44,0.86,83.81,177.1,0.65,20.14,0.05,
7.17,162.1,308.18,2.55,70.29,226.6,0.26,36.87,0.44,1.0
7.02,84.87,99.56,,76.29,45.74,0.32,7.75,0.19,1.0
7.46,252.45,448.16,3.88,67.69,312.53,1.0,45.43,0.89,1.0
6.92,154.38,197.36,2.53,9.73,119.61,0.04,52.23,0.8,1.0
6.8,161.05,254.28,3.02,3.17,200.35,2.83,58.29,3.24,1.0
7.9,84.78,101.13,2.66,35.87,58.43,0.33,24.18,8.57,
7.76,10.0,10.0,1.96,112.07,5.0,0.32,24.3,0.03,1.0
7.84,116.01,261.79,1.23,43.13,183.91,1.99,14.45,0.29,1.0
7.26,516.79,782.52,1.98,62.38,499.92,1.45,15.25,0.04,1.0
6.94,270.18,456.92,2.84,,280.17,1.11,39.94,0.1,1.0
7.3,191.94,296.15,1.18,57.75,182.94,0.16,23.24,0.45,1.0
7.8,133.13,247.42,2.16,53.44,159.93,1.47,27.66,0.45,1.0
3.81,227.63,304.49,0.19,,224.76,0.45,,0.02,
7.72,215.26,409.42,1.19,61.64,227.44,5.1,25.6,0.29,1.0
3.33,31.52,63.84,1.14,,41.96,1.11,9.2,0.38,
7.45,353.02,522.86,3.68,20.99,352.36,1.81,48.34,0.16,1.0
7.28,324.49,443.08,0.66,89.78,291.87,1.32,26.75,1.03,1.0
5.35,239.99,443.64,2.4,56.3,314.56,0.9,39.94,0.09,
7.05,330.6,387.7,3.59,32.06,250.51,1.26,45.83,0.15,1.0
8.83,198.02,303.92,3.01,28.64,193.86,0.91,33.19,0.09,1.0
7.41,208.6,434.57,3.52,33.28,294.32,0.05,62.48,0.06,1.0
7.15,269.47,418.36,3.67,56.44,273.92,0.42,64.02,1.06,1.0
7.41,118.37,229.19,2.06,1.97,141.17,0.38,25.78,0.16,1.0
7.68,132.87,185.28,2.48,94.98,130.75,1.25,24.54,19.45,
7.93,190.08,320.37,2.19,4.1,195.19,0.86,36.78,7.1,
7.22,369.6,609.8,2.48,,384.15,0.94,43.15,0.51,1.0
7.74,10.0,52.18,2.42,89.65,23.36,1.88,32.6,1.32,1.0
8.74,55.5,10.0,3.72,32.52,33.56,0.75,44.73,0.93,1.0
8.21,141.96,332.95,2.29,52.82,152.0,0.25,34.62,0.04,1.0
9.27,130.67,310.18,1.05,76.19,209.53,0.01,20.31,16.0,
6.87,219.17,334.67,2.6,21.22,218.22,0.17,34.07,0.3,1.0
8.74,289.42,348.79,2.73,55.49,193.1,0.03,43.58,0.22,1.0
6.77,135.59,255.36,1.18,75.93,172.18,0.27,21.28,14.85,
7.68,393.83,597.97,1.14,115.73,398.2,1.01,28.51,1.5,1.0
7.99,59.67,10.0,2.95,29.56,18.29,0.16,40.06,0.05,1.0
6.99,121.31,134.3,1.47,31.48,34.26,0.09,10.61,0.73,1.0
7.47,152.05,279.35,1.59,72.53,208.9,3.54,23.12,17.32,
8.13,10.0,10.0,1.54,58.34,5.0,5.78,39.95,0.24,1.0
6.83,48.52,264.83,2.25,44.52,185.87,1.01,16.05,10.73,
4.18,366.23,632.29,3.1,113.71,425.81,0.11,23.42,11.03,
6.29,241.41,304.18,2.67,,180.18,1.72,38.95,0.03,1.0
8.95,151.48,346.14,1.54,,238.2,0.77,19.27,0.35,1.0
8.2,63.79,47.97,3.34,,23.47,0.2,47.99,0.78,1.0
7.33,58.53,176.73,2.87,98.07,73.45,0.86,40.59,0.38,1.0
7.08,140.28,224.96,2.99,70.59,169.58,0.04,54.94,0.09,1.0
6.99,177.26,236.46,2.96,,138.2,3.59,43.97,14.37,1.0
4.98,300.82,556.33,1.49,45.08,344.52,1.75,30.48,1.29,
7.36,255.45,411.54,1.08,48.89,259.44,0.3,,0.54,1.0
8.4,25.87,77.71,1.66,,55.96,0.54,19.63,0.65,1.0
8.97,244.84,349.3,2.99,57.53,225.9,0.5,36.71,0.77,1.0
7.56,251.55,399.64,0.82,2.9,270.73,1.98,,0.05,1.0
6.72,319.64,528.03,0.68,78.27,316.43,0.44,11.31,0.44,1.0
6.96,447.58,616.11,0.19,4.12,385.62,0.05,1.79,0.24,1.0
7.25,91.3,96.98,0.74,58.77,60.72,0.24,6.49,0.07,1.0
6.58,48.18,137.83,1.21,101.78,127.55,0.24,16.9,0.11,1.0
6.46,24.8,48.48,2.12,88.98,29.24,2.98,32.9,0.76,1.0
9.08,148.12,253.2,0.85,70.29,186.28,2.58,22.86,0.09,
7.64,239.98,393.27,2.66,46.75,256.4,0.36,46.35,0.19,1.0
6.73,424.71,497.47,2.05,,313.68,,33.96,10.97,
8.05,189.43,284.81,,32.44,180.19,0.73,23.07,0.02,1.0
6.46,39.82,236.03,1.98,40.96,150.05,1.6,22.64,0.31,1.0
6.52,171.07,330.35,2.14,38.09,226.8,0.31,18.52,0.73,1.0
6.76,10.0,132.97,3.92,,113.92,0.58,70.49,5.62,
8.72,414.25,717.91,2.24,67.38,473.83,0.19,52.3,15.95,
7.2,10.0,10.0,0.23,2.76,30.24,0.4,,0.64,1.0
5.45,158.59,336.95,2.23,111.84,199.72,1.42,47.22,0.45,
8.37,346.8,704.72,2.17,55.92,449.78,0.56,27.28,0.63,1.0
7.15,200.02,301.36,2.6,89.17,181.4,0.59,44.92,0.13,1.0
5.92,157.22,261.99,4.64,88.34,176.58,1.56,75.96,0.81,
7.15,152.25,228.51,1.46,133.12,141.35,1.44,15.64,0.33,1.0
7.82,153.13,263.92,1.35,57.28,186.14,0.21,38.68,0.47,1.0
7.72,275.03,574.57,2.47,34.4,354.85,0.54,56.65,0.05,1.0
8.84,31.68,10.0,3.83,35.17,7.36,1.89,47.17,0.11,1.0
6.72,460.12,606.69,2.67,109.84,408.08,0.61,42.08,0.74,1.0
7.44,29.59,15.21,1.66,,5.0,1.08,34.01,0.13,1.0
6.84,126.71,246.67,2.98,14.88,202.77,0.37,25.95,0.05,1.0
6.17,57.09,214.15,3.79,59.48,133.54,0.06,57.17,0.45,1.0
8.11,205.22,417.71,1.23,43.89,231.01,0.18,1.94,14.61,
7.77,28.65,10.0,1.0,88.71,9.66,0.51,21.66,0.47,1.0
7.63,289.12,392.43,2.06,,255.75,0.44,31.7,0.48,1.0
7.74,435.96,704.86,2.3,47.32,456.52,2.26,30.78,0.35,1.0
6.85,56.41,27.37,3.38,42.52,37.61,0.79,35.09,0.34,1.0
6.6,238.15,337.94,1.53,7.11,234.61,0.99,16.98,1.29,1.0
7.43,125.89,167.6,2.4,85.15,114.9,1.17,41.22,0.38,1.0
8.33,198.18,385.18,3.56,46.33,259.37,0.76,52.94,0.48,1.0
8.69,190.99,303.83,2.22,44.64,195.4,1.47,45.28,0.16,1.0
8.04,60.6,171.7,1.6,17.01,147.12,1.53,35.35,1.02,1.0
7.42,239.42,397.57,2.57,35.21,228.84,0.43,49.41,0.01,1.0
7.62,413.06,660.87,1.67,9.13,432.36,0.09,19.67,0.41,1.0
7.41,241.03,261.82,2.34,84.55,171.48,4.29,38.01,0.24,1.0
5.42,200.88,443.95,1.81,91.31,304.83,1.03,17.55,0.46,
7.42,48.88,41.35,1.86,117.2,10.0,1.23,15.24,0.22,1.0
6.33,139.29,108.71,1.6,67.36,35.79,1.41,35.78,11.36,
7.3,274.63,394.48,1.43,36.43,259.55,0.95,9.53,0.01,1.0
8.71,399.74,596.82,2.99,31.24,393.56,0.64,31.97,0.26,1.0
8.06,252.06,371.12,2.19,69.63,271.02,4.18,33.9,0.89,1.0
6.66,207.35,237.39,3.27,58.03,128.9,1.3,46.4,0.14,
7.34,125.54,299.86,,43.03,218.0,1.87,,0.03,1.0
6.73,10.0,49.92,1.48,39.52,79.8,0.58,45.26,0.34,1.0
7.35,252.23,420.9,1.26,96.85,266.03,2.35,8.95,1.88,1.0
8.23,177.82,476.47,1.75,32.73,283.88,1.32,31.14,0.03,1.0
7.92,187.28,209.58,0.97,103.87,128.09,1.37,15.39,0.04,1.0
9.39,184.63,205.99,0.39,57.29,134.17,0.09,15.98,0.45,
8.35,190.24,353.18,2.67,35.28,240.84,0.96,32.23,0.14,1.0
4.25,109.06,212.66,1.41,18.59,126.4,0.41,18.86,0.26,
7.94,168.45,286.77,2.56,43.82,217.51,1.11,39.48,0.89,1.0
7.24,434.57,719.94,0.82,70.13,445.67,0.84,,0.11,1.0
6.5,156.72,250.59,0.36,34.92,128.1,0.12,,0.64,1.0
8.44,164.91,228.33,2.24,84.01,170.55,0.75,33.41,0.35,1.0
8.21,93.66,170.49,2.63,32.92,65.33,0.6,52.87,1.18,1.0
7.21,316.46,448.84,1.38,45.01,287.66,1.5,17.24,1.81,
7.62,180.55,263.76,0.98,,233.79,0.7,12.59,0.33,1.0
3.42,71.73,170.13,3.25,72.38,110.34,0.66,60.25,0.44,
8.08,405.31,564.26,1.94,39.31,344.35,1.27,27.65,0.68,1.0
6.23,282.44,583.92,1.0,113.15,378.4,1.1,22.8,0.19,
7.59,103.34,179.92,0.5,78.19,115.93,4.81,34.21,0.13,1.0
7.27,54.35,10.0,1.31,53.38,9.71,0.43,13.9,1.67,1.0
8.29,264.75,501.5,1.61,99.01,339.22,1.17,22.31,0.28,1.0
8.22,113.32,163.07,2.76,66.2,85.22,0.18,45.41,,1.0
8.45,302.04,458.13,1.98,90.33,331.53,1.63,44.67,0.91,1.0
6.51,10.0,10.0,1.86,15.51,11.4,1.54,26.82,0.46,1.0
6.77,283.49,478.52,1.08,68.45,325.57,1.29,23.56,0.09,1.0
8.29,26.83,57.77,3.38,70.11,24.98,0.13,54.19,0.02,1.0
6.93,240.1,446.15,2.98,,315.73,4.39,43.92,0.17,1.0
6.18,296.8,302.85,2.9,110.27,191.71,2.86,39.25,1.31,1.0
7.83,27.37,109.21,1.94,3.59,76.54,0.46,23.0,1.36,1.0
6.96,181.4,218.59,2.4,,123.42,0.86,66.67,0.19,1.0
8.83,242.72,437.26,,,264.28,2.2,,0.9,1.0
7.64,138.38,321.18,2.2,68.95,222.53,0.68,18.57,0.29,1.0
7.53,255.27,416.88,3.92,,262.1,0.91,61.29,0.53,1.0
7.1,449.63,695.29,1.42,29.32,434.86,0.92,23.33,9.54,1.0
8.67,52.03,10.0,1.01,83.51,5.0,1.05,19.48,0.36,1.0
7.69,452.18,623.44,1.86,57.68,419.22,0.86,19.12,0.17,1.0
7.07,339.79,320.87,1.14,25.05,195.99,0.52,6.81,0.03,
6.76,84.67,120.24,1.08,,75.8,0.78,13.28,0.08,1.0
7.34,10.0,33.94,2.27,45.7,22.36,2.05,43.05,0.17,1.0
6.62,179.95,262.18,2.82,84.21,132.07,2.0,32.19,1.87,1.0
8.22,277.29,484.33,2.27,78.03,285.39,1.48,35.62,1.69,1.0
5.95,210.99,274.49,0.85,121.47,185.14,0.53,7.68,0.88,
7.29,296.48,602.23,1.33,23.86,376.71,1.54,4.72,0.13,1.0
7.89,124.42,10.0,2.32,,27.63,0.49,22.0,0.29,1.0
7.67,221.35,297.58,2.66,62.4,212.76,1.09,48.96,0.29,1.0
6.83,10.0,49.52,1.79,58.46,46.57,0.84,20.84,0.24,1.0
7.93,188.18,372.73,1.11,49.81,278.67,0.36,29.04,0.02,1.0
6.69,327.23,477.38,2.77,20.14,308.63,0.6,41.24,0.38,1.0
7.38,188.33,215.85,3.81,,153.28,1.77,43.51,0.04,1.0
4.71,10.0,10.0,3.12,9.74,5.0,2.44,51.63,9.81,
7.77,239.53,339.79,3.98,72.28,269.91,0.23,51.75,16.12,
6.86,135.04,387.35,1.38,61.36,291.45,0.61,16.91,0.22,1.0
8.36,224.05,380.86,3.03,88.61,247.8,0.57,56.8,0.52,1.0
7.47,383.9,547.16,3.29,63.81,363.38,0.67,36.43,0.13,1.0
7.99,23.9,85.79,1.51,79.44,82.95,3.76,18.2,0.15,1.0
8.62,186.28,436.04,1.17,80.59,280.49,0.73,6.78,0.19,1.0
8.29,330.41,538.5,1.04,50.82,336.89,1.77,3.68,0.8,1.0
8.3,10.0,10.0,1.91,51.1,23.98,1.09,23.9,0.12,1.0
7.55,249.84,363.93,0.49,,238.12,0.11,,0.41,1.0
8.04,75.23,199.16,3.69,23.74,133.12,1.19,52.6,0.11,1.0
7.57,131.59,283.7,0.72,25.46,167.72,1.04,17.13,0.17,1.0
6.43,120.67,369.54,2.42,45.65,205.84,1.42,28.82,0.13,1.0
7.64,130.03,202.55,,12.79,136.38,0.08,,0.52,1.0
7.61,90.87,164.86,4.05,87.5,125.26,0.28,67.09,0.37,
7.87,124.68,306.83,3.25,14.74,194.92,1.47,41.17,0.64,1.0
7.3,59.22,82.55,0.41,94.1,82.39,0.46,24.37,15.94,
6.79,101.05,82.83,2.31,11.55,39.76,2.42,30.49,,1.0
7.93,250.75,435.87,1.76,25.85,262.22,0.73,25.02,17.28,
6.35,55.55,70.24,2.16,22.81,44.31,,9.28,0.06,1.0
8.57,273.62,433.26,2.64,30.15,279.97,1.2,27.91,16.43,
7.21,175.29,392.52,1.2,97.15,270.54,0.72,,0.18,1.0
7.6,108.83,10.0,1.95,36.92,5.0,0.38,32.14,0.69,1.0
7.85,75.15,164.49,0.19,37.93,134.28,0.02,2.04,0.49,1.0
7.87,356.1,538.82,2.08,20.33,389.57,0.22,37.55,0.1,1.0
6.27,100.72,103.77,,39.61,66.67,0.18,8.07,0.46,1.0
8.06,117.29,207.12,3.31,58.66,159.62,0.87,59.2,0.62,1.0
7.64,265.79,392.41,0.54,41.39,233.94,1.47,5.78,16.37,
6.89,286.3,456.68,2.29,43.99,318.35,0.27,35.27,0.14,1.0
6.8,78.93,249.69,2.83,90.64,183.25,1.2,48.22,0.57,1.0
7.13,91.69,180.5,3.86,60.95,134.59,2.3,50.01,0.47,1.0
6.36,320.06,584.47,3.77,3.96,379.6,0.97,47.22,0.04,1.0
8.78,365.58,647.78,3.39,46.59,361.97,1.49,66.31,0.55,1.0
8.59,232.26,495.77,1.98,28.47,309.42,0.23,11.7,0.34,1.0
7.76,246.56,317.06,3.12,70.84,193.57,0.08,51.73,0.7,1.0
7.22,163.11,138.35,2.28,54.12,70.36,0.45,37.55,8.78,
7.24,129.25,133.91,2.36,95.21,89.49,1.23,24.18,0.15,1.0
8.01,306.23,404.5,1.38,20.4,254.55,1.16,14.02,0.39,1.0
8.81,212.98,383.68,3.74,42.3,232.9,3.1,52.55,0.33,1.0
6.94,316.38,580.32,1.2,7.44,356.03,0.99,20.12,0.24,1.0
6.51,219.12,430.09,0.93,48.33,265.25,0.53,17.46,0.69,1.0
8.64,38.2,10.0,2.41,,28.93,1.6,35.81,0.42,1.0
5.97,317.59,510.39,0.21,62.86,318.53,0.17,5.0,0.62,
6.59,56.37,100.39,2.12,47.78,54.95,1.68,38.36,0.08,1.0
7.2,198.68,223.21,3.63,56.21,135.95,0.46,60.65,0.65,1.0
6.15,230.27,350.04,2.42,81.53,234.31,0.17,51.57,6.52,
8.29,377.55,699.13,2.03,58.99,463.56,0.18,40.91,0.02,1.0
8.09,519.14,921.98,1.16,,538.4,4.11,17.58,0.13,
6.94,286.91,421.34,0.5,27.77,294.31,0.98,13.87,0.01,1.0
8.42,210.1,263.36,2.86,46.79,199.91,0.19,47.19,0.31,1.0
8.56,271.72,406.9,2.03,36.88,243.48,0.31,32.06,0.2,1.0
7.31,381.36,477.53,2.62,41.76,290.95,0.47,30.68,2.19,1.0
7.04,223.27,235.87,,114.86,144.31,0.06,1.62,1.01,1.0
9.21,417.48,659.04,2.73,54.01,413.26,0.11,20.33,0.87,
7.98,165.68,346.01,3.99,65.29,229.39,1.43,70.51,0.35,1.0
7.61,174.23,399.55,3.34,,220.78,1.55,53.62,0.82,1.0
8.49,240.54,433.18,2.3,79.84,259.21,4.44,32.86,0.16,1.0
7.64,268.25,384.32,0.96,164.08,280.59,0.07,10.13,0.41,1.0
7.0,372.01,467.79,2.12,103.83,285.5,2.2,38.37,0.25,1.0
7.46,126.8,176.55,2.15,32.39,139.63,0.38,50.69,0.09,1.0
8.23,171.44,188.34,1.5,141.24,129.53,0.4,26.32,0.04,1.0
5.81,35.72,79.97,1.58,51.1,15.79,0.14,42.73,0.41,
7.17,263.88,387.9,4.1,62.26,264.84,4.29,69.32,16.43,
8.51,314.64,455.79,1.03,39.3,293.91,3.96,7.46,0.63,1.0
6.99,135.95,391.55,1.57,38.27,245.4,2.0,28.44,1.27,1.0
8.64,360.27,634.9,2.56,,417.58,0.1,42.32,0.09,1.0
8.53,226.81,298.88,4.18,81.5,203.77,1.84,54.65,0.32,
7.35,273.97,433.75,1.7,38.12,296.09,1.01,21.41,0.67,1.0
6.95,10.0,81.66,0.2,42.48,76.64,0.14,,0.17,1.0
4.89,12.04,222.58,,60.93,152.84,0.3,1.0,1.27,
9.53,245.18,439.11,4.52,33.42,257.91,1.17,65.0,1.1,
8.9,278.31,469.82,0.09,60.55,295.91,1.63,4.05,0.05,1.0
7.5,100.53,241.21,2.08,98.12,215.65,1.88,35.45,0.01,1.0
6.91,178.56,285.68,0.49,66.19,200.18,0.78,19.99,1.87,1.0
7.49,31.32,10.0,1.21,43.86,53.89,0.76,23.66,1.57,
7.6,170.69,228.59,1.35,45.06,176.49,1.15,13.26,0.27,1.0
6.41,169.05,478.08,0.04,58.02,315.59,1.5,21.78,0.03,1.0
7.46,183.31,415.04,3.22,16.71,275.8,0.19,41.33,0.48,1.0
8.46,224.85,400.13,2.43,58.31,259.35,1.35,32.59,0.17,1.0
5.96,214.58,309.95,1.57,77.38,166.71,0.42,29.57,1.38,
8.06,205.31,301.41,1.43,53.5,196.28,0.48,50.33,0.79,1.0
8.5,124.35,167.94,3.09,33.03,133.37,0.08,50.34,0.52,1.0
6.95,244.69,439.77,2.09,38.52,273.85,0.89,24.93,0.17,1.0
8.76,214.14,384.19,4.09,76.09,257.97,0.1,44.89,6.48,
6.85,202.63,398.4,1.55,5.99,275.99,2.44,6.23,0.17,1.0
7.75,155.29,194.79,2.43,17.34,108.42,0.97,36.49,0.02,1.0
7.15,10.0,10.0,0.77,,5.0,4.63,16.98,0.36,1.0
7.15,354.16,519.43,1.57,51.36,317.27,0.28,9.3,0.34,1.0
6.91,132.93,204.23,3.04,84.48,116.31,1.14,47.78,0.72,1.0
7.96,74.21,127.44,3.18,103.26,57.09,3.34,34.55,1.0,1.0
8.08,230.38,438.7,3.84,111.95,267.14,0.35,48.38,0.22,1.0
7.35,65.18,221.6,2.45,22.38,172.43,0.1,42.99,0.3,1.0
6.31,274.81,511.99,3.24,60.0,314.48,1.01,41.06,0.32,1.0
7.72,237.54,423.4,2.62,33.91,277.74,0.46,52.46,0.2,1.0
7.74,143.58,436.71,1.59,115.91,273.81,0.32,17.96,0.68,1.0
7.23,10.0,26.81,0.49,102.14,41.0,5.05,18.38,0.37,1.0
8.89,371.65,542.39,1.77,56.72,378.78,1.4,49.18,1.23,1.0
6.15,239.71,352.25,0.85,25.23,246.24,0.66,5.36,0.53,1.0
5.63,110.88,226.14,3.05,,153.12,0.05,70.48,0.12,
6.82,199.55,328.68,3.11,,209.02,0.21,46.81,0.09,1.0
7.97,10.0,10.0,0.98,,5.0,0.35,8.44,0.23,1.0
6.56,236.48,381.73,3.11,,287.0,0.67,43.72,0.21,1.0
6.62,133.48,94.13,0.82,125.15,45.99,0.69,8.26,0.26,1.0
8.16,66.1,29.47,3.44,,32.43,0.03,65.69,0.1,1.0
7.77,32.04,10.0,1.84,7.56,27.69,2.87,40.75,1.91,1.0
7.7,288.88,522.54,2.46,13.18,328.54,0.78,49.94,0.08,1.0
8.03,141.99,174.15,3.45,153.94,133.96,0.02,38.75,0.53,1.0
7.06,279.7,606.75,2.6,47.5,409.67,1.21,40.85,0.01,1.0
7.1,103.09,192.84,1.87,89.77,159.91,0.07,12.5,0.26,1.0
8.05,35.19,10.0,2.87,57.02,5.0,1.28,53.23,0.18,1.0
6.32,83.04,76.7,1.03,,24.13,1.21,10.65,19.73,
5.69,361.79,547.16,0.07,111.31,345.55,4.19,6.1,0.34,
7.05,176.03,268.82,3.15,66.04,178.91,0.42,42.17,0.46,1.0
8.14,104.42,190.34,0.69,45.13,124.89,0.16,,0.44,1.0
7.6,226.1,332.0,2.92,120.41,207.93,0.1,52.68,0.5,1.0
8.09,192.57,400.36,2.14,36.14,222.05,0.07,41.74,0.93,1.0
5.79,271.85,523.48,1.99,44.22,349.67,1.66,31.18,18.13,
7.65,356.91,589.7,1.05,36.2,422.75,1.27,,0.67,1.0
7.92,145.49,228.05,1.55,93.05,157.52,3.73,30.75,0.04,1.0
6.32,10.0,34.79,2.01,82.55,34.8,0.37,22.83,1.63,1.0
8.09,153.14,217.31,2.2,61.14,152.7,1.63,38.14,1.47,1.0
7.31,249.87,352.06,1.1,7.93,236.78,0.1,11.55,0.62,1.0
9.86,60.48,107.25,2.74,35.19,88.34,2.34,37.27,0.36,
5.66,183.87,108.57,2.81,7.92,78.48,0.05,47.08,0.14,
8.5,187.11,368.76,2.48,96.41,233.44,1.55,29.05,0.71,1.0
7.08,156.11,290.27,1.56,,172.76,0.37,21.75,1.05,1.0
6.11,164.18,306.56,2.86,113.77,194.28,0.2,47.99,0.55,1.0
6.98,85.17,148.3,2.62,101.51,102.68,1.22,60.98,0.5,1.0
7.62,135.92,253.92,0.05,13.26,158.73,2.26,,0.11,1.0
8.23,10.0,115.15,2.21,33.34,81.14,1.44,41.56,0.22,1.0
8.78,259.5,478.04,3.93,21.5,319.51,0.38,47.28,0.64,1.0
8.54,299.35,507.05,2.97,67.21,346.25,0.44,61.53,0.01,1.0
6.63,67.43,10.0,3.15,106.5,32.16,0.21,39.22,0.51,1.0
8.3,178.57,114.1,1.3,97.42,75.72,1.74,18.16,0.73,1.0
7.71,72.77,10.0,2.13,32.68,5.0,0.11,37.0,0.2,1.0
6.88,63.23,170.0,1.82,100.19,103.59,2.34,19.45,0.04,1.0
7.23,135.2,283.31,2.0,96.87,185.03,0.92,40.78,0.85,1.0
6.83,10.0,10.07,1.49,42.45,5.0,0.89,15.67,0.08,1.0
7.43,158.6,115.63,0.76,49.62,102.93,1.82,19.78,0.23,1.0
6.82,51.25,99.21,2.06,111.67,67.33,1.1,41.64,0.61,1.0
6.58,138.5,341.45,1.22,92.33,229.57,0.36,24.07,0.85,1.0
7.78,163.26,313.87,2.59,98.99,231.33,0.43,45.87,0.99,1.0
7.9,131.24,155.65,1.97,153.42,88.57,0.19,54.85,0.38,1.0
7.25,235.72,335.36,0.07,71.89,229.47,0.62,5.26,0.32,1.0
8.49,104.39,190.66,3.38,63.03,121.73,0.12,51.83,0.94,1.0
7.19,181.57,245.67,2.44,104.32,156.0,1.06,39.89,0.41,1.0
7.16,267.16,634.69,1.54,129.51,397.1,0.19,35.84,0.43,1.0
7.93,346.05,568.09,1.66,25.54,402.57,1.99,48.25,13.0,
7.29,67.08,40.08,0.77,41.93,18.54,1.21,9.91,0.23,1.0
7.47,237.92,465.95,1.94,9.26,316.85,2.22,19.94,0.33,1.0
5.38,235.55,462.28,2.68,63.71,262.98,0.09,51.84,10.28,
7.41,10.0,70.35,3.74,85.57,69.33,1.6,42.54,0.21,1.0
5.94,357.75,463.76,1.91,12.04,322.49,2.13,31.25,2.53,
6.42,328.54,607.59,2.05,95.35,396.88,0.05,33.78,0.2,1.0
6.33,57.35,75.49,3.19,31.87,44.53,6.99,46.81,0.15,
6.57,100.1,116.5,0.84,28.61,83.72,0.36,12.13,12.9,
6.96,377.72,503.53,2.15,95.2,373.07,0.24,15.66,0.45,1.0
7.01,204.88,354.3,1.24,24.99,195.03,0.54,9.97,1.21,1.0
7.93,219.21,410.3,2.13,,282.33,0.01,41.34,0.78,1.0
7.58,229.52,368.12,2.94,79.75,221.04,2.17,23.64,0.92,1.0
5.88,291.09,378.14,0.35,44.73,245.39,0.31,4.36,0.98,
7.47,12.31,34.71,3.11,97.92,17.6,0.74,43.54,1.27,1.0
7.65,257.93,509.46,2.36,83.32,322.58,0.98,15.47,0.13,1.0
7.14,243.31,533.92,2.14,,346.84,1.57,49.02,0.31,1.0
7.35,91.41,254.12,3.35,102.62,142.5,0.29,39.89,0.24,1.0
7.55,218.0,291.3,1.21,125.99,209.93,1.26,23.63,0.24,1.0
8.01,10.0,10.0,0.66,91.34,5.0,0.13,5.21,0.53,1.0
6.14,211.33,402.85,0.98,92.95,272.65,1.22,6.19,0.26,1.0
7.2,212.85,414.41,2.53,40.09,262.84,2.52,35.63,0.48,1.0
8.61,176.79,287.56,1.51,30.93,163.5,0.09,19.01,0.24,1.0
8.53,302.95,524.87,1.13,58.5,345.21,0.12,15.03,0.19,1.0
8.08,126.25,233.18,1.02,86.8,120.43,0.81,7.47,0.22,1.0
7.83,315.22,412.92,2.17,85.79,269.19,0.05,22.48,0.81,1.0
8.72,134.54,96.07,1.97,32.49,33.99,0.21,39.63,0.46,1.0
8.93,96.67,295.29,0.58,28.43,201.16,0.21,8.79,1.82,1.0
7.3,175.46,265.13,0.61,,153.85,0.66,8.62,0.89,1.0
6.62,168.19,345.06,1.47,75.88,215.27,0.29,13.18,0.33,1.0
7.18,123.24,226.09,2.92,34.41,152.84,0.65,59.52,0.14,1.0
9.88,179.69,273.71,1.57,37.96,162.46,0.74,22.74,0.56,
6.14,268.49,465.21,0.52,119.12,301.23,1.31,,0.65,1.0
7.02,139.11,212.65,1.91,73.94,107.94,2.92,31.46,0.31,1.0
6.27,39.65,10.0,2.04,62.92,19.12,0.7,22.93,0.13,1.0
7.5,404.68,649.92,0.51,83.21,457.74,0.44,16.83,0.41,
6.44,313.43,576.29,0.78,106.82,430.43,0.3,22.12,0.15,1.0
7.31,10.0,41.55,2.74,,28.83,1.01,50.39,1.41,1.0
5.84,190.78,437.94,0.77,27.37,300.43,2.86,6.93,0.5,
7.89,76.95,199.41,2.79,40.71,94.0,1.45,40.66,0.17,1.0
8.38,309.72,352.7,0.45,10.87,259.31,0.23,9.29,16.01,
7.09,175.71,358.84,0.49,39.39,248.77,2.24,16.29,0.63,1.0
7.29,92.2,253.12,2.02,,154.85,1.33,19.97,0.62,1.0
7.27,101.94,143.25,1.25,86.89,117.85,0.14,19.61,16.34,
7.54,91.62,161.89,1.47,29.3,100.14,1.25,40.66,0.48,1.0
7.37,60.28,116.76,2.15,58.04,66.73,0.34,26.92,0.46,1.0
8.01,150.63,133.64,1.44,52.05,96.37,0.68,21.28,0.22,1.0
8.39,199.39,286.56,1.05,72.3,165.0,0.36,41.91,1.39,1.0
6.75,67.61,156.85,2.49,,122.38,0.09,34.95,0.33,1.0
7.15,240.62,436.41,2.18,68.01,262.55,1.46,17.32,0.01,1.0
8.12,333.34,597.45,2.04,39.0,367.34,1.76,30.08,0.21,1.0
6.26,154.13,183.99,1.98,66.27,101.4,0.26,46.46,0.07,1.0
5.82,193.32,347.88,1.2,2.82,241.31,0.27,28.54,0.23,
7.58,150.3,399.94,0.99,66.55,247.62,0.56,5.05,6.1,
7.8,234.22,394.4,1.66,101.94,229.4,1.67,28.98,0.01,
6.82,112.26,315.19,1.21,57.59,192.76,0.08,16.46,1.02,1.0
6.94,378.33,448.54,1.99,21.31,290.91,1.65,37.93,17.07,
6.79,189.59,396.45,1.61,23.06,234.07,2.56,17.97,0.18,1.0
6.71,23.39,52.47,2.02,73.05,11.07,0.82,35.22,0.19,1.0
7.95,297.21,473.83,1.91,72.79,350.22,0.06,47.71,0.31,1.0
6.46,272.04,477.46,3.77,64.26,293.14,0.31,30.36,0.14,1.0
7.19,73.9,147.34,0.61,48.5,89.31,0.12,15.14,,1.0
6.68,205.64,307.59,1.81,58.12,192.59,0.3,40.38,0.01,1.0
6.24,338.31,436.67,0.89,47.4,275.41,1.67,,14.62,
8.1,193.26,258.14,1.52,34.76,180.22,0.06,15.55,0.07,1.0
6.98,382.68,514.6,1.18,80.3,353.45,0.33,13.81,0.01,1.0
7.55,411.33,772.77,2.64,62.4,496.18,0.73,32.28,0.98,1.0
6.19,101.55,142.8,0.53,101.62,68.09,2.07,,0.16,1.0
6.81,22.04,23.79,2.78,94.67,40.95,0.29,37.96,0.35,1.0
8.0,234.01,360.76,2.53,61.1,232.59,1.51,46.46,0.1,1.0
9.47,335.4,444.31,4.06,73.82,323.41,0.88,75.71,0.02,
5.82,141.26,253.83,3.8,11.71,120.08,1.13,70.07,0.68,
7.24,334.12,590.65,1.2,46.9,387.83,1.98,27.97,0.07,1.0
7.73,46.07,32.28,3.24,63.71,59.35,0.03,66.87,0.01,1.0
6.91,174.24,438.58,1.68,,278.01,0.75,45.45,0.44,1.0
3.18,95.45,178.83,2.3,67.18,111.73,1.38,36.23,0.01,
6.71,379.62,643.88,3.72,11.63,424.43,2.16,70.11,0.29,1.0
7.52,373.08,698.5,1.24,16.02,442.85,0.14,22.87,0.17,1.0
6.98,140.85,146.67,2.06,28.82,89.09,0.42,28.68,0.19,1.0
8.38,60.94,190.09,0.05,48.78,116.8,0.08,0.29,,1.0
6.86,276.36,471.92,2.89,,294.2,1.8,53.44,1.67,1.0
7.12,148.2,222.57,4.1,84.27,169.25,1.95,76.2,0.36,
8.16,242.22,290.92,2.57,57.1,198.32,0.66,44.4,0.42,1.0
6.58,182.52,305.08,3.37,127.0,203.31,0.02,46.56,0.55,1.0
7.46,52.81,10.0,3.14,62.0,22.67,0.11,42.23,0.8,1.0
5.94,213.37,297.23,1.29,72.83,187.91,0.98,0.87,0.47,
6.53,103.41,162.05,2.32,15.85,89.85,4.05,38.47,0.72,1.0
7.71,66.35,201.38,2.49,2.73,118.84,1.83,40.34,0.3,1.0
6.61,281.51,588.73,0.83,74.77,382.71,1.6,2.06,0.23,1.0
6.96,34.54,48.7,3.44,6.27,10.47,0.54,56.4,0.87,1.0
7.79,250.45,462.64,1.5,75.67,290.71,4.21,26.99,1.0,1.0
6.94,192.49,244.21,1.78,118.26,148.41,1.74,11.91,0.07,
8.06,183.72,244.05,1.74,87.83,201.12,0.41,22.83,5.61,
7.57,265.61,458.07,2.04,72.82,242.27,1.38,44.65,0.58,1.0
5.13,162.92,368.01,4.93,60.78,235.61,0.57,67.61,0.04,
8.39,274.01,414.12,1.39,34.64,303.69,1.08,21.08,1.33,1.0
7.66,245.28,493.64,0.45,45.42,323.3,3.51,8.42,0.37,1.0
5.07,102.32,233.74,2.16,27.38,167.0,0.28,32.19,0.52,
8.13,57.56,177.55,1.14,,117.41,1.58,23.94,0.1,1.0
6.98,42.86,82.97,1.59,51.42,40.58,0.89,33.22,0.15,1.0
8.43,139.46,134.92,2.62,94.32,42.86,3.0,51.94,0.06,1.0
7.61,533.64,889.82,0.91,,582.49,0.14,10.55,0.15,1.0
7.08,307.2,548.94,1.64,105.94,341.3,1.27,29.78,0.34,1.0
7.62,10.0,29.79,2.29,98.69,5.0,0.04,42.79,0.9,1.0
8.29,48.91,35.51,1.22,65.88,13.1,0.28,17.14,0.38,1.0
7.76,198.8,396.37,1.96,66.2,292.54,0.39,22.21,0.14,1.0
8.86,251.55,409.45,2.29,42.55,314.24,0.57,35.82,0.02,1.0
8.27,228.16,409.78,1.88,51.68,270.7,3.36,22.2,0.49,1.0
7.82,191.31,249.01,2.16,31.46,152.56,0.07,25.31,0.27,1.0
6.58,157.08,274.91,2.36,51.27,155.15,0.19,37.55,9.7,
7.26,216.4,365.58,1.33,55.59,247.0,0.23,18.02,0.76,1.0
7.46,214.59,317.18,0.53,125.25,241.82,0.55,9.73,0.83,1.0
7.96,111.35,10.0,0.96,72.62,5.0,0.06,,0.01,1.0
7.91,196.85,254.04,0.8,41.62,117.55,3.36,10.27,0.75,1.0
7.54,73.4,129.72,3.23,46.04,97.72,0.82,25.88,0.11,1.0
7.5,201.19,335.04,0.26,21.47,237.49,1.68,,0.44,1.0
7.98,511.99,897.05,2.63,28.06,551.37,1.48,38.53,0.3,1.0
6.71,176.6,373.5,1.32,86.43,246.3,1.08,31.86,0.42,1.0
8.76,114.74,237.29,3.04,30.24,163.27,2.35,50.9,0.07,1.0
5.76,252.01,484.36,1.58,25.3,313.37,2.33,24.57,12.66,
8.56,270.59,396.54,2.03,26.3,241.93,0.14,26.7,0.02,1.0
7.36,176.85,384.02,2.52,20.83,269.93,2.32,35.25,0.02,1.0
8.2,319.48,421.37,3.25,95.09,265.82,0.74,61.87,0.54,1.0
7.69,464.39,711.31,1.43,55.71,432.65,0.31,10.38,1.52,1.0
7.68,45.32,73.82,1.38,38.71,7.0,0.94,13.5,0.75,1.0
7.84,236.85,394.73,2.51,51.17,281.79,0.33,48.34,0.32,1.0
8.05,40.97,114.72,0.41,58.69,86.9,0.65,2.76,0.03,1.0
7.14,260.17,411.1,0.28,20.11,268.98,1.7,23.63,0.02,1.0
8.23,124.16,116.26,2.37,,66.77,0.03,42.41,0.09,1.0
6.53,94.76,216.53,2.67,103.54,130.16,0.2,51.59,1.86,1.0
4.18,67.92,240.98,2.33,89.52,135.12,3.14,18.75,0.25,
8.07,332.26,495.16,1.9,65.11,313.23,0.59,39.13,0.93,1.0
8.2,306.43,483.69,1.46,86.77,272.0,0.36,13.43,7.83,
7.77,10.0,50.86,3.59,126.57,18.34,2.57,60.97,0.46,1.0
7.09,149.92,310.99,3.72,28.58,195.92,2.42,52.13,1.48,1.0
8.12,51.9,158.08,2.11,5.2,114.95,0.05,33.84,0.13,1.0
6.86,10.0,48.3,1.32,76.46,30.6,0.45,8.68,0.3,1.0
8.8,137.77,256.6,0.99,,182.69,2.44,,1.0,1.0
7.33,129.65,238.3,2.43,51.52,181.88,0.2,37.97,0.4,1.0
6.17,438.67,785.34,0.77,38.06,531.64,0.86,8.63,0.14,1.0
6.44,194.05,386.59,0.79,76.96,260.69,0.39,2.98,0.12,1.0
7.43,10.0,24.48,1.52,30.71,16.15,1.33,5.92,0.7,1.0
7.51,120.61,187.05,2.51,97.99,101.96,0.17,10.86,0.01,1.0
8.98,286.75,504.28,3.47,20.12,342.58,0.91,57.27,1.23,1.0
6.57,488.55,717.69,2.25,78.23,500.09,,31.21,7.33,
4.4,31.4,10.0,2.5,23.34,13.34,0.29,31.41,0.5,
6.55,10.0,10.0,2.98,71.94,44.85,0.18,46.87,5.21,
7.01,430.7,674.19,2.89,9.41,407.71,0.24,53.49,18.67,
8.75,257.03,377.92,1.45,49.04,222.57,1.97,24.42,5.84,
6.49,54.07,126.34,2.87,102.88,99.23,2.46,38.64,0.96,1.0
7.87,169.4,406.93,3.03,54.6,269.79,1.41,66.8,0.54,1.0
7.71,10.0,10.0,2.31,97.32,32.78,0.89,28.3,0.76,1.0
7.38,180.02,300.68,2.14,48.95,195.13,0.26,17.95,0.06,1.0
7.82,163.26,365.56,2.6,29.8,220.26,0.32,39.99,0.03,1.0
6.47,218.35,484.85,2.5,56.88,310.88,0.37,34.87,0.01,1.0
8.73,53.95,97.22,0.14,74.74,32.54,1.5,11.53,0.08,1.0
8.94,178.63,317.14,2.43,,183.57,0.29,31.17,0.55,1.0
7.44,48.09,114.92,3.18,70.89,94.14,3.63,46.04,0.34,1.0
9.34,206.48,351.08,2.99,12.41,245.66,1.59,36.17,0.7,
7.08,17.42,120.93,2.38,2.46,85.87,8.17,43.73,0.11,
7.72,109.29,218.38,2.15,71.54,107.53,0.61,33.66,0.23,1.0
8.55,87.17,100.84,1.6,103.54,58.38,0.89,21.3,1.1,1.0
7.03,240.64,430.23,1.89,58.66,255.15,0.33,26.78,1.37,1.0
6.29,199.42,471.69,2.73,,330.13,0.93,40.7,1.27,1.0
6.11,128.21,253.08,2.38,23.18,152.82,3.65,21.39,0.85,1.0
9.05,131.08,307.65,2.9,33.27,178.26,0.03,55.18,0.58,
6.98,19.53,10.28,1.48,57.84,7.28,0.34,33.25,1.22,1.0
7.25,159.98,240.06,3.08,47.12,143.24,0.33,46.66,10.49,
6.51,91.04,289.96,1.38,69.81,218.15,4.04,20.06,1.54,1.0
8.16,532.45,824.16,2.2,90.0,521.01,0.14,23.08,0.01,1.0
6.77,10.0,77.61,1.44,63.79,22.46,1.67,38.84,1.27,1.0
7.01,433.66,592.84,1.9,85.92,342.28,0.32,43.38,0.41,1.0
7.64,297.18,499.37,4.03,39.21,323.98,1.97,64.45,0.06,
6.55,151.36,356.13,2.51,181.84,220.24,0.67,45.84,0.12,1.0
7.26,333.94,651.72,2.23,72.13,395.04,0.28,45.68,0.96,1.0
8.52,242.06,374.42,3.41,77.36,267.16,1.24,61.45,0.35,1.0
7.74,207.13,377.83,,120.31,258.94,1.84,,2.03,1.0
7.5,168.79,289.38,1.84,53.53,187.53,0.64,24.51,0.06,
7.57,407.47,544.71,1.5,24.18,381.35,1.25,27.19,0.27,1.0
7.09,276.61,519.29,1.14,102.26,350.79,0.2,19.17,0.2,1.0
9.0,107.92,174.86,0.47,104.61,97.2,2.77,14.6,0.36,1.0
6.75,92.68,36.15,1.78,56.14,5.0,0.1,33.15,0.5,1.0
7.57,169.17,259.4,2.69,120.39,184.97,0.25,42.87,0.54,1.0
7.49,10.0,139.99,1.85,46.67,98.92,0.34,1.76,,1.0
8.21,197.65,287.3,2.8,87.29,190.14,0.17,53.71,0.05,
8.28,270.34,547.49,2.07,110.62,338.94,0.52,39.46,0.02,1.0
7.37,195.46,208.54,3.17,53.93,147.71,0.61,68.18,1.0,1.0
7.63,133.72,291.44,1.5,68.27,174.32,0.73,17.68,0.19,1.0
7.66,335.44,311.6,0.13,91.04,200.5,0.04,,0.23,1.0
5.58,355.18,469.69,0.42,35.35,334.23,0.25,4.49,0.3,
4.78,10.0,10.0,1.5,17.43,5.0,1.65,27.1,0.95,
6.92,108.2,178.66,1.12,103.32,84.67,1.66,12.38,0.01,
6.95,243.04,342.26,1.41,62.27,201.42,0.4,34.86,0.06,1.0
6.44,363.19,540.02,3.14,29.78,370.9,0.62,40.48,0.58,1.0
8.0,143.09,201.62,0.5,53.76,136.15,0.2,6.47,1.66,1.0
7.4,68.61,10.0,3.51,70.34,5.0,1.73,50.16,0.51,1.0
7.23,248.22,423.94,1.19,,265.38,3.14,45.66,0.15,1.0
6.4,85.42,172.93,0.76,78.64,122.11,0.34,2.28,8.09,
7.36,19.9,62.07,1.86,66.34,23.36,1.52,33.76,1.84,1.0
5.3,148.0,175.13,3.5,116.2,119.95,0.43,40.47,0.38,
4.69,176.12,263.09,1.29,41.24,156.39,,22.75,0.23,
7.45,121.99,179.05,1.4,105.08,98.43,0.92,11.44,0.24,1.0
7.59,45.76,10.0,1.47,48.21,5.0,0.53,32.99,1.71,1.0
6.15,185.1,479.41,3.15,55.57,304.11,1.42,56.33,0.63,1.0
7.58,348.49,554.98,1.55,61.24,359.76,1.38,26.02,16.12,
6.57,269.11,430.3,2.45,133.73,284.41,2.92,22.78,0.13,1.0
6.75,126.92,72.46,2.12,0.42,5.0,0.58,31.28,0.41,1.0
7.97,79.39,259.7,1.89,69.8,152.65,0.66,25.31,0.22,1.0
9.01,257.08,298.7,1.5,51.69,186.32,0.51,30.82,0.14,
7.44,255.63,419.76,3.97,48.86,302.94,0.35,50.51,1.13,1.0
6.75,284.65,433.67,4.79,73.32,260.28,1.02,83.43,0.24,
7.55,175.7,153.17,1.12,94.24,102.81,1.76,26.42,0.17,1.0
8.15,217.88,316.4,0.93,71.27,235.56,0.17,0.18,1.34,1.0
7.9,254.89,391.46,2.04,99.41,228.19,4.01,28.42,0.11,1.0
9.59,366.81,591.16,,39.96,392.14,1.15,,15.61,
6.83,240.37,440.9,2.05,48.06,270.54,1.51,40.78,0.53,1.0
7.6,273.26,457.81,4.01,9.97,287.48,6.77,53.24,1.27,
8.64,154.28,316.77,1.4,129.32,189.84,0.7,23.09,0.89,1.0
8.59,347.03,582.09,3.08,42.53,363.72,0.07,57.2,0.61,1.0
5.84,112.38,381.95,3.47,38.11,302.71,1.56,54.55,0.19,1.0
7.4,98.12,127.78,1.14,74.27,99.95,2.05,,0.34,1.0
8.59,342.32,580.67,2.18,94.28,399.47,0.18,27.73,1.45,1.0
9.71,246.94,439.58,2.35,22.32,295.57,0.02,44.35,17.09,
7.96,137.82,211.39,2.73,97.47,105.28,0.15,48.73,0.79,1.0
7.11,50.78,204.1,2.8,37.87,140.57,0.39,19.53,0.15,1.0
6.59,312.05,359.32,3.12,107.22,255.01,2.58,48.84,0.1,1.0
9.17,230.44,392.64,1.22,28.36,238.15,,27.73,0.13,
7.98,196.38,339.46,2.17,79.42,239.95,1.63,38.0,0.03,1.0
6.72,169.09,362.26,3.48,51.71,249.56,1.93,58.77,2.41,1.0
7.24,385.19,639.99,3.59,4.94,453.04,1.67,74.48,1.02,1.0
7.65,377.93,514.31,2.23,,325.94,0.09,32.94,0.37,1.0
7.84,254.67,338.13,1.47,20.28,197.83,1.14,25.07,0.63,1.0
6.68,335.68,488.26,3.04,89.7,310.14,3.08,36.13,0.41,1.0
6.91,83.42,93.5,2.54,,89.48,0.13,31.7,0.83,1.0
6.08,209.82,379.59,2.51,63.36,210.16,0.03,34.4,0.93,1.0
8.23,324.61,661.86,2.78,59.88,388.84,2.07,50.13,0.13,1.0
7.13,143.78,256.39,1.05,,168.44,1.04,8.26,0.31,1.0
7.77,66.49,130.47,2.85,18.12,75.96,1.04,55.05,0.5,1.0
8.54,154.19,169.58,2.15,18.05,110.38,3.34,21.39,14.25,
7.58,64.71,82.07,3.14,52.11,72.25,1.47,53.52,0.57,1.0
7.31,166.44,143.05,2.02,108.65,81.93,0.51,35.83,1.14,1.0
7.56,195.41,225.9,2.58,93.0,109.37,0.57,41.33,0.94,1.0
7.45,10.0,18.89,2.46,35.59,53.17,0.16,46.71,0.44,1.0
8.4,92.12,303.12,1.45,16.82,177.09,0.36,14.39,1.12,1.0
7.65,357.55,480.46,1.1,,291.12,0.59,11.81,13.87,
6.96,139.04,118.45,2.81,34.86,99.07,0.3,32.47,0.24,1.0
8.24,294.0,603.86,1.14,14.05,384.82,2.48,17.24,0.76,1.0
8.38,316.76,402.16,1.66,48.55,260.14,0.01,23.76,0.07,1.0
6.33,322.78,506.12,1.63,50.07,338.63,0.88,33.07,0.18,1.0
8.63,109.09,168.43,2.37,30.98,131.15,1.48,39.37,0.47,1.0
7.69,363.28,470.91,2.68,31.81,299.42,1.32,47.03,0.27,1.0
3.04,116.2,81.61,0.44,22.25,83.45,1.03,4.68,1.41,
8.21,319.4,478.05,1.27,29.5,268.02,0.53,23.18,1.59,1.0
6.95,224.28,334.37,1.23,107.44,232.53,2.51,36.54,0.35,1.0
8.16,277.21,410.65,1.77,70.71,250.13,0.4,13.12,0.39,1.0
7.1,18.93,64.88,0.01,71.25,69.62,1.39,,0.64,1.0
6.22,69.84,120.99,3.13,90.48,81.48,2.61,53.38,0.31,1.0
6.6,206.55,419.45,2.06,86.94,259.18,0.14,22.42,0.11,1.0
7.85,49.55,110.33,1.87,106.99,84.97,2.94,14.17,0.69,1.0
6.64,217.25,392.64,2.75,73.54,273.08,1.5,46.66,0.67,1.0
8.69,10.0,26.57,2.52,58.21,30.11,0.96,27.72,11.11,
8.35,288.62,469.63,2.51,26.37,284.67,0.47,52.99,0.89,1.0
8.47,15.9,53.5,1.98,17.03,25.09,2.35,31.33,0.48,1.0
7.5,271.39,410.46,2.1,85.29,266.72,0.05,29.54,0.13,1.0
7.61,173.96,425.13,2.84,45.56,275.51,0.57,34.45,0.53,1.0
6.45,90.72,160.65,2.53,,119.41,1.41,40.13,0.13,1.0
8.2,256.42,416.41,3.73,,230.37,1.67,40.01,0.15,1.0
7.7,195.72,352.09,2.14,135.91,235.54,0.23,7.42,0.94,1.0
7.85,106.72,192.23,2.65,10.56,119.15,0.05,24.22,14.55,
8.75,10.0,98.29,1.88,22.55,47.12,1.62,39.53,0.15,1.0
6.92,23.82,10.0,2.32,99.12,5.0,0.55,25.61,1.32,1.0
7.3,254.34,369.93,2.38,1.66,236.16,0.15,21.29,0.14,1.0
7.66,30.68,10.0,1.56,71.26,5.0,0.09,22.45,0.06,1.0
6.65,243.38,319.07,1.35,122.88,193.37,1.02,42.55,0.03,1.0
7.25,158.46,247.31,2.64,134.55,143.24,0.87,50.54,6.73,
7.79,285.43,435.83,2.45,32.1,293.94,1.92,28.81,0.24,1.0
7.14,151.56,239.59,3.47,49.52,139.62,0.03,43.83,1.31,1.0
8.45,174.84,234.11,2.0,34.14,147.87,2.03,22.11,0.14,1.0
6.19,188.96,446.37,1.01,49.28,320.99,2.18,5.98,0.23,1.0
8.3,175.53,367.01,2.01,101.93,258.44,0.59,35.61,0.66,
7.93,297.28,363.23,2.77,,254.15,0.08,38.18,0.18,1.0
6.94,113.29,393.85,,75.92,246.01,2.93,,0.58,1.0
6.66,10.0,10.0,1.99,42.18,17.36,0.07,16.54,0.28,1.0
5.74,329.43,451.36,2.67,104.74,288.7,0.89,63.01,15.27,
6.76,248.83,422.49,2.23,102.62,270.7,0.68,40.91,0.66,1.0
8.24,37.75,96.66,1.64,33.71,71.02,1.8,16.06,0.01,1.0
7.36,157.18,251.18,0.8,45.57,151.33,0.7,24.08,0.17,1.0
8.33,157.63,292.14,1.99,85.71,219.75,0.63,18.3,6.56,
6.9,165.4,273.1,0.78,89.33,174.31,2.13,10.26,0.31,1.0
7.97,185.89,366.77,2.67,,250.77,3.32,37.63,0.57,1.0
6.83,407.2,586.27,2.06,85.58,410.19,0.8,32.74,0.31,1.0
6.63,380.98,516.35,3.49,115.86,356.26,0.61,43.0,0.45,1.0
7.31,15.86,37.56,0.05,60.22,5.0,1.78,1.99,0.45,
3.31,185.32,424.41,1.66,88.01,284.77,1.78,7.42,0.23,
6.17,313.28,565.79,2.73,101.15,384.78,0.38,37.23,1.36,1.0
7.25,217.22,377.36,3.14,58.86,263.12,0.86,60.49,1.56,1.0
7.49,336.19,518.2,2.77,82.57,314.56,0.17,51.86,0.44,1.0
8.41,371.07,702.45,1.05,50.51,443.45,1.01,8.74,0.04,1.0
8.15,264.39,504.74,1.52,47.91,347.97,1.8,7.52,0.34,1.0
8.38,235.45,349.86,,23.54,212.17,0.21,,0.1,1.0
3.41,352.36,509.02,2.05,56.92,324.87,0.39,36.86,0.33,
7.67,166.31,328.98,3.16,125.47,245.35,0.6,50.23,0.1,1.0
6.42,116.21,304.78,2.01,13.9,197.15,1.86,33.96,0.61,1.0
7.52,302.04,229.72,2.58,74.67,134.78,1.31,55.56,0.04,1.0
7.88,406.77,612.68,2.55,62.84,380.69,0.38,39.78,1.53,1.0
8.57,68.44,136.31,1.68,108.99,95.26,0.28,27.53,0.11,1.0
7.95,407.34,606.47,,116.52,367.54,1.19,,0.54,1.0
8.39,233.76,399.97,3.34,13.03,255.04,0.65,66.35,1.24,1.0
6.57,55.44,20.14,2.43,27.03,19.75,0.9,34.84,17.93,
7.14,232.09,373.53,0.75,29.22,268.78,1.05,3.07,1.36,1.0
7.74,10.56,10.0,2.37,30.63,19.85,0.82,37.64,0.25,1.0
8.33,249.38,425.1,2.2,34.06,262.03,0.95,53.0,1.62,1.0
7.28,213.86,477.05,3.31,63.88,333.65,2.18,71.02,1.78,1.0
7.33,205.82,181.53,2.47,15.94,112.0,2.03,27.38,12.59,
7.95,147.75,324.71,2.48,21.57,186.35,0.16,48.89,0.89,1.0
6.5,346.5,690.83,2.2,18.38,445.6,0.88,36.35,0.11,1.0
8.69,108.67,198.85,1.23,69.7,158.02,0.58,28.33,0.13,1.0
6.7,10.0,88.22,2.67,47.45,60.65,0.34,42.86,0.04,1.0
5.87,355.21,596.33,1.97,40.35,387.87,1.0,35.77,0.09,
7.41,449.9,692.52,1.05,16.32,482.88,0.72,28.92,0.5,1.0
8.76,230.21,300.74,1.34,,166.85,1.49,2.62,0.3,1.0
7.87,342.11,502.29,0.86,115.26,300.78,0.1,16.56,0.78,1.0
8.0,325.7,568.3,3.06,38.45,337.07,0.36,34.2,0.2,1.0
7.43,93.38,151.5,3.98,158.42,105.93,0.03,55.05,1.73,1.0
7.28,142.16,202.94,3.16,80.91,135.24,1.37,47.34,0.03,1.0
6.16,239.82,546.17,2.38,123.17,385.87,2.44,25.57,0.03,1.0
5.59,410.73,637.0,1.93,89.74,418.92,0.89,23.2,12.96,
7.56,174.68,412.58,1.71,56.34,260.09,0.96,11.63,1.09,1.0
8.45,176.44,124.04,1.01,26.09,80.66,0.05,9.27,0.79,1.0
7.68,398.22,697.41,3.95,10.93,455.67,0.7,64.32,0.34,1.0
7.9,107.04,193.81,0.97,94.79,92.54,0.75,23.14,0.16,1.0
8.67,101.3,232.97,1.15,60.6,205.64,0.04,9.56,0.01,1.0
7.66,189.58,368.47,1.8,74.66,249.9,1.53,40.35,0.36,1.0
7.3,480.2,610.83,1.89,82.58,401.24,0.33,34.08,0.32,1.0
6.75,329.5,470.8,2.6,64.24,318.32,1.29,53.36,0.21,1.0
9.02,152.32,382.97,1.33,31.13,263.12,0.52,2.19,0.43,
7.82,310.81,392.66,0.01,90.51,252.42,5.44,3.28,13.77,
6.65,244.88,308.7,1.77,42.07,188.03,0.24,32.64,0.6,1.0
6.46,232.92,411.63,1.84,53.62,279.55,0.06,10.35,0.15,1.0
8.4,21.33,10.0,1.75,78.7,14.21,3.91,50.46,16.64,
6.57,143.66,240.68,1.74,47.64,140.24,0.28,19.76,0.08,1.0
8.88,307.59,348.26,1.65,,254.75,1.01,30.18,12.18,
5.19,10.0,69.8,0.68,91.62,51.24,0.47,19.4,0.77,
8.54,233.66,377.26,3.46,100.2,259.82,1.02,52.94,0.59,1.0
7.79,134.06,259.11,3.41,,196.26,0.91,64.94,0.73,1.0
7.49,319.01,651.1,3.4,8.27,423.65,1.23,70.88,11.41,
7.26,478.34,614.6,0.81,130.96,405.83,0.02,1.12,1.23,1.0
8.91,65.03,206.84,2.4,59.28,150.65,1.81,37.22,0.07,1.0
7.97,172.91,269.83,1.58,50.14,160.89,0.65,32.81,1.02,1.0
6.68,84.09,285.21,1.52,32.94,186.47,0.73,6.51,9.33,
6.02,105.85,209.67,1.07,8.77,138.8,0.53,26.71,0.06,1.0
7.54,224.5,339.0,4.57,42.22,201.23,4.55,85.55,0.17,
7.4,47.77,148.34,1.75,88.98,142.78,1.62,39.11,0.1,1.0
6.18,73.67,73.88,1.08,49.37,19.87,0.37,20.55,0.34,1.0
4.89,241.27,424.54,2.14,74.41,249.99,1.53,47.47,1.5,
6.94,313.55,425.91,2.76,120.63,303.12,0.57,45.02,0.2,1.0
7.41,151.57,139.14,1.86,26.78,104.7,2.04,14.68,0.47,1.0
7.98,258.11,479.07,2.24,62.11,290.88,0.03,28.44,1.11,1.0
8.59,108.05,173.68,3.0,90.18,125.04,0.44,42.47,0.5,1.0
8.13,219.55,350.63,1.05,12.68,257.27,0.56,15.04,0.22,1.0
6.82,309.41,464.07,2.18,57.12,301.04,1.36,31.72,2.35,1.0
7.7,176.69,293.28,1.36,124.89,242.61,0.2,17.03,0.1,1.0
7.45,244.08,390.95,1.23,36.39,219.64,0.34,20.57,0.37,1.0
6.33,105.86,196.71,3.75,92.73,141.74,1.29,71.32,0.8,1.0
7.72,162.19,260.71,1.91,44.35,192.79,0.08,30.8,,1.0
8.89,220.19,258.83,0.94,121.98,186.07,0.22,20.36,0.61,1.0
7.43,122.71,150.68,1.89,,93.86,1.4,6.39,0.15,
6.12,193.85,264.65,0.79,52.6,166.21,2.08,13.12,0.09,1.0
7.42,42.15,10.0,1.78,,15.38,1.31,37.61,6.92,
6.43,113.37,201.77,1.32,21.96,147.47,0.75,32.29,1.7,1.0
4.1,161.76,243.02,2.51,21.73,170.02,0.1,49.12,1.11,
7.82,95.0,248.76,3.94,39.32,182.5,1.76,62.09,0.12,1.0
7.26,214.46,251.7,1.83,2.47,143.23,0.13,31.52,0.06,1.0
7.14,33.44,287.65,1.36,47.13,182.42,0.49,13.66,0.23,1.0
7.23,233.18,395.89,2.09,68.42,238.53,0.05,39.82,0.45,1.0
7.41,341.99,474.9,3.49,,300.96,1.24,45.7,1.01,1.0
6.78,33.83,170.05,2.52,24.6,130.83,0.7,44.55,1.69,1.0
6.29,55.6,59.36,1.86,151.64,40.74,2.38,28.3,0.7,1.0
8.31,20.92,91.59,,63.17,111.67,0.15,0.15,0.46,1.0
7.09,103.1,202.56,1.95,,135.53,1.71,39.23,0.08,1.0
7.53,185.07,229.62,2.78,,150.44,0.71,47.26,0.04,1.0
7.63,97.5,146.0,2.96,59.04,97.02,0.46,47.19,0.45,1.0
7.66,10.0,40.78,3.31,54.03,13.75,1.03,44.69,0.39,1.0
6.46,76.44,208.78,1.33,26.5,134.55,1.56,35.91,0.94,1.0
6.06,250.54,336.29,1.6,137.73,241.14,0.58,27.28,0.19,1.0
6.93,273.85,419.01,1.88,154.75,274.63,0.27,35.67,0.02,1.0
7.72,200.52,188.52,2.71,39.42,106.67,2.47,41.45,0.28,1.0
6.82,214.57,217.4,1.74,84.92,122.81,0.38,19.12,1.74,1.0
4.36,51.68,114.66,2.52,86.93,65.53,6.34,41.42,0.79,
9.1,301.39,293.71,1.62,92.23,192.39,1.46,18.28,0.02,
5.92,79.41,130.31,1.29,24.4,108.58,1.16,23.79,1.04,
6.8,200.64,414.63,3.11,127.58,242.7,0.01,13.99,0.32,1.0
8.92,10.0,10.0,2.31,47.26,5.0,0.6,30.68,0.23,1.0
7.36,24.01,228.07,2.75,66.88,151.13,0.7,41.06,0.21,1.0
4.93,296.48,360.22,1.79,50.08,197.47,0.47,17.36,0.45,1.0
8.34,281.8,336.77,2.8,44.41,202.23,0.16,45.7,0.38,1.0
7.44,452.39,838.61,0.94,61.14,531.5,0.46,9.84,0.53,1.0
7.12,210.58,369.96,1.1,2.56,224.55,0.08,16.39,0.43,1.0
7.55,64.29,99.19,2.94,,68.31,0.34,38.62,0.08,1.0
6.87,120.53,280.91,1.93,41.46,179.38,0.09,38.67,0.15,1.0
6.59,10.0,10.0,1.75,14.78,5.0,1.4,31.76,0.92,1.0
7.31,159.81,283.88,1.08,71.9,193.08,1.11,19.19,0.54,1.0
6.59,63.98,133.39,2.8,67.35,121.16,2.81,42.69,0.3,1.0
7.41,270.43,483.08,3.87,50.54,346.79,0.48,83.29,0.1,1.0
7.68,125.19,190.09,2.61,109.26,85.1,1.54,37.54,,1.0
8.08,237.46,276.65,1.55,49.75,191.36,0.89,16.29,0.19,1.0
8.3,88.58,172.89,3.39,,108.82,1.04,39.07,0.03,1.0
7.08,397.18,647.77,2.36,41.05,424.15,0.79,44.44,0.33,1.0
7.8,177.79,235.75,1.57,96.84,145.27,1.51,39.82,0.86,1.0
7.79,427.61,666.51,3.28,,435.58,0.04,40.65,0.17,1.0
7.66,246.98,462.83,1.82,46.24,303.87,0.08,24.44,0.94,1.0
7.02,242.67,396.41,0.56,73.02,246.09,0.1,4.77,7.86,
6.58,251.62,373.75,1.68,156.09,225.01,0.34,23.99,0.07,1.0
3.85,170.84,378.76,2.53,98.33,237.22,0.89,20.3,0.52,1.0
6.03,69.18,10.0,1.28,55.3,11.19,1.04,27.3,0.08,1.0
7.19,218.11,244.22,0.13,70.83,170.73,1.25,13.82,0.53,1.0
5.36,245.28,469.03,3.47,,321.94,0.33,33.0,5.01,
6.33,183.82,290.22,4.99,8.01,178.76,1.05,92.49,0.25,
6.7,43.49,18.96,1.52,76.04,18.0,0.13,39.04,0.42,1.0
8.28,146.43,289.52,1.37,56.45,207.44,0.01,,0.03,1.0
7.95,408.57,640.82,0.65,61.55,439.85,1.19,,0.08,1.0
6.96,337.79,549.38,1.18,51.36,355.92,1.26,16.35,0.19,1.0
7.98,99.16,287.6,0.47,49.8,182.52,0.97,20.24,0.31,1.0
8.11,317.13,490.29,0.7,54.12,322.51,0.3,13.32,0.98,1.0
7.27,81.01,226.7,2.0,7.76,124.36,2.62,30.25,0.1,1.0
6.29,52.96,10.0,0.42,40.84,5.0,2.08,12.05,0.21,1.0
7.23,35.5,115.11,0.53,0.24,89.71,0.72,,0.32,1.0
7.32,359.48,612.58,2.21,25.22,411.01,4.52,45.88,18.04,
6.41,215.73,245.2,1.38,97.84,153.98,0.35,19.7,0.49,1.0
7.69,175.61,251.32,2.36,42.77,167.71,0.68,19.02,0.15,1.0
4.87,90.05,240.03,1.66,73.83,139.53,2.63,16.92,0.74,1.0
7.76,357.75,680.83,1.81,54.61,456.61,0.62,30.91,0.35,1.0
7.62,345.15,625.19,2.78,34.6,404.82,0.64,38.8,0.05,1.0
7.98,465.99,743.76,1.45,9.66,477.92,0.08,17.84,0.49,1.0
7.26,178.83,268.19,2.71,34.0,167.09,0.24,42.67,0.42,1.0
7.56,173.32,359.12,1.58,57.33,232.17,0.17,27.29,0.21,1.0
7.08,10.0,10.0,1.18,73.21,5.0,0.83,5.39,16.47,
6.93,371.31,595.39,0.93,54.89,400.16,0.38,26.12,0.11,1.0
8.47,30.77,66.44,0.34,75.98,35.28,0.08,3.84,0.26,1.0
5.76,313.87,343.36,0.76,,255.04,0.71,15.59,0.11,
8.1,50.15,80.54,0.23,84.67,81.65,1.11,4.37,0.43,1.0
6.9,200.05,182.23,1.01,4.87,100.62,1.33,10.98,0.62,1.0
6.8,21.01,132.55,2.82,89.34,87.55,1.82,51.43,0.97,1.0
7.61,28.39,178.42,1.99,70.1,102.96,0.66,30.69,0.52,1.0
6.21,59.3,192.18,1.61,,118.38,0.5,24.92,8.28,
6.75,173.66,190.35,1.31,79.48,163.77,1.15,,5.04,
6.72,367.81,466.67,1.92,89.8,297.18,0.01,36.98,12.38,
7.22,10.0,79.03,2.03,100.32,58.57,1.0,28.75,0.15,1.0
6.76,183.44,344.11,0.88,19.26,234.5,0.52,20.82,0.15,
8.68,267.71,543.59,2.46,57.18,333.32,0.6,53.4,11.19,
8.84,27.83,197.36,1.67,77.78,111.18,0.35,33.35,0.33,1.0
5.78,129.77,156.42,2.3,79.45,77.55,0.14,34.99,0.05,
7.84,163.49,253.9,1.97,66.38,147.31,0.51,26.66,0.16,1.0
8.09,322.09,535.95,0.58,32.93,291.36,0.37,33.98,0.33,1.0
7.83,133.29,338.82,3.3,89.52,231.13,3.22,54.35,1.58,1.0
6.87,198.25,193.76,1.99,89.75,167.03,2.87,31.92,1.66,1.0
7.2,212.9,396.78,1.63,43.83,260.86,1.03,22.66,0.68,1.0
4.11,74.41,79.54,2.58,18.66,23.38,2.34,29.77,0.25,
7.06,189.04,436.27,0.84,20.88,270.72,1.39,,1.0,1.0
6.43,219.51,381.72,0.43,104.59,238.94,0.42,21.6,1.04,1.0
7.31,157.63,238.44,2.56,88.03,134.63,0.93,30.55,1.21,1.0
6.2,95.72,132.28,3.15,49.2,103.19,0.25,45.3,0.51,1.0
7.24,81.33,122.66,2.29,42.03,95.94,1.16,33.24,0.11,1.0
6.4,268.9,406.96,2.81,,241.42,0.05,56.42,0.05,1.0
7.57,270.95,545.8,0.73,46.62,369.27,1.78,3.34,1.23,1.0
3.94,113.39,172.54,1.64,2.36,142.69,0.88,27.18,0.03,
3.83,240.69,391.68,1.34,56.36,292.64,0.06,25.25,0.18,
8.27,17.58,10.0,3.03,97.41,63.8,2.05,31.57,0.33,1.0
8.67,113.46,183.08,2.49,10.78,100.96,2.1,22.63,0.01,1.0
5.38,112.61,293.79,3.03,59.54,247.45,1.92,38.32,16.64,
6.73,10.0,118.06,1.38,89.91,69.66,1.49,23.17,0.17,1.0
7.16,10.0,112.7,0.87,58.81,61.4,1.13,14.19,0.01,1.0
5.41,140.74,166.44,3.33,29.04,114.73,0.51,48.75,11.04,
6.08,256.45,358.44,2.03,50.42,221.34,0.15,36.92,0.19,1.0
6.61,199.7,262.53,3.06,88.29,178.63,0.34,37.41,1.05,1.0
7.5,21.34,10.0,1.94,60.5,5.0,0.43,27.32,0.3,1.0
7.47,10.0,10.0,4.2,49.87,5.0,0.44,61.92,0.54,
7.7,55.84,178.63,3.18,96.25,141.82,0.83,39.37,0.14,1.0
7.75,243.44,391.54,1.84,70.6,253.36,0.23,50.62,0.35,1.0
7.67,12.78,10.0,2.02,1.88,9.33,0.21,8.7,0.15,1.0
7.55,108.89,200.05,2.02,75.26,139.54,1.26,42.77,1.51,1.0
7.44,135.3,194.75,0.86,87.98,150.0,0.01,20.96,0.03,1.0
7.93,347.18,577.67,1.52,0.51,342.38,0.16,30.85,0.16,1.0
5.61,139.84,223.0,1.44,,156.64,0.57,22.59,1.12,
8.64,194.01,376.6,2.23,8.32,239.43,0.16,46.82,0.33,1.0
5.64,246.05,328.25,1.18,45.9,216.7,3.21,13.29,0.46,
6.54,10.0,10.0,1.85,90.39,27.7,1.11,31.67,0.53,1.0
7.22,205.65,453.64,1.63,14.36,270.98,0.57,25.24,0.04,
7.94,167.3,343.08,2.08,72.2,202.75,0.12,28.81,0.01,1.0
5.0,223.57,401.65,3.47,,222.37,0.49,53.24,17.96,
7.38,700.85,1085.25,3.1,57.21,694.43,1.05,36.94,0.16,1.0
8.03,10.0,10.0,0.69,33.73,33.11,3.47,3.7,0.24,1.0
8.2,377.66,644.94,1.95,133.94,416.8,0.64,45.03,0.57,1.0
6.84,83.07,242.51,1.7,,130.83,1.18,54.27,0.13,1.0
7.16,253.75,357.47,1.35,49.42,222.64,0.22,25.5,6.44,
6.91,141.94,290.9,4.15,,159.33,0.98,70.63,0.31,
7.09,124.09,215.15,1.47,28.01,117.35,0.27,24.62,10.49,
6.57,185.63,186.03,1.54,,128.7,0.22,27.69,0.16,1.0
6.69,244.98,365.9,3.75,142.03,214.36,0.71,61.75,0.11,1.0
7.75,10.0,10.0,2.97,35.78,28.75,0.24,54.89,19.01,
7.51,181.59,450.12,1.56,41.56,291.15,1.28,38.72,0.2,1.0
7.79,126.84,216.76,2.76,48.29,142.61,2.77,32.56,0.27,
7.57,10.0,73.99,1.76,4.71,42.52,0.5,54.69,0.79,1.0
7.96,158.43,210.0,1.83,92.21,151.96,0.39,28.79,0.5,1.0
8.1,332.97,551.43,1.19,75.61,374.09,0.19,19.31,0.29,1.0
6.01,124.03,192.93,,86.72,132.11,0.49,,5.18,
4.93,187.68,371.69,0.58,1.28,252.89,0.82,4.54,0.72,
7.21,179.35,153.81,0.9,95.41,95.73,0.47,19.59,0.1,1.0
7.38,413.08,451.58,2.42,90.79,304.37,0.98,42.66,1.32,1.0
6.86,248.33,437.1,2.15,40.7,277.36,1.09,37.95,10.86,
8.13,419.49,669.72,3.09,85.8,435.36,0.1,41.75,0.82,1.0
8.98,163.8,264.89,0.8,60.91,166.68,1.2,,0.28,1.0
7.55,247.25,433.73,3.79,,272.78,2.31,38.85,0.1,1.0
7.47,150.16,319.61,3.69,42.69,193.97,0.03,55.55,0.26,1.0
8.08,281.26,559.17,2.04,30.74,372.82,0.8,33.89,0.13,1.0
5.91,36.96,156.23,1.31,53.42,127.76,0.93,15.51,0.07,
7.42,289.66,449.0,1.37,90.85,315.27,1.24,13.55,0.14,1.0
8.18,130.65,261.06,2.2,,144.56,0.49,35.94,1.01,1.0
6.89,43.38,287.16,3.88,32.26,212.44,1.71,57.16,0.06,1.0
6.42,213.25,318.35,1.91,17.13,200.56,0.78,23.81,1.8,
7.25,208.36,350.45,0.42,18.84,239.81,0.53,,,1.0
7.35,233.39,276.75,3.9,17.08,161.77,1.27,49.99,0.54,1.0
6.67,224.42,342.94,1.6,52.73,225.75,2.62,33.32,0.97,1.0
9.08,295.44,615.62,3.45,70.93,406.43,1.67,42.18,1.36,
7.02,186.77,497.09,2.63,63.93,293.42,2.67,46.02,0.08,1.0
6.48,248.32,473.83,1.85,57.43,320.16,0.31,41.64,0.6,
7.33,94.08,208.89,2.97,74.87,162.7,0.13,36.58,8.9,
8.13,120.45,122.15,1.27,145.21,75.91,0.76,14.53,0.22,1.0
7.41,294.19,491.06,1.71,55.44,346.39,0.05,35.51,0.66,1.0
7.79,341.81,475.21,1.47,90.85,305.09,1.12,34.37,0.21,1.0
6.7,290.48,594.53,1.8,88.57,403.44,0.27,20.54,0.19,1.0
8.59,155.79,179.2,2.55,121.11,72.11,0.61,22.0,12.98,
7.85,188.5,254.09,2.54,72.42,213.53,1.07,50.65,0.03,1.0
8.24,10.0,10.0,0.44,16.23,36.41,0.66,12.51,0.06,1.0
7.69,199.03,221.51,1.46,62.2,138.29,0.27,25.97,1.04,1.0
8.06,304.26,499.31,1.64,60.05,285.11,2.12,33.71,0.01,1.0
6.7,143.62,206.7,2.59,82.61,140.12,1.45,26.94,0.59,1.0
7.01,213.61,428.1,0.6,15.06,249.38,0.92,12.91,9.18,
8.48,220.9,261.9,2.71,100.65,179.13,1.2,37.74,0.42,1.0
8.65,159.59,364.81,0.87,50.21,245.36,0.54,19.13,0.66,1.0
6.48,83.88,70.46,2.25,83.58,26.97,0.47,41.72,0.53,1.0
7.6,231.26,317.04,3.11,62.39,228.5,0.17,56.48,18.05,
3.05,10.0,10.0,0.77,54.9,22.61,1.63,17.58,19.06,
6.84,256.74,262.62,2.24,59.35,190.22,0.48,36.13,17.74,
7.63,17.58,10.0,1.81,76.88,6.68,1.18,30.06,1.79,1.0
5.39,357.41,541.2,1.02,128.35,323.47,0.36,19.01,0.53,
7.76,196.93,455.48,0.78,,315.62,1.59,5.38,0.11,1.0
7.14,341.89,393.33,1.29,71.6,250.26,0.11,15.68,0.3,1.0
7.81,301.29,604.2,1.19,51.76,364.94,0.98,21.87,0.34,1.0
7.11,117.37,110.22,1.79,42.92,98.68,1.65,33.42,0.71,1.0
7.73,339.94,649.47,1.57,,464.15,1.08,17.09,0.55,1.0
8.52,260.91,486.44,2.42,73.21,315.36,1.19,25.59,0.36,1.0
5.74,191.05,252.69,2.81,45.0,207.43,0.75,25.37,0.57,
8.04,367.65,527.12,0.47,16.62,344.46,0.82,,0.01,1.0
6.17,10.0,78.74,1.75,51.7,43.57,0.07,20.84,0.75,1.0
8.38,135.58,135.1,1.05,38.29,75.2,0.29,11.28,0.12,1.0
6.89,159.22,178.28,0.91,,148.62,1.28,10.89,0.53,1.0
6.43,69.63,194.2,0.43,53.53,110.63,2.91,,0.06,1.0
7.96,133.15,88.69,0.36,73.2,72.35,0.78,,0.06,1.0
7.69,253.93,544.62,1.48,28.03,342.82,1.29,23.48,0.02,1.0
6.6,117.7,248.23,2.39,60.47,152.14,1.15,37.16,1.21,1.0
6.4,246.25,370.5,2.39,54.32,261.43,7.39,42.05,0.46,
7.25,68.88,185.93,0.95,91.82,113.25,1.58,22.36,10.98,
6.44,19.19,10.0,0.85,45.85,5.0,0.99,16.62,0.78,1.0
6.55,224.46,354.01,2.24,82.04,252.76,0.12,34.74,0.49,1.0
7.49,10.0,10.0,1.57,37.47,38.45,0.45,32.28,19.85,
6.63,213.38,286.27,2.89,128.69,198.97,0.29,57.59,0.33,1.0
7.74,10.0,26.34,0.89,32.53,5.0,1.92,6.57,,1.0
8.59,430.05,697.46,0.14,22.6,443.13,0.59,9.84,16.03,
7.28,346.69,482.27,2.61,45.98,315.08,0.77,32.95,0.06,1.0
7.5,232.22,321.15,0.11,20.88,215.17,3.35,3.84,0.54,1.0
9.01,370.95,552.74,0.55,0.05,339.52,1.81,19.01,10.33,
6.45,20.98,130.74,1.33,79.1,99.44,1.56,17.22,0.3,1.0
8.35,271.46,408.7,1.72,,267.36,0.15,16.2,0.22,1.0
8.26,160.05,339.96,2.6,21.3,186.66,0.02,34.43,0.08,1.0
8.08,147.61,352.8,0.99,,210.74,0.13,5.26,1.59,1.0
8.43,329.1,554.47,3.32,55.69,350.32,1.35,39.02,1.35,1.0
7.62,222.68,446.5,0.48,,288.77,0.53,19.32,6.41,
6.93,254.18,357.74,1.63,71.91,270.32,0.12,29.74,0.88,1.0
8.28,46.73,10.0,2.83,76.24,11.26,1.34,35.26,0.34,1.0
4.94,10.0,107.99,2.88,,53.38,0.22,33.4,0.74,
8.28,123.86,275.46,,57.62,183.46,0.89,,0.08,1.0
7.44,118.22,318.67,4.71,70.64,200.1,1.35,63.42,0.07,
3.37,21.24,73.96,1.68,87.61,54.57,0.94,36.69,1.11,
7.55,492.16,782.34,2.28,,520.13,5.06,33.08,1.14,1.0
8.15,349.85,603.28,1.67,,416.32,0.57,46.31,0.31,1.0
8.22,222.77,420.42,4.14,110.11,272.79,0.37,61.63,1.02,
7.06,253.65,314.41,3.29,17.12,237.14,0.22,43.58,0.55,1.0
7.65,39.29,257.56,4.11,28.9,185.57,0.7,70.89,0.1,
6.35,127.61,109.62,2.47,75.32,57.1,1.91,20.4,0.2,1.0
8.19,162.08,315.5,2.91,3.23,249.27,2.94,45.57,0.07,1.0
6.77,207.02,351.55,0.96,39.37,235.05,3.58,2.21,0.74,1.0
8.03,10.0,51.65,1.74,85.67,16.87,0.76,4.21,2.11,1.0
6.48,297.25,366.84,2.91,,271.5,0.93,42.52,0.4,1.0
8.23,99.82,268.95,2.32,30.0,216.37,0.87,43.12,15.01,
7.66,10.0,10.0,2.11,4.93,5.84,0.63,33.72,0.69,1.0
6.77,103.13,127.92,1.22,19.04,73.08,0.17,19.3,0.13,1.0
3.19,49.82,217.28,3.17,97.43,137.78,0.07,21.49,0.2,
6.93,360.53,677.54,3.15,106.2,454.69,0.57,45.72,0.27,1.0
8.0,239.38,411.31,3.04,60.31,292.91,0.21,44.18,0.45,
3.77,10.0,32.9,2.29,71.29,32.8,2.18,40.59,0.95,
4.56,197.54,397.21,2.01,70.19,260.22,1.43,19.57,0.15,
6.61,10.0,10.0,3.12,23.11,36.46,0.96,55.16,0.32,1.0
7.06,342.4,516.54,2.94,59.53,329.49,0.05,38.96,0.7,1.0
4.54,106.33,205.78,1.11,,154.37,0.97,13.62,0.05,
8.12,222.68,281.27,2.32,11.66,177.07,0.97,40.02,0.36,1.0
8.7,289.21,565.16,2.66,46.53,375.97,0.58,27.98,0.08,1.0
8.72,10.0,42.57,1.33,7.56,25.4,1.07,28.15,0.39,1.0
6.97,108.66,20.58,2.9,,12.26,1.95,30.01,0.73,1.0
7.25,77.07,183.28,2.72,21.52,111.58,1.42,47.32,0.14,1.0
7.07,239.06,507.68,1.58,95.85,356.89,0.64,21.4,0.95,
6.86,10.0,10.0,0.64,112.29,5.0,0.3,8.11,0.2,1.0
5.93,59.76,10.0,2.59,48.7,5.0,0.65,8.14,0.11,
7.39,108.8,209.77,3.96,73.29,178.77,2.92,53.56,0.31,1.0
6.37,233.52,410.35,2.26,27.46,286.28,1.71,31.73,1.04,1.0
7.37,316.07,540.05,2.64,,303.33,0.03,55.11,15.93,
9.09,175.07,207.37,0.83,14.26,123.48,1.53,12.16,0.2,
6.99,121.65,217.71,1.95,37.67,105.27,0.19,22.75,0.53,1.0
3.69,435.67,530.78,1.89,55.64,325.99,0.85,36.66,0.22,
8.13,12.69,10.0,1.11,45.96,5.0,1.64,11.65,0.04,1.0
7.62,186.47,222.3,2.44,38.73,141.75,0.82,46.92,0.2,1.0
7.63,243.11,338.08,2.4,27.01,196.92,0.52,38.63,0.86,1.0
7.11,232.08,389.84,1.71,63.75,254.6,0.39,16.59,1.72,1.0
7.21,89.47,198.04,1.99,,96.22,0.36,39.19,0.02,1.0
6.63,200.73,306.89,4.05,82.08,201.14,1.82,66.8,0.42,
8.08,31.5,10.0,1.38,26.55,5.0,1.74,29.65,0.06,1.0
6.01,72.38,168.35,0.87,132.68,139.47,1.73,11.21,0.57,1.0
8.18,242.74,390.7,0.84,37.39,282.18,0.33,18.68,,1.0
6.28,123.93,103.54,2.25,30.79,83.01,1.6,52.94,0.01,1.0
8.17,290.58,311.8,,27.49,196.14,0.04,1.71,0.75,1.0
7.12,276.34,389.37,1.49,31.19,292.8,0.23,18.36,6.84,
6.41,232.03,231.49,1.03,74.29,119.41,0.72,30.91,0.18,1.0
7.86,168.99,334.09,1.94,48.31,189.09,0.52,35.81,1.59,1.0
4.11,99.57,107.45,1.95,89.48,68.17,0.12,24.7,2.11,
7.05,222.13,258.68,2.34,68.58,213.22,0.04,52.52,0.09,1.0
7.98,208.41,422.04,2.62,51.26,270.28,0.94,27.2,13.25,
5.57,174.56,331.39,3.14,64.92,211.74,0.38,52.42,19.81,
6.34,196.51,182.69,1.65,97.85,89.91,0.02,36.16,0.3,1.0
8.43,158.15,344.84,1.33,76.27,243.07,0.56,30.72,9.89,
7.22,198.7,442.92,2.85,61.22,306.96,0.37,33.79,0.7,1.0
5.91,82.4,10.0,0.34,66.91,22.28,0.86,,0.72,
6.84,378.93,531.81,2.76,3.89,333.1,2.66,43.66,0.16,1.0
6.66,161.26,232.75,2.14,152.87,137.15,0.37,39.19,0.28,1.0
7.27,228.77,385.1,2.45,71.13,224.45,5.86,25.96,0.33,1.0
7.1,301.74,539.45,2.36,75.12,352.32,0.09,38.49,0.18,1.0
7.54,29.5,25.67,2.14,48.85,5.0,0.09,17.47,0.05,1.0
7.34,173.86,158.11,2.18,,79.22,1.25,43.27,9.53,
8.49,157.3,242.29,0.89,39.39,149.01,1.38,7.63,0.1,1.0
7.74,194.3,143.25,1.35,53.04,83.33,0.55,18.59,0.11,1.0
7.77,343.3,646.99,3.78,17.09,409.78,0.34,65.3,0.14,1.0
8.33,76.2,128.65,2.67,16.74,92.95,1.58,47.8,0.15,1.0
7.09,94.68,188.89,3.06,36.43,124.36,3.13,50.65,0.3,1.0
6.39,150.27,340.88,1.65,80.86,215.81,4.6,35.11,0.36,1.0
8.37,28.09,59.57,2.08,100.23,42.38,1.01,35.28,0.18,1.0
7.51,153.38,220.86,2.53,56.84,123.73,1.35,52.38,1.19,1.0
7.51,244.31,363.49,3.21,27.3,238.37,1.73,30.98,0.4,1.0
3.53,248.58,233.43,1.85,35.5,154.74,1.6,27.11,18.55,
6.91,192.02,281.32,2.48,53.98,152.8,5.02,36.14,1.29,
8.08,173.99,194.13,2.71,58.72,146.1,1.66,38.47,0.09,1.0
8.19,10.0,10.0,2.93,67.4,5.0,1.09,49.0,0.28,1.0
8.03,302.49,364.32,1.8,32.43,238.61,0.47,29.12,0.28,1.0
8.03,510.51,650.99,3.28,71.17,446.43,0.91,57.47,0.22,
7.86,208.76,303.68,0.58,68.01,215.91,2.12,,,1.0
7.51,157.4,345.05,0.87,34.2,224.97,0.36,35.98,0.85,1.0
7.26,235.69,438.54,2.48,,277.8,0.03,33.3,6.76,
8.37,41.78,46.13,2.45,14.6,48.94,0.4,39.68,2.7,1.0
7.1,407.13,640.5,1.77,112.7,429.82,3.22,24.41,0.74,1.0
7.7,239.2,340.47,1.56,,208.94,1.58,24.18,0.43,1.0
6.76,398.83,626.37,1.57,102.7,391.24,0.21,18.22,0.08,1.0
6.87,92.39,153.39,1.1,,58.26,0.01,18.57,0.36,1.0
7.21,366.36,663.61,1.96,19.07,434.43,1.11,35.13,0.15,1.0
6.76,293.08,455.03,0.44,35.01,294.12,0.87,,0.15,1.0
8.04,339.11,410.61,3.13,121.29,289.62,0.09,43.69,0.88,1.0
6.32,259.08,346.8,2.38,51.05,232.6,3.38,32.06,19.0,
7.48,176.91,250.29,3.29,41.44,189.38,0.96,72.62,0.3,1.0
7.51,375.54,540.11,2.16,12.59,337.12,1.05,41.02,16.69,
5.95,178.29,328.07,1.96,70.88,236.01,1.92,44.44,0.05,
7.05,10.0,10.0,2.13,29.49,5.0,0.41,37.46,0.45,1.0
7.6,10.0,76.56,1.3,40.84,65.32,0.82,20.33,0.43,1.0
7.74,151.43,262.83,0.76,35.67,141.66,0.86,14.99,0.28,1.0
7.24,196.1,362.0,1.02,78.79,240.0,3.42,26.46,0.89,1.0
7.94,233.62,288.68,1.57,80.47,147.95,0.14,41.11,1.43,1.0
7.31,302.51,543.79,1.12,14.38,348.12,1.42,19.77,0.31,1.0
7.41,10.0,10.0,3.35,24.91,15.31,0.86,44.0,0.3,1.0
7.6,294.36,328.72,1.29,20.96,203.25,1.87,28.67,0.35,1.0
8.14,10.0,10.0,2.39,57.33,5.0,1.78,27.37,0.64,1.0
6.86,278.84,451.94,2.58,86.27,310.68,0.01,42.67,0.55,1.0
7.01,191.23,281.11,3.24,57.87,180.65,0.3,55.37,0.13,1.0
3.13,173.52,383.92,2.68,,239.76,0.2,39.14,10.86,
7.13,138.11,127.22,1.83,80.39,83.53,0.62,18.35,1.49,1.0
8.54,365.39,555.89,3.71,,414.06,2.36,51.04,0.15,1.0
7.86,382.93,508.34,0.76,21.39,353.49,0.01,8.18,6.25,
6.5,216.06,416.71,1.06,57.94,294.11,0.67,5.36,0.88,1.0
6.92,169.41,274.1,2.22,46.64,186.87,2.16,29.44,5.29,
7.7,251.55,415.97,2.09,84.91,273.71,2.61,16.77,0.5,1.0
6.67,108.37,158.62,2.82,25.57,55.18,1.07,48.17,0.06,1.0
6.82,209.94,471.11,2.16,11.34,292.64,1.77,35.74,1.75,1.0
8.48,383.48,629.9,2.37,37.53,399.82,0.39,38.19,0.03,1.0
6.91,237.15,514.12,3.0,89.08,296.68,0.34,41.08,0.29,1.0
8.16,110.36,154.08,2.14,75.19,77.0,0.05,29.59,0.38,1.0
8.4,116.94,372.28,2.68,53.49,202.37,0.7,31.9,0.78,1.0
6.81,10.0,41.37,1.24,103.04,26.13,0.61,23.72,0.06,1.0
4.29,289.61,414.48,1.31,95.79,285.79,0.47,6.08,0.29,
7.18,206.73,390.12,2.88,81.54,275.71,0.12,44.05,0.18,1.0
6.53,10.0,10.0,2.12,2.88,14.8,0.26,25.48,0.19,1.0
7.5,104.13,67.64,2.17,81.33,24.7,0.23,50.11,0.75,1.0
7.24,162.4,243.37,1.31,41.91,119.55,2.88,24.87,,1.0
7.69,187.5,239.83,1.59,34.2,120.75,3.4,23.87,0.69,1.0
8.52,26.55,58.1,2.29,22.7,12.39,,23.24,0.83,1.0
8.05,360.66,377.8,1.7,43.13,227.79,0.19,11.85,1.16,1.0
7.79,179.95,350.29,1.14,24.97,224.5,2.2,22.03,0.49,
5.83,243.91,261.15,1.15,56.79,149.46,0.04,35.23,0.2,
7.75,86.24,148.84,1.36,43.08,103.53,2.87,24.53,0.28,1.0
8.78,223.12,509.74,1.66,58.82,326.69,0.48,26.67,1.75,1.0
4.99,402.79,631.08,1.72,72.13,410.41,0.77,27.75,1.07,
7.95,137.71,203.29,3.57,38.23,154.94,1.44,54.56,0.31,1.0
7.27,53.97,177.57,2.92,20.51,91.81,0.28,45.9,10.64,
6.72,192.83,398.24,2.3,,267.23,0.11,27.6,0.87,1.0
8.04,135.8,228.39,3.86,80.83,148.18,1.66,48.2,1.16,1.0
8.77,180.76,272.12,1.88,53.15,170.21,4.18,29.36,0.57,1.0
8.02,145.23,447.93,2.48,42.95,308.86,1.08,52.07,0.97,1.0
7.1,58.66,10.0,2.33,96.88,24.08,1.74,42.7,1.11,1.0
6.65,313.47,563.66,2.47,,347.45,2.84,24.75,0.05,1.0
7.52,122.13,314.54,1.25,52.25,200.81,0.26,16.22,15.58,
8.1,177.67,217.7,1.7,11.44,147.13,0.43,32.72,0.2,1.0
7.09,168.11,282.15,1.19,76.24,177.94,0.25,33.0,0.29,1.0
7.17,236.3,292.49,2.41,,201.82,0.06,54.03,0.78,1.0
9.66,27.9,10.0,2.0,82.16,12.12,1.32,27.94,0.55,
8.26,359.32,598.99,0.12,80.51,425.99,0.16,10.01,1.12,1.0
8.32,177.32,308.27,2.51,13.08,169.77,0.1,40.2,0.26,1.0
6.23,257.3,388.6,2.22,52.65,250.14,0.44,32.05,0.23,1.0
6.83,273.51,490.31,3.7,13.94,300.53,0.06,56.19,0.02,1.0
7.46,14.83,95.77,2.93,67.1,74.33,0.2,44.65,0.31,1.0
3.87,267.31,394.69,3.11,82.81,224.21,0.07,58.44,0.64,
8.68,140.66,246.47,0.87,9.8,167.13,2.1,,0.18,1.0
8.53,283.29,469.35,3.12,,292.48,1.51,51.45,0.31,1.0
6.97,60.47,10.0,1.81,93.86,5.0,1.96,42.47,0.12,1.0
8.83,162.41,280.18,1.31,127.65,153.19,2.03,33.94,12.31,
7.4,108.41,179.44,,69.78,107.33,2.89,5.69,0.03,1.0
9.47,201.89,386.45,3.31,72.74,272.88,0.21,42.13,0.61,
7.52,257.94,394.01,1.72,36.72,255.6,2.3,33.5,0.24,1.0
7.86,112.58,158.47,1.88,57.2,115.56,0.74,41.42,0.02,1.0
8.52,139.58,157.57,2.32,64.03,135.71,0.18,29.66,0.96,1.0
8.42,137.76,277.87,3.86,42.7,185.89,1.07,61.51,0.33,1.0
7.81,49.51,120.67,1.77,103.99,67.26,0.4,24.56,0.46,1.0
7.29,320.64,468.4,1.98,57.07,313.8,0.05,23.63,16.08,
7.81,148.31,226.16,2.97,62.22,136.12,0.08,41.38,0.53,1.0
6.75,10.0,10.0,1.72,43.52,5.0,0.55,27.1,0.66,1.0
7.52,200.35,225.04,1.17,47.59,115.88,1.75,8.35,0.72,1.0
6.51,10.0,92.29,,98.75,78.51,0.37,,0.44,1.0
5.98,45.21,10.0,3.34,55.84,5.0,1.45,41.15,0.23,
7.44,10.0,52.51,2.24,56.77,37.78,0.06,36.86,0.14,1.0
8.41,287.42,321.88,2.55,57.29,188.5,0.5,23.53,1.17,1.0
4.36,262.21,565.73,1.51,35.42,376.44,0.14,0.54,1.75,
7.33,275.19,362.64,2.68,,220.48,1.99,53.92,0.22,1.0
8.8,103.14,178.7,1.42,112.9,113.32,3.44,11.11,0.06,1.0
6.94,216.38,391.18,2.16,92.73,271.82,0.39,30.5,0.13,1.0
5.87,134.18,208.18,2.11,99.96,151.13,4.5,40.84,0.56,
5.65,128.24,161.08,3.13,7.1,104.26,1.4,32.56,15.06,
6.46,10.0,69.13,2.65,107.8,9.57,,25.31,13.59,
8.05,10.0,10.0,1.37,128.67,66.36,0.66,14.28,1.28,1.0
6.89,165.69,222.02,2.6,91.79,179.23,1.8,48.63,1.66,1.0
7.77,113.6,331.61,1.63,115.91,230.0,0.76,24.28,,1.0
8.72,139.19,280.68,1.19,81.91,167.37,0.8,17.74,1.59,1.0
6.52,282.12,216.81,2.55,16.14,138.65,0.59,35.31,0.67,1.0
7.78,18.11,110.85,2.19,70.31,61.18,0.5,38.53,0.04,1.0
7.83,310.38,421.65,0.8,9.19,299.35,0.03,26.38,0.27,1.0
6.71,10.0,36.57,1.48,26.11,29.02,0.97,52.11,0.6,1.0
8.48,298.58,455.21,2.75,62.65,280.2,1.46,39.7,1.57,1.0
7.17,92.45,99.56,2.39,57.28,55.3,1.56,51.1,0.09,1.0
7.09,146.16,149.51,2.43,68.52,119.61,0.98,46.46,0.07,1.0
9.09,10.0,10.0,3.85,,38.5,0.42,60.35,0.32,
7.82,219.28,199.72,3.0,43.83,160.38,0.02,22.84,1.72,1.0
8.14,267.57,495.06,1.88,71.96,336.93,2.26,24.47,1.78,1.0
8.48,253.59,403.13,1.6,79.93,256.98,0.56,20.56,0.13,1.0
6.88,309.67,495.68,1.32,82.55,257.36,0.92,23.39,0.19,1.0
8.4,186.56,404.43,1.54,60.05,268.82,0.22,21.13,1.19,1.0
7.0,33.27,79.27,0.4,34.83,51.49,0.15,0.38,19.51,
6.96,148.38,233.84,0.78,70.06,154.8,0.09,32.06,15.93,1.0
7.18,64.77,143.96,2.66,38.01,94.65,1.6,52.95,1.12,1.0
6.9,461.72,566.11,3.53,86.04,341.45,1.04,32.79,0.12,1.0
8.06,10.0,60.64,2.06,67.09,50.57,0.97,28.02,0.71,1.0
7.61,346.21,478.74,1.3,47.53,323.83,2.52,25.77,0.02,
7.01,329.98,478.59,,19.24,324.73,0.17,13.31,0.85,1.0
7.94,398.86,665.92,3.7,94.78,451.78,0.19,51.36,0.46,1.0
7.18,87.58,218.06,0.66,72.36,153.82,0.21,7.77,1.56,1.0
5.37,227.07,442.46,0.53,134.12,279.4,0.55,8.87,1.61,
7.44,427.9,756.33,1.7,71.05,490.2,2.07,32.16,18.72,
7.77,16.6,176.47,1.96,74.4,116.53,2.13,14.01,0.09,1.0
7.71,10.0,10.0,2.01,,8.65,0.89,10.0,0.33,1.0
7.11,10.0,10.0,1.15,62.42,26.46,1.07,29.72,1.06,1.0
8.08,332.82,442.54,2.42,37.34,300.53,2.28,26.33,0.84,1.0
7.22,36.92,10.0,1.48,83.06,48.05,0.98,43.4,1.67,1.0
6.88,174.62,225.54,1.5,63.39,190.73,0.26,13.91,8.63,
6.23,261.92,387.46,1.72,89.41,253.44,1.22,23.97,0.15,1.0
8.19,210.57,337.04,1.32,135.3,142.34,1.47,23.53,0.01,1.0
7.41,304.09,385.09,0.75,18.07,275.04,1.01,,15.7,
7.57,176.14,344.46,0.81,87.87,213.09,0.32,40.81,0.56,1.0
8.24,338.8,555.77,0.89,77.34,345.22,0.51,9.47,1.3,1.0
7.02,103.07,109.54,2.46,129.17,63.23,0.64,28.46,0.19,1.0
6.3,32.7,164.6,2.4,78.22,98.06,0.16,24.32,1.04,1.0
7.46,242.11,145.47,1.73,74.06,106.8,0.6,29.59,0.25,1.0
7.65,281.05,466.04,1.78,84.06,271.74,0.18,29.62,0.18,
7.19,295.15,480.08,3.17,86.85,290.5,0.69,36.19,0.36,1.0
8.58,296.99,390.25,2.51,108.17,260.52,0.05,23.99,0.29,1.0
5.41,367.77,536.7,3.56,17.22,361.31,2.97,64.03,13.97,
8.3,40.54,64.39,1.42,34.31,54.69,0.28,14.78,0.32,1.0
8.03,386.57,633.44,0.84,119.41,396.0,0.63,,0.16,1.0
7.77,287.58,604.65,3.0,,373.46,0.03,43.47,0.92,1.0
4.73,240.45,447.12,1.98,46.61,280.5,0.21,25.67,3.34,1.0
8.43,419.68,656.36,1.2,55.98,431.43,1.18,37.46,0.52,1.0
6.58,28.19,10.0,2.49,42.92,36.21,0.12,32.11,0.14,1.0
6.99,178.12,195.11,1.29,113.24,85.87,0.99,16.34,0.14,1.0
7.26,85.74,152.94,2.69,69.04,95.0,,42.53,0.03,1.0
7.73,197.21,444.3,2.49,34.51,262.14,0.63,31.58,0.04,1.0
7.91,106.82,89.97,1.77,24.62,25.44,1.28,31.02,1.23,1.0
8.11,342.7,451.5,0.31,61.27,312.81,2.61,,0.05,1.0
8.05,389.38,574.11,1.08,96.64,384.06,0.68,13.76,0.33,1.0
7.6,255.24,439.04,3.52,55.54,294.37,1.84,56.84,0.6,1.0
7.73,266.27,356.75,3.75,44.62,250.31,1.62,67.56,18.86,
6.53,232.9,102.43,4.59,22.19,56.98,0.35,63.04,0.09,
6.8,84.14,130.63,2.4,64.96,76.26,2.08,30.02,12.66,
8.12,264.37,549.92,0.91,62.74,401.17,1.02,29.06,0.14,1.0
8.07,244.21,455.87,3.34,21.03,291.38,0.11,44.57,0.15,1.0
7.98,206.59,292.2,1.74,91.06,204.63,2.8,25.47,0.18,1.0
6.99,49.61,216.42,1.32,118.24,140.8,0.19,36.89,9.19,
3.36,14.47,10.0,2.33,51.96,5.0,0.64,35.7,0.01,
6.47,70.51,85.83,3.9,62.09,14.9,0.63,55.98,0.26,1.0
8.26,486.13,682.28,1.89,5.8,431.9,0.98,26.69,0.1,1.0
7.19,91.86,43.91,2.02,79.49,49.66,1.09,22.85,1.71,1.0
8.75,245.97,337.9,0.47,68.57,235.4,0.27,11.53,0.44,1.0
6.18,192.76,501.49,2.11,36.96,344.25,0.43,22.38,1.01,1.0
8.81,75.46,49.02,2.67,20.26,12.12,0.16,47.77,0.11,1.0
7.11,237.44,336.94,1.91,123.9,251.33,0.13,28.84,0.83,1.0
7.1,305.35,487.58,1.99,65.31,297.63,1.74,32.15,0.27,1.0
7.56,94.99,302.5,2.23,13.29,200.88,1.39,50.67,0.1,1.0
6.84,485.37,873.68,0.95,84.22,567.69,0.58,,0.72,1.0
7.34,10.0,10.0,,59.19,5.0,0.1,0.24,0.72,1.0
6.81,206.3,511.75,1.9,52.36,359.41,0.6,34.83,2.75,1.0
6.84,159.12,265.44,1.77,89.14,158.43,0.35,20.45,0.76,1.0
7.79,232.74,454.38,2.57,,268.36,1.5,48.06,0.08,1.0
6.68,364.22,388.26,4.4,,252.77,0.1,60.51,0.19,
6.79,83.58,153.37,3.3,105.17,91.69,0.6,52.36,0.3,1.0
6.3,272.17,345.8,,44.84,292.32,0.89,,0.07,1.0
7.0,10.0,10.0,4.52,32.93,20.03,4.25,69.43,0.78,
8.45,225.89,420.65,2.66,,265.24,0.09,40.7,0.37,1.0
6.72,220.62,359.63,1.74,57.75,212.64,0.12,25.71,1.45,1.0
6.81,211.23,427.73,3.48,62.69,240.42,4.43,47.41,0.44,1.0
7.56,285.86,511.62,,107.63,312.05,0.52,,0.37,1.0
7.1,213.22,373.52,1.46,64.9,245.09,1.36,24.99,0.04,1.0
9.18,186.08,329.62,2.2,37.89,242.8,1.53,33.48,10.77,
7.27,167.03,123.79,2.07,66.23,102.89,0.38,24.09,0.95,1.0
7.67,113.44,157.56,3.51,94.38,106.99,0.24,56.15,2.34,1.0
8.16,346.38,537.35,3.18,85.65,342.81,0.32,43.08,8.28,
8.14,379.34,587.27,2.68,74.86,387.1,1.45,55.79,0.83,1.0
7.59,182.06,252.38,1.72,60.98,153.67,1.84,50.74,0.49,1.0
7.27,181.38,309.2,2.96,26.75,235.35,1.2,58.31,1.6,1.0
9.02,55.41,119.08,1.4,8.69,73.62,0.58,34.36,0.14,
7.32,329.07,534.55,2.77,2.36,345.73,0.3,49.73,0.39,1.0
7.05,317.69,433.08,1.27,65.76,237.19,0.55,16.97,8.3,
6.88,469.26,688.24,2.29,69.93,443.45,2.46,15.42,0.39,1.0
6.02,62.58,124.34,0.54,93.77,97.55,1.99,,0.16,1.0
8.06,173.03,224.4,3.04,72.47,124.5,0.39,38.77,0.34,1.0
5.52,198.04,346.29,1.56,92.03,210.07,0.4,35.41,0.49,
7.4,259.27,429.3,0.63,44.78,294.9,1.51,12.03,0.04,1.0
7.24,130.44,256.87,1.04,80.83,137.43,0.56,8.95,12.06,
9.19,66.16,125.41,1.69,9.94,102.67,0.85,6.95,0.61,
5.93,352.84,476.28,1.09,47.59,298.94,0.55,39.5,1.06,
6.68,271.16,444.23,2.72,,280.98,0.28,46.14,0.28,1.0
7.29,76.81,116.75,1.72,51.26,53.41,0.21,34.92,0.03,1.0
7.24,270.29,571.09,2.93,98.99,378.77,0.15,38.67,0.31,1.0
6.96,304.96,534.04,1.72,52.81,396.32,0.01,24.37,0.07,1.0
7.34,184.05,326.86,2.72,78.87,228.09,0.33,37.32,0.52,1.0
6.39,148.09,315.92,2.01,60.93,188.06,0.19,30.78,0.02,1.0
7.69,247.57,410.81,1.74,27.18,289.74,0.3,44.57,0.23,1.0
5.54,55.14,127.66,0.96,42.53,76.65,0.08,2.35,0.04,
7.38,187.6,306.01,2.07,97.19,226.39,0.42,30.61,,1.0
6.92,12.08,10.0,2.74,78.67,22.63,0.73,44.64,1.62,1.0
8.21,237.39,475.29,1.31,25.3,250.08,2.89,18.52,2.78,1.0
8.8,10.0,10.0,1.99,,5.0,0.43,39.77,18.39,
7.14,364.28,600.68,1.45,58.27,409.33,0.03,4.37,0.14,1.0
8.51,199.6,233.98,3.94,26.72,155.12,0.45,77.88,1.21,1.0
7.15,167.44,257.67,2.31,42.9,147.01,1.7,20.97,1.28,1.0
6.63,71.58,174.45,2.09,,100.72,0.42,20.05,7.88,
8.8,165.39,242.39,1.51,91.63,119.43,0.34,18.22,0.39,1.0
7.82,435.6,583.71,2.88,46.12,377.64,2.51,36.78,0.04,1.0
7.4,51.84,10.0,2.0,52.19,50.71,0.35,34.23,0.05,1.0
7.95,360.61,555.39,1.94,16.68,377.1,3.52,32.11,9.32,
3.0,256.84,367.6,1.93,38.9,282.75,1.79,30.04,1.04,
7.34,107.16,58.6,0.89,54.9,55.74,1.15,,0.28,1.0
6.34,104.74,84.94,3.5,25.47,75.76,0.91,51.04,0.2,1.0
7.18,409.51,635.28,2.92,41.37,452.41,0.25,43.99,0.52,1.0
7.9,119.97,110.9,2.01,105.45,79.63,1.31,42.46,0.82,1.0
7.3,10.0,69.33,1.9,,41.32,0.43,30.45,0.66,1.0
8.12,241.36,527.46,1.12,57.38,363.5,0.66,20.6,0.48,1.0
3.19,228.48,367.71,0.52,18.58,268.09,0.11,27.48,0.13,
6.7,70.88,112.41,1.12,103.46,63.47,0.35,5.18,0.15,1.0
6.34,178.8,343.32,3.14,42.77,208.73,0.75,43.27,0.64,1.0
7.27,98.2,94.85,1.61,8.11,64.43,0.63,12.84,0.81,1.0
4.16,218.96,520.16,3.08,41.38,354.74,0.42,62.3,0.06,
7.67,280.63,512.27,1.97,63.99,348.94,0.64,46.3,0.1,1.0
6.83,219.59,406.4,1.13,161.02,235.68,1.37,32.26,0.57,1.0
6.91,141.58,372.33,1.27,,280.25,0.61,24.46,0.25,1.0
8.24,466.08,652.24,2.25,2.04,411.13,0.71,37.5,0.41,1.0
7.52,112.0,299.94,0.38,102.21,189.66,1.21,1.13,0.48,1.0
6.84,10.0,63.63,1.23,,23.3,1.84,26.19,0.75,1.0
7.41,279.34,389.89,1.55,50.39,307.4,0.75,10.38,0.82,1.0
8.5,462.63,717.21,2.82,30.67,471.03,2.96,29.46,0.16,1.0
7.64,10.0,97.05,2.28,24.38,46.06,0.44,30.05,17.79,
7.87,170.75,227.71,2.19,43.11,165.29,0.29,51.68,10.09,
6.8,244.46,383.29,2.46,36.69,264.52,1.18,31.82,19.44,
8.22,290.18,289.22,3.03,92.28,184.24,0.19,41.73,0.93,1.0
9.25,82.32,103.54,2.05,103.13,84.11,2.3,33.64,9.03,
6.77,307.56,524.37,0.97,67.05,324.34,0.49,23.47,0.09,1.0
6.45,415.58,764.01,2.19,40.56,486.75,1.2,45.34,11.63,
7.54,166.32,339.23,1.16,60.34,180.29,0.84,6.19,0.43,1.0
8.1,30.22,119.19,,82.2,50.99,0.06,,0.05,1.0
7.33,74.55,10.0,2.19,90.07,42.65,1.23,35.08,0.57,1.0
4.77,211.86,351.6,2.52,64.8,261.37,1.56,41.0,0.57,
4.45,340.73,520.78,2.35,111.11,339.82,4.04,43.86,6.43,
7.88,312.73,395.03,2.51,25.34,290.03,0.54,45.78,1.05,1.0
7.07,61.79,299.52,3.11,95.6,191.49,0.7,46.98,0.24,1.0
7.89,173.23,182.15,1.03,78.17,113.53,2.08,26.99,1.16,1.0
8.33,51.71,81.57,1.61,25.6,54.15,0.31,33.87,0.02,1.0
7.59,301.92,466.95,0.71,59.31,301.02,0.21,19.58,0.06,1.0
7.38,248.23,482.75,2.45,62.06,309.49,0.14,31.45,0.27,1.0
8.06,10.0,10.0,3.23,44.32,29.37,3.83,55.56,0.45,1.0
6.72,395.22,617.97,1.46,43.88,404.68,0.32,33.87,19.88,
6.64,368.12,414.81,2.72,,283.88,1.42,35.7,0.42,1.0
7.19,398.12,579.92,1.23,22.43,397.57,0.6,19.78,0.18,1.0
7.01,82.22,31.57,2.65,40.47,28.29,0.28,55.33,1.09,1.0
6.76,10.0,26.84,,27.1,5.0,2.45,3.96,0.38,1.0
8.86,132.11,270.21,3.52,15.77,148.58,0.62,51.96,0.44,1.0
9.14,201.29,400.56,0.91,92.44,263.34,0.83,28.26,1.46,
7.12,371.15,659.27,2.17,45.84,425.1,0.25,27.83,0.72,1.0
7.47,162.09,441.22,3.4,136.67,288.54,0.39,34.11,0.29,1.0
7.25,114.63,251.46,0.83,58.91,163.13,1.38,4.69,0.32,1.0
8.29,28.82,94.73,3.76,91.61,113.24,0.42,67.75,0.52,1.0
4.24,318.83,546.0,4.1,41.68,328.3,0.71,66.75,18.35,
5.98,70.82,107.06,2.69,23.53,29.79,0.12,41.02,0.05,
7.78,393.54,625.69,2.02,60.51,413.35,1.9,40.86,0.19,1.0
6.35,145.13,243.12,1.82,101.82,150.5,1.34,28.9,0.75,1.0
8.81,341.8,618.12,2.57,46.44,408.1,1.43,36.39,0.15,1.0
7.75,163.3,435.79,2.75,67.87,294.94,0.2,49.54,0.07,1.0
6.74,134.8,272.6,,60.3,202.87,0.68,,0.12,1.0
7.21,69.05,196.12,1.72,46.08,97.33,0.03,30.63,0.57,
7.17,162.39,231.82,1.42,48.13,139.55,0.38,13.28,0.48,1.0
7.82,276.86,385.66,1.27,10.06,259.26,0.43,8.51,0.58,1.0
8.23,236.19,315.43,1.29,49.56,220.44,2.45,10.7,0.19,1.0
6.48,146.59,181.24,0.71,76.13,161.67,4.93,10.33,1.16,1.0
8.87,153.45,266.87,3.55,61.83,192.58,0.96,46.77,0.3,1.0
8.68,163.33,315.72,1.41,57.37,204.08,0.73,14.99,0.36,1.0
6.7,10.0,10.0,1.86,79.0,5.0,0.58,26.29,1.49,1.0
7.46,159.61,391.63,1.69,57.8,243.28,0.02,24.59,1.94,1.0
8.77,112.03,104.06,1.45,50.56,55.78,1.61,6.26,0.54,1.0
8.39,32.86,69.33,2.42,79.41,58.17,1.11,11.03,1.45,1.0
7.13,10.0,10.0,1.69,55.46,11.64,1.05,29.32,0.39,1.0
8.05,10.0,10.0,2.61,40.54,5.0,1.66,40.47,0.18,1.0
9.8,10.0,28.91,3.57,68.73,10.07,2.63,39.85,17.26,
7.48,97.07,158.2,0.9,48.59,120.38,0.49,17.86,0.41,1.0
6.89,467.76,690.65,2.32,38.74,455.96,0.56,39.19,0.46,1.0
7.54,99.49,194.82,2.29,56.22,138.01,3.69,31.38,0.29,1.0
7.6,88.7,335.55,0.82,56.68,225.77,1.09,31.96,1.08,1.0
6.98,218.6,380.1,2.65,5.86,279.59,1.91,52.38,0.28,1.0
7.75,187.92,326.21,1.74,63.33,216.76,0.25,22.07,0.16,1.0
6.4,159.46,284.51,3.58,123.86,177.21,0.38,49.89,,1.0
6.87,10.0,60.94,3.0,10.82,21.3,0.5,30.41,1.76,1.0
8.01,364.98,590.19,2.0,29.9,388.61,0.38,42.24,0.87,1.0
6.0,400.17,661.44,1.78,161.2,381.12,2.16,29.22,7.36,
8.12,10.0,10.0,3.73,17.11,5.0,0.72,64.22,0.89,1.0
5.79,77.75,95.19,1.42,101.46,57.76,3.07,,0.83,
6.01,124.93,244.04,2.26,40.85,131.34,0.39,41.74,1.34,1.0
7.0,39.93,107.09,1.93,52.41,51.04,0.04,23.93,0.24,1.0
3.88,309.72,401.19,3.19,44.75,276.97,0.15,53.77,19.54,
8.46,120.58,154.35,3.27,67.03,104.94,0.24,54.29,0.05,1.0
7.45,481.15,733.01,2.54,,478.49,1.02,37.93,1.68,1.0
7.2,384.17,538.11,1.47,57.45,355.9,0.2,15.11,2.1,1.0
7.86,231.81,342.51,1.84,33.87,224.49,0.48,31.64,18.94,
6.7,349.66,505.4,0.77,,353.37,1.59,3.19,0.3,1.0
7.51,233.74,521.18,2.25,94.84,341.24,0.13,44.24,0.34,1.0
6.44,122.53,187.21,1.19,,92.52,0.08,10.68,0.29,1.0
7.47,72.92,136.76,4.24,135.94,121.49,0.78,63.81,0.17,
7.3,273.26,315.63,1.45,74.68,212.57,1.2,14.33,0.38,
6.76,329.78,472.33,3.03,,295.23,2.42,46.97,0.03,1.0
7.53,165.16,327.81,3.53,103.52,188.01,1.08,42.61,2.41,1.0
7.53,24.64,10.0,2.83,19.98,14.42,2.92,34.34,0.28,1.0
8.34,92.05,139.44,1.49,21.81,88.29,0.28,45.35,1.31,1.0
6.12,193.84,285.21,1.42,,216.87,0.42,29.77,0.64,1.0
7.34,119.98,284.87,4.94,15.44,178.25,1.83,77.86,0.17,
6.79,434.71,694.51,3.97,20.15,434.68,1.67,64.75,0.13,1.0
8.1,10.0,22.8,2.3,82.73,32.74,1.09,37.61,11.54,
8.0,254.79,401.12,1.66,96.69,279.23,0.71,24.04,0.74,1.0
7.81,322.47,597.82,1.13,0.37,391.96,0.02,24.52,0.14,1.0
6.84,423.32,754.29,1.38,60.82,503.82,0.33,12.43,0.03,1.0
8.11,190.16,219.12,2.71,,141.67,0.17,56.61,0.6,1.0
6.18,186.39,398.29,4.31,60.97,263.56,0.05,65.9,0.18,
6.01,199.48,413.95,1.88,136.48,292.37,1.5,36.24,0.13,1.0
6.38,200.88,339.1,3.2,,232.92,0.14,63.71,0.66,1.0
7.37,129.54,280.23,2.9,9.41,178.76,0.44,48.39,15.22,
7.94,188.07,387.2,1.71,79.09,278.72,3.79,17.51,0.33,1.0
5.02,11.25,10.0,3.0,83.81,5.0,0.53,57.18,1.43,
8.46,186.6,436.41,3.03,12.36,324.71,0.15,62.41,0.57,1.0
7.5,144.74,325.24,2.92,108.94,177.28,1.17,24.29,1.12,1.0
6.15,256.01,255.51,1.59,17.38,153.54,1.66,22.79,0.11,1.0
7.48,448.6,709.37,2.72,116.94,460.27,0.33,43.67,0.18,1.0
8.27,61.68,165.01,3.19,68.75,104.33,1.66,45.2,0.06,1.0
7.88,152.54,219.38,2.96,100.85,162.73,0.32,31.88,0.18,
8.28,447.35,698.31,3.08,64.83,432.75,1.18,37.34,1.78,1.0
6.31,129.87,133.59,1.8,76.28,92.05,0.13,8.46,19.89,
7.07,107.63,189.98,3.07,78.41,111.92,0.56,55.64,0.71,1.0
6.66,211.18,270.59,3.29,95.79,181.79,0.73,63.09,0.37,1.0
8.77,178.97,468.15,1.54,48.69,303.0,1.29,36.74,0.76,1.0
7.91,152.12,341.56,0.62,14.0,223.87,1.05,8.94,0.4,1.0
9.68,33.08,41.47,3.64,46.84,15.96,1.92,57.25,,
7.03,132.62,193.57,1.54,23.3,115.62,0.2,33.76,0.35,1.0
6.82,61.53,178.53,1.26,25.92,121.79,1.08,16.53,0.46,1.0
7.29,183.7,284.56,2.21,116.19,203.84,0.14,23.69,0.15,1.0
8.5,199.91,385.17,1.73,74.91,238.39,0.65,20.24,0.11,1.0
3.77,216.34,383.64,0.07,73.07,231.99,0.74,2.86,0.16,
7.5,57.24,10.0,2.89,92.91,18.77,0.03,36.24,0.49,1.0
7.48,353.12,512.79,2.87,74.7,332.66,0.07,47.73,0.08,1.0
7.43,160.46,350.51,0.97,124.68,244.44,1.83,0.98,0.64,1.0
6.88,293.28,576.91,1.97,,356.87,0.34,27.19,0.27,1.0
7.29,212.75,388.84,0.98,10.1,217.16,0.42,18.8,0.22,1.0
7.26,310.82,520.26,1.14,21.97,327.51,1.02,18.44,0.82,1.0
7.39,203.09,393.31,1.4,,240.32,0.25,13.62,0.35,1.0
8.15,393.58,569.25,2.53,54.52,368.43,0.21,45.28,0.24,1.0
8.81,260.04,404.45,4.01,56.4,250.16,0.55,62.79,1.05,1.0
6.73,188.55,280.42,1.59,129.01,197.09,0.06,2.91,0.23,1.0
3.94,389.37,754.49,2.84,86.15,484.65,2.49,47.14,0.98,
4.53,345.05,477.81,2.8,29.7,313.58,2.82,37.74,0.35,
7.55,107.84,414.75,,69.77,272.74,0.59,,0.12,1.0
6.97,68.55,44.74,0.61,,32.98,0.23,0.93,0.47,1.0
7.59,72.12,42.34,4.05,55.69,27.04,0.64,50.66,0.17,
8.28,193.51,358.54,1.49,53.55,243.27,0.11,24.47,0.08,1.0
5.38,261.11,329.1,2.45,13.92,198.0,0.51,42.26,0.05,
7.79,103.15,177.18,2.34,41.95,143.15,0.08,36.58,0.14,1.0
7.03,200.04,328.2,,22.3,208.6,1.22,9.49,0.67,1.0
7.77,387.61,617.73,1.32,12.7,375.29,0.32,25.58,0.91,1.0
6.68,422.78,439.08,2.73,76.98,289.16,0.74,20.83,0.99,1.0
8.36,110.3,71.8,1.06,91.36,29.65,0.01,6.77,11.15,
8.13,201.68,277.7,1.62,70.4,193.81,0.74,36.21,0.54,1.0
7.85,37.76,139.01,0.8,32.48,134.55,,,0.13,1.0
8.03,140.66,222.46,1.16,23.5,128.87,2.59,,6.7,
6.8,89.71,217.28,1.47,33.72,147.88,0.7,40.41,1.09,1.0
6.9,163.79,204.47,0.14,41.2,97.8,0.11,5.08,0.02,1.0
8.0,36.41,48.97,3.17,15.12,40.91,0.42,40.74,2.11,1.0
6.79,108.46,274.47,0.61,92.15,160.69,0.05,0.69,0.88,1.0
8.56,116.78,187.88,1.83,41.91,109.62,0.76,33.71,0.72,1.0
7.14,10.0,10.0,1.26,80.6,5.0,0.13,23.61,0.59,1.0
7.8,433.92,710.59,3.08,,476.53,0.64,49.42,0.74,
9.08,267.7,517.75,0.77,22.47,356.69,0.36,9.63,2.61,
6.84,136.22,224.74,1.22,84.38,146.55,1.43,5.46,0.74,1.0
7.46,219.78,303.76,0.66,84.94,180.16,0.66,9.58,0.22,1.0
8.24,36.75,65.67,,1.9,74.48,1.89,10.65,0.48,1.0
8.16,363.94,639.14,2.51,62.12,400.44,2.84,32.22,0.21,1.0
7.14,417.84,679.46,2.03,63.17,398.41,3.49,36.5,18.02,
6.99,233.66,331.34,2.22,21.67,224.54,0.3,29.24,1.15,1.0
7.21,247.46,504.71,2.81,64.28,305.96,1.46,50.17,0.42,1.0
8.56,214.07,335.06,2.11,,237.56,0.58,21.82,0.76,1.0
7.18,85.47,32.65,1.56,12.92,13.6,0.56,23.48,1.2,1.0
7.46,159.26,217.64,2.26,73.96,153.54,2.03,38.46,0.14,1.0
7.06,198.72,326.39,1.49,51.18,240.18,0.16,15.65,0.43,1.0
7.96,157.44,209.09,3.11,53.26,111.73,0.65,50.31,0.33,1.0
7.52,176.39,256.27,1.64,43.0,155.26,0.9,24.27,0.74,1.0
6.6,206.71,281.72,1.88,71.48,181.6,0.07,27.77,12.15,1.0
6.62,69.1,283.82,2.64,73.4,215.24,2.0,32.77,0.62,1.0
5.8,108.6,310.45,4.34,81.66,188.63,0.38,75.02,0.26,
6.73,102.97,87.88,0.98,55.03,45.23,1.07,5.22,0.06,1.0
8.04,18.69,156.6,0.78,34.46,111.35,2.63,14.52,0.06,1.0
8.46,45.93,43.08,1.75,27.72,16.46,1.27,17.83,0.06,1.0
7.95,279.74,495.56,1.25,7.73,325.17,2.17,18.11,0.02,1.0
7.84,10.0,10.0,2.7,33.89,5.0,0.07,46.93,0.38,1.0
7.3,335.91,530.72,2.2,25.74,389.25,0.68,30.07,0.56,1.0
8.02,356.41,577.27,0.88,114.06,348.27,0.83,,0.07,1.0
7.63,249.26,239.56,2.75,8.12,149.28,1.17,27.79,0.47,1.0
8.84,10.0,10.0,3.85,91.49,5.85,0.12,36.14,0.46,1.0
7.32,208.65,227.74,1.2,39.29,186.28,1.07,18.69,0.08,1.0
8.47,189.92,287.16,2.33,41.74,160.16,0.16,34.83,0.26,1.0
8.1,25.68,97.88,,66.05,103.3,0.07,,0.7,1.0
7.99,158.14,196.96,1.63,,143.17,0.63,18.21,0.01,1.0
5.79,391.91,606.04,2.31,18.0,402.27,0.92,36.86,0.08,
8.14,261.58,432.99,1.86,0.35,261.75,3.17,13.41,2.74,1.0
7.3,82.37,115.09,2.11,34.79,86.23,1.2,41.25,0.66,1.0
7.04,10.0,10.0,1.22,13.63,5.0,0.89,19.08,19.8,
6.21,99.47,234.6,3.26,102.69,177.82,0.24,39.45,0.5,1.0
7.4,192.36,257.31,1.59,26.67,147.83,0.16,19.66,0.94,1.0
7.43,228.35,399.24,0.77,,257.24,0.93,10.24,13.26,
6.36,111.76,192.94,1.96,36.62,114.3,0.25,15.61,0.2,1.0
6.22,255.37,402.3,2.92,82.3,241.74,1.23,50.55,5.44,
3.42,425.48,687.03,2.55,115.21,461.4,0.12,47.97,0.51,1.0
8.1,206.39,463.1,1.48,40.82,311.72,0.41,23.41,0.04,1.0
7.55,238.54,290.38,3.77,29.32,212.93,1.48,66.0,1.46,1.0
8.32,164.08,263.37,1.93,49.42,135.59,1.78,55.38,0.28,1.0
7.33,127.07,228.67,0.29,66.6,169.92,0.42,,0.23,1.0
7.36,343.22,536.13,2.59,4.84,398.59,0.23,39.43,1.19,1.0
6.67,116.55,174.54,1.86,40.22,104.42,3.17,14.51,0.06,1.0
6.15,223.78,309.04,1.93,48.02,238.78,1.43,44.5,12.38,
8.88,213.04,310.24,2.89,51.83,196.39,1.65,45.8,0.58,1.0
8.31,155.68,199.64,1.74,44.22,102.32,0.25,19.1,0.24,1.0
6.29,82.85,25.51,1.71,12.57,10.47,0.55,23.04,0.72,1.0
7.52,262.94,364.59,0.75,63.55,257.95,0.07,24.56,0.04,1.0
7.32,164.66,287.8,1.47,48.22,170.31,0.12,26.58,0.24,1.0
7.18,183.88,400.05,2.24,48.12,248.02,0.25,39.46,0.13,1.0
7.07,199.36,193.28,1.41,6.7,137.5,0.36,36.06,0.67,1.0
7.71,314.61,544.16,0.33,75.61,353.77,5.87,14.5,0.13,1.0
8.05,51.13,124.65,2.65,12.08,92.71,0.55,51.01,0.31,1.0
7.72,298.61,642.41,2.69,114.66,422.32,1.2,39.12,0.85,1.0
7.3,22.92,10.0,2.7,2.83,16.09,2.35,17.96,1.23,1.0
7.27,239.62,386.95,1.07,80.49,242.87,0.28,17.15,0.64,1.0
8.15,161.3,395.09,1.98,,261.44,0.16,23.05,0.28,1.0
7.77,107.2,140.89,2.24,,73.03,0.28,41.48,0.42,1.0
7.46,206.02,384.88,2.59,27.81,275.94,2.14,21.22,15.77,
7.37,468.06,555.9,2.62,,348.65,1.1,47.54,1.04,1.0
7.68,10.0,10.0,0.59,79.19,29.08,0.6,10.69,5.39,
7.03,218.57,400.55,3.72,49.13,255.68,1.72,59.37,11.2,
8.06,10.0,10.0,0.79,106.04,10.54,0.27,18.06,0.83,1.0
6.54,128.01,106.87,0.37,43.31,59.56,0.27,5.25,7.33,
7.07,356.86,625.83,,59.73,386.47,0.84,,0.69,1.0
7.89,73.94,183.64,2.7,39.27,84.47,1.56,51.83,14.65,
6.49,74.48,65.22,3.45,15.04,21.29,0.3,57.66,1.05,1.0
6.14,87.23,260.41,1.37,33.73,162.79,0.24,27.4,1.29,1.0
7.45,459.4,713.58,0.23,1.84,468.07,0.64,2.65,0.36,1.0
6.04,95.07,10.0,2.87,65.5,26.71,0.14,44.21,0.53,1.0
6.36,82.17,89.74,0.7,37.69,49.41,1.38,10.4,,1.0
8.01,391.59,599.49,2.62,45.99,372.03,0.86,21.84,0.43,1.0
7.24,446.43,671.54,1.08,162.95,407.65,0.72,2.32,0.32,1.0
4.93,253.07,279.31,1.56,33.88,191.16,2.06,22.18,1.64,
6.44,91.81,52.19,2.32,62.55,61.59,1.32,16.01,1.16,1.0
7.32,453.48,719.17,2.33,47.83,492.79,0.16,33.8,0.8,1.0
7.72,416.53,618.89,2.11,96.3,416.48,0.55,22.66,0.03,1.0
6.46,217.18,435.79,3.47,59.54,296.03,0.39,51.29,0.26,1.0
8.23,121.33,137.52,3.71,39.14,123.34,1.62,57.41,0.6,1.0
7.81,123.84,290.19,3.79,141.7,195.27,1.27,38.3,0.02,1.0
6.11,142.41,267.93,1.82,15.61,187.08,0.64,30.61,19.36,
7.37,65.57,366.17,2.11,42.25,231.59,1.74,27.1,1.09,1.0
7.71,374.19,590.2,3.38,86.66,356.39,0.53,27.45,14.37,
6.93,253.34,475.88,1.35,17.27,295.65,1.63,15.62,15.42,
6.22,106.27,84.52,1.57,80.62,54.76,0.03,27.35,0.43,1.0
7.62,364.69,575.3,2.02,30.82,375.16,0.14,26.26,1.46,1.0
9.17,273.78,362.63,1.98,90.13,274.23,1.41,25.04,0.9,
7.09,208.27,437.41,1.71,89.08,285.94,0.12,27.24,1.84,1.0
8.66,407.9,593.31,1.07,46.4,409.23,1.15,11.18,0.7,1.0
6.8,151.9,77.68,2.85,9.98,41.79,1.29,40.14,0.29,1.0
7.57,213.91,292.83,1.61,34.34,184.11,1.09,10.92,10.95,
8.02,155.74,193.71,2.16,49.41,99.33,1.71,27.16,0.28,1.0
7.39,14.48,10.0,1.99,85.53,5.0,0.72,48.74,0.22,1.0
7.16,195.37,369.34,2.68,62.82,250.61,2.27,41.92,0.3,1.0
7.98,519.45,802.31,2.46,71.52,521.65,0.84,39.53,0.84,1.0
8.91,10.0,10.0,1.74,63.97,25.36,0.71,19.74,1.25,1.0
7.64,155.24,293.54,1.59,83.85,194.43,0.71,19.83,0.22,1.0
6.99,168.31,428.11,1.89,41.98,271.22,2.43,26.05,0.31,1.0
7.25,159.59,324.62,0.89,56.6,253.97,0.28,22.09,1.14,1.0
9.42,198.53,277.37,1.2,51.14,178.42,1.19,29.92,0.02,
7.51,49.36,40.16,2.53,32.48,49.36,0.28,33.41,0.77,1.0
6.92,210.48,346.56,2.3,90.47,217.24,0.1,34.26,0.3,1.0
6.48,97.71,148.65,1.03,89.63,110.81,3.07,13.16,0.24,1.0
5.94,10.0,10.0,1.88,98.23,25.06,0.14,35.83,0.3,
7.69,304.72,538.92,0.44,19.45,354.47,1.16,11.24,0.27,1.0
7.92,260.94,491.68,2.14,64.03,272.5,0.55,31.13,0.71,1.0
7.08,153.25,310.33,1.66,93.69,202.08,1.81,35.05,1.32,1.0
7.39,237.47,345.81,4.1,110.12,249.39,1.48,66.61,0.34,
6.46,265.89,514.86,2.59,,345.21,0.16,31.1,0.89,1.0
7.51,176.69,344.87,1.05,49.88,233.08,0.63,15.78,0.66,1.0
7.79,184.13,480.8,1.03,42.43,278.08,0.03,13.73,0.2,1.0
6.97,129.6,240.5,2.64,113.63,141.92,0.56,29.69,0.44,1.0
8.75,283.05,562.4,2.88,,373.79,1.2,40.94,0.55,1.0
6.73,222.45,364.16,3.86,8.11,244.91,0.26,69.27,0.01,1.0
7.63,155.73,338.81,3.16,107.32,244.52,1.66,58.29,0.25,1.0
8.08,32.82,45.99,2.48,31.21,26.99,0.05,46.29,2.46,1.0
7.34,207.2,357.39,3.42,,240.42,0.04,59.14,0.51,1.0
7.25,163.77,133.61,2.07,110.48,87.17,0.03,33.2,0.2,1.0
6.26,128.27,172.34,2.03,,92.28,0.33,24.44,0.14,1.0
8.49,10.0,136.92,0.79,90.88,43.89,0.63,17.45,0.12,1.0
7.26,10.0,86.75,3.51,,65.01,0.11,36.16,0.26,1.0
7.83,437.73,724.95,2.13,,474.7,5.73,25.27,0.11,1.0
7.94,293.27,566.27,1.9,58.01,355.71,7.73,39.57,0.07,
6.9,262.03,684.07,1.21,16.07,412.26,0.73,13.17,0.23,1.0
7.24,100.73,55.42,3.23,60.89,48.62,0.84,54.78,0.47,1.0
8.47,224.56,314.25,2.99,122.08,198.94,2.61,41.17,0.08,1.0
6.51,50.83,41.3,1.1,43.8,37.98,1.47,21.97,0.02,1.0
9.1,66.15,160.86,2.51,115.11,141.84,0.18,22.26,0.02,
6.8,91.21,116.37,2.8,62.97,32.81,1.57,54.66,0.16,1.0
6.46,293.53,547.92,0.75,88.23,342.15,0.26,0.15,0.11,1.0
7.51,142.7,220.75,2.64,,139.3,0.56,26.0,0.39,1.0
9.17,262.18,513.68,2.44,75.45,362.99,0.76,48.8,0.3,
5.87,328.31,420.82,2.62,69.31,240.81,1.26,39.32,0.2,
7.29,377.92,760.73,3.99,35.6,533.19,0.16,56.74,13.45,
4.44,67.61,10.0,4.96,125.82,9.22,0.08,90.1,0.35,
7.43,333.05,551.85,3.24,30.27,356.78,2.01,55.85,0.05,1.0
3.67,293.1,529.29,2.26,,340.08,1.75,29.41,0.18,
6.83,71.54,105.32,2.64,81.28,59.74,0.74,38.23,13.16,
6.92,337.52,501.43,2.43,,346.89,1.09,47.25,1.89,1.0
7.28,288.67,367.23,4.35,53.06,217.33,1.27,55.64,0.15,
6.5,168.36,254.5,2.14,103.59,172.34,0.65,46.5,0.09,1.0
7.36,36.59,135.21,1.59,69.94,80.2,0.3,19.35,0.34,1.0
7.09,96.49,156.18,2.55,40.1,86.27,0.66,29.52,0.33,1.0
7.02,516.82,709.96,4.09,35.95,513.2,3.01,72.18,0.26,
7.66,247.47,300.14,1.03,100.61,203.47,1.82,22.82,0.38,1.0
5.94,319.29,456.43,1.33,1.2,308.94,0.63,2.16,16.39,
7.22,124.88,141.82,1.27,81.0,114.94,0.26,18.02,0.06,1.0
9.25,121.39,144.03,0.8,137.74,65.19,2.2,0.99,0.42,
6.53,367.78,516.4,1.05,71.74,370.7,1.02,23.72,1.35,1.0
8.43,10.0,30.08,2.94,40.48,5.0,0.52,61.3,0.07,1.0
7.44,62.42,216.96,2.22,43.6,125.65,0.12,38.67,0.61,1.0
6.92,187.53,306.81,0.71,30.78,190.24,1.39,3.0,0.29,
6.34,152.49,322.27,2.69,23.96,221.11,0.38,49.18,0.17,1.0
4.25,105.76,264.18,2.35,54.71,176.09,0.93,34.68,0.96,
8.56,191.48,379.16,2.95,77.18,243.12,0.84,43.54,0.3,1.0
7.09,387.41,438.57,1.4,114.43,284.83,1.2,16.09,0.44,1.0
7.34,274.96,446.93,0.77,,270.94,0.77,12.64,0.29,1.0
8.21,79.8,102.84,2.68,,36.9,1.0,39.49,0.04,1.0
5.41,84.78,243.17,2.83,115.2,172.59,0.09,18.33,0.45,
6.14,231.18,538.95,0.9,52.29,364.19,1.09,13.69,0.27,1.0
7.48,246.41,478.93,2.24,54.38,342.99,0.22,32.2,17.85,
8.61,87.17,25.43,1.38,70.05,5.0,0.5,24.22,0.45,1.0
7.37,238.89,370.3,2.97,42.53,254.55,0.72,24.5,,1.0
5.21,35.93,10.0,2.66,129.01,5.0,1.16,45.05,14.94,
7.71,222.56,309.39,3.22,69.67,224.91,1.36,48.57,0.76,1.0
7.24,378.16,679.55,1.16,32.1,462.15,1.22,22.33,0.02,1.0
5.94,135.65,110.42,1.31,35.67,76.0,0.1,3.36,0.52,
6.06,48.24,133.14,1.63,44.26,79.75,0.49,12.09,1.49,1.0
8.18,342.0,452.81,1.47,18.92,313.54,0.33,3.3,0.09,1.0
6.81,28.12,10.0,2.37,117.58,19.44,0.51,36.99,0.27,1.0
6.67,14.62,173.45,0.92,54.96,99.05,1.04,10.39,0.43,1.0
7.37,214.17,419.29,3.52,3.18,245.98,0.21,51.38,19.7,
6.88,14.64,173.14,3.74,66.21,106.77,0.7,42.23,0.48,1.0
7.48,209.85,252.81,3.11,107.56,194.63,2.16,34.54,0.26,1.0
7.24,268.07,448.84,2.5,92.43,314.67,1.31,12.54,17.42,
6.44,119.17,384.31,1.88,19.61,227.55,1.29,14.7,0.05,1.0
6.99,230.81,353.36,2.19,5.64,206.33,1.89,26.33,0.68,1.0
3.05,112.45,232.18,1.24,107.09,176.41,0.51,12.67,6.87,
7.43,150.22,374.01,2.16,,220.4,1.42,31.69,0.94,1.0
7.33,249.05,275.25,2.34,64.84,189.1,0.06,42.65,0.68,1.0
8.95,240.3,391.56,1.17,27.26,242.19,0.06,10.73,0.03,1.0
7.98,105.7,200.61,3.62,102.55,162.74,0.4,59.21,0.11,1.0
8.08,138.12,263.49,1.92,7.81,155.86,0.22,36.52,0.17,1.0
7.27,10.0,102.01,0.97,18.14,89.17,0.73,26.07,0.45,1.0
7.58,110.57,293.0,1.79,74.68,194.15,0.2,31.82,0.83,1.0
7.06,146.93,137.8,1.4,81.82,94.61,3.71,21.7,0.03,1.0
8.02,22.62,77.19,1.16,104.38,10.77,1.9,6.6,0.14,1.0
7.31,212.14,351.73,3.57,68.92,184.57,4.05,56.29,0.24,1.0
7.58,103.31,342.55,2.01,63.98,218.24,1.65,26.39,0.1,1.0
7.53,208.04,456.57,3.03,91.96,301.71,3.02,59.21,0.39,1.0
7.39,158.76,213.77,2.41,,116.45,0.46,37.08,0.33,1.0
9.75,247.85,381.61,2.48,14.81,226.27,0.69,35.55,0.19,
6.87,333.76,410.16,1.99,,277.83,0.27,43.95,0.36,1.0
6.86,300.52,388.95,1.57,,264.08,1.01,18.7,0.22,1.0
7.96,69.39,134.87,3.3,83.69,84.91,1.55,49.47,0.21,1.0
6.92,221.57,329.87,2.65,107.19,230.02,0.69,59.91,0.15,1.0
7.17,207.87,372.83,1.82,72.24,218.85,0.35,29.95,0.39,1.0
6.53,283.6,301.44,2.99,65.2,188.81,0.71,56.17,0.29,1.0
7.79,63.45,10.0,3.51,53.4,39.46,0.06,67.69,0.11,1.0
7.8,207.74,332.1,2.37,52.21,217.23,1.28,29.97,0.01,1.0
7.15,455.52,742.51,3.55,117.81,485.16,0.6,62.36,0.08,1.0
7.97,209.04,227.99,1.52,111.97,194.31,2.29,19.51,0.02,1.0
5.91,121.61,154.38,1.1,26.6,72.36,2.57,36.9,12.61,
6.83,302.73,374.67,1.66,94.35,259.46,0.13,39.29,0.13,1.0
7.26,107.8,362.48,2.04,99.18,268.89,5.55,38.05,0.27,1.0
6.46,346.19,538.55,3.56,76.02,343.56,3.5,63.78,0.2,1.0
6.0,10.0,48.43,1.62,65.5,48.67,0.99,17.33,0.39,1.0
7.15,355.58,446.28,2.38,64.13,270.44,1.75,52.94,0.64,1.0
7.96,328.17,418.08,3.1,,258.02,0.02,37.47,0.33,1.0
8.43,164.58,271.57,2.47,,184.22,3.52,41.08,0.03,1.0
3.5,297.42,367.74,1.51,81.33,255.0,0.61,15.46,0.01,
7.99,392.69,505.89,0.72,5.98,351.25,2.4,19.42,0.12,1.0
7.91,288.4,474.46,3.22,,339.79,0.49,65.73,0.28,1.0
8.37,166.43,71.4,0.95,,45.06,1.55,18.73,0.02,1.0
7.12,276.85,464.03,1.62,30.97,325.49,0.54,27.47,0.2,1.0
5.96,161.51,287.06,2.03,64.97,179.74,0.45,29.37,1.09,
7.46,232.04,314.57,3.26,68.2,222.52,2.93,49.96,0.05,1.0
6.59,171.09,314.64,3.0,84.02,208.67,1.2,41.61,1.48,1.0
6.82,166.24,269.95,2.15,34.34,184.38,1.83,48.56,0.97,1.0
7.16,393.48,538.34,3.21,54.29,358.39,0.78,56.13,0.89,1.0
7.13,170.91,283.26,3.43,83.83,152.02,2.51,48.02,1.0,1.0
7.51,10.0,76.09,1.52,68.56,26.98,1.35,23.45,0.04,1.0
7.96,151.14,221.29,1.61,26.61,145.89,0.07,53.26,0.08,1.0
7.11,166.63,335.74,2.75,61.99,184.48,1.46,43.96,0.07,1.0
7.72,370.77,545.84,3.7,,371.42,0.02,69.98,0.06,1.0
7.41,287.18,420.62,1.31,50.0,290.83,1.77,13.81,0.2,1.0
8.15,151.51,129.89,0.16,25.26,90.97,0.4,7.1,18.55,
7.25,523.6,797.04,2.65,110.74,495.65,0.91,33.5,0.15,1.0
7.34,266.29,352.96,3.36,10.91,257.02,1.38,45.11,0.14,1.0
7.1,299.59,555.08,2.13,54.67,401.55,1.01,39.88,0.56,1.0
7.27,201.99,269.66,4.63,32.85,178.22,1.12,60.55,0.05,
6.77,342.43,406.67,1.16,27.67,274.55,2.23,5.52,0.22,1.0
6.69,246.3,467.89,1.26,65.09,308.17,0.47,25.72,0.18,1.0
8.02,416.17,543.64,1.24,33.27,363.97,0.79,13.78,19.16,
6.53,279.42,511.47,2.09,124.08,330.07,0.19,28.51,0.36,1.0
7.14,242.07,474.44,2.11,,307.69,0.63,13.64,0.52,1.0
8.21,157.0,236.98,1.23,75.25,172.15,0.16,5.76,0.07,1.0
7.12,147.19,185.65,3.12,46.61,167.59,1.0,49.06,1.32,1.0
8.06,265.5,366.52,2.27,47.99,210.24,0.39,31.68,0.19,1.0
6.93,243.89,486.63,0.97,62.08,314.23,1.96,23.57,0.61,1.0
6.56,175.0,255.46,2.61,89.91,142.44,0.42,30.21,1.55,1.0
6.12,273.54,513.03,1.58,60.6,365.31,0.34,22.03,0.36,1.0
8.45,279.87,590.52,2.1,90.05,372.09,0.68,31.99,0.35,1.0
6.49,23.6,116.74,2.89,51.86,47.01,0.19,41.27,0.06,1.0
8.0,42.02,132.62,3.0,8.64,98.96,0.23,50.96,0.25,1.0
6.6,189.23,271.92,2.92,46.43,211.64,1.53,32.89,0.96,1.0
4.12,274.52,361.52,2.05,96.12,248.26,0.69,35.87,0.07,
9.17,43.39,195.09,1.03,33.57,130.9,0.23,26.77,1.25,
6.05,359.86,570.44,1.68,6.69,378.97,0.03,16.99,0.55,1.0
6.53,172.05,384.81,2.02,74.78,278.43,0.63,34.35,0.27,1.0
8.02,216.19,307.89,3.55,63.46,182.64,1.36,56.77,0.4,1.0
7.81,10.0,12.82,1.47,19.17,6.09,0.43,28.0,0.08,1.0
8.02,10.0,36.84,2.2,40.68,14.89,0.28,33.04,0.12,1.0
6.94,253.7,356.2,0.77,42.73,208.17,0.5,25.69,0.17,1.0
8.99,10.0,10.0,2.34,50.26,5.0,3.2,56.21,0.24,1.0
7.49,285.72,502.53,1.95,75.86,348.8,0.55,35.57,1.24,1.0
6.43,50.02,268.37,1.87,33.79,185.77,0.3,31.2,10.7,
7.2,616.5,948.62,2.85,77.93,629.49,0.84,42.84,0.37,1.0
6.44,498.0,761.58,1.31,28.66,497.96,1.66,6.58,0.09,1.0
8.67,158.5,263.71,3.4,116.65,181.88,0.02,36.74,0.67,1.0
6.87,90.86,278.73,1.24,117.51,165.16,0.82,7.07,0.41,1.0
7.79,359.94,499.12,3.37,15.74,318.24,1.81,53.15,0.29,1.0
7.02,351.07,640.63,0.4,0.98,420.25,0.24,4.13,1.47,1.0
6.91,10.0,10.0,2.31,89.13,12.05,2.55,49.86,1.11,1.0
5.87,121.6,10.0,2.61,60.32,12.9,0.86,14.1,15.89,
7.88,70.17,175.59,1.64,72.07,111.37,0.73,25.01,1.27,1.0
8.44,287.04,416.55,2.28,23.81,263.21,3.31,38.5,0.42,1.0
6.67,267.73,399.37,1.64,44.7,322.75,0.14,33.52,11.16,
6.16,327.88,513.95,2.45,36.21,352.21,1.35,38.15,0.26,1.0
8.04,50.14,60.06,2.25,62.17,47.3,1.71,37.4,0.05,1.0
6.08,24.82,10.0,4.22,0.17,5.0,0.67,65.01,2.57,
8.38,296.56,471.6,0.62,46.03,297.52,0.01,13.72,0.09,1.0
6.68,78.02,134.36,2.2,,84.72,0.74,32.82,0.14,1.0
6.52,81.56,10.0,1.58,29.38,12.36,0.17,44.85,0.09,
7.6,131.77,329.01,2.12,46.11,176.25,0.83,37.65,0.21,1.0
6.57,326.25,458.64,1.86,70.3,266.73,1.34,29.94,0.17,1.0
6.83,206.47,275.59,1.65,73.61,166.39,0.76,17.39,0.46,1.0
7.68,159.98,208.43,1.48,80.44,139.62,1.0,18.73,2.82,1.0
5.46,216.73,268.13,2.71,,169.5,0.11,55.82,0.03,1.0
8.71,130.9,225.88,1.63,100.56,176.39,0.1,,0.75,1.0
7.43,10.0,30.39,1.98,24.21,5.0,1.9,30.24,0.07,1.0
6.37,90.62,157.06,2.19,27.13,87.06,0.05,32.54,0.01,1.0
6.59,192.99,404.26,1.28,60.75,293.17,0.33,24.13,0.51,1.0
8.19,182.01,364.34,2.61,36.52,239.44,2.78,41.79,6.85,
7.88,138.05,333.61,1.04,64.47,234.54,0.61,30.78,0.1,1.0
8.51,36.71,100.97,2.49,71.9,106.66,1.12,38.38,0.21,1.0
6.85,128.39,263.7,2.4,19.47,157.53,0.25,35.39,0.09,1.0
7.64,10.0,10.0,1.87,42.65,5.0,0.32,37.52,1.18,1.0
7.74,236.43,335.7,0.91,43.84,212.75,0.71,28.91,0.16,1.0
7.96,462.48,585.77,2.01,88.33,341.66,1.02,36.97,18.27,
8.3,36.31,10.0,0.97,31.39,5.0,3.23,24.63,1.13,1.0
6.83,99.54,182.81,1.89,29.65,136.45,0.85,26.15,0.4,1.0
7.31,216.76,365.82,2.79,9.14,248.6,0.1,43.09,1.35,1.0
6.91,309.29,550.57,1.98,13.62,370.25,0.46,44.63,1.3,1.0
7.36,130.72,210.36,3.25,,129.22,0.28,54.08,0.31,1.0
7.96,95.08,161.55,2.3,21.88,91.89,0.29,32.01,0.44,1.0
6.08,10.0,10.0,2.77,113.74,31.89,0.7,41.93,0.13,1.0
8.29,276.56,320.69,2.72,77.64,198.5,0.38,51.12,2.33,1.0
4.6,350.69,708.42,3.41,101.09,466.35,0.34,62.37,18.98,
3.53,249.2,355.47,0.69,11.99,234.32,3.44,2.0,0.76,
8.4,172.27,295.54,1.48,,221.34,0.88,25.78,0.19,1.0
7.66,313.69,364.42,2.03,62.66,256.3,0.3,30.34,12.57,
7.67,195.71,297.78,2.8,124.14,167.65,0.32,41.35,0.05,1.0
6.46,64.44,137.4,2.17,30.59,65.56,1.67,45.83,0.41,
6.56,266.41,464.66,1.99,54.07,313.6,2.18,27.53,0.14,1.0
8.15,209.09,345.15,3.03,,223.06,1.14,39.7,5.27,
6.93,124.97,303.52,1.66,51.13,188.19,0.56,16.78,0.13,1.0
7.0,24.61,104.93,1.62,45.0,88.51,1.45,22.49,17.24,
8.17,247.17,560.7,2.52,,368.21,2.77,30.46,0.35,1.0
6.56,213.62,432.94,4.39,8.51,282.46,0.18,57.26,0.24,
7.62,118.34,189.42,1.98,5.33,138.72,1.98,20.8,0.04,1.0
7.43,315.23,500.36,1.35,,317.74,1.89,12.0,12.15,
5.33,21.33,200.49,1.43,21.01,161.69,0.46,13.89,0.77,
6.99,79.3,143.6,1.63,70.35,77.58,0.35,28.5,0.43,1.0
6.94,117.01,148.06,3.33,24.67,109.38,0.83,30.29,1.84,1.0
6.54,10.0,10.0,1.63,95.94,35.18,0.32,17.49,0.05,1.0
7.79,204.9,394.31,2.3,35.49,228.75,0.16,33.57,0.86,1.0
6.87,10.0,10.0,1.91,63.05,5.0,3.06,40.11,0.35,1.0
8.17,10.0,54.31,0.69,69.9,58.15,0.68,7.84,0.37,1.0
7.22,10.0,10.0,1.67,111.36,29.64,0.64,23.55,0.37,1.0
6.55,178.36,282.79,,21.36,180.38,0.13,,0.2,1.0
7.21,277.35,269.94,2.18,67.69,160.76,0.7,14.39,0.2,1.0
7.07,103.61,234.66,2.49,12.13,171.65,1.36,43.93,0.5,1.0
8.21,38.98,91.48,1.15,118.88,83.14,0.29,23.49,0.02,1.0
7.1,36.75,65.55,1.46,8.41,19.32,0.46,30.01,6.13,
7.18,201.36,392.87,0.66,65.35,231.29,0.2,34.95,0.64,1.0
8.53,168.85,189.89,,112.38,127.93,0.44,,0.22,1.0
7.81,99.42,363.27,0.49,2.14,248.71,1.98,,0.12,1.0
8.73,47.22,122.95,2.65,73.8,73.94,0.27,46.84,0.12,1.0
8.41,242.64,336.21,1.69,10.29,232.12,0.03,21.91,0.04,1.0
6.69,321.69,560.66,2.21,143.13,350.22,0.77,23.28,0.05,1.0
8.19,209.3,417.23,4.04,,228.91,0.87,57.79,0.09,
8.62,152.55,217.52,3.0,,132.91,0.4,38.8,0.01,1.0
8.63,256.18,351.44,2.54,5.14,229.7,1.03,55.33,7.84,
8.19,161.65,251.87,1.52,6.43,158.2,0.04,45.35,0.18,1.0
8.17,140.88,301.58,3.56,70.83,172.85,0.42,37.04,2.67,1.0
7.16,163.74,234.88,3.24,121.99,116.36,0.16,33.76,2.4,1.0
6.73,140.18,267.13,2.89,96.21,163.35,0.26,35.8,0.1,1.0
7.12,242.71,342.42,2.0,59.36,240.53,0.48,23.03,0.12,1.0
6.07,134.96,101.33,1.08,50.38,90.99,0.68,8.38,0.34,1.0
8.47,10.0,96.82,3.52,25.75,86.69,0.1,50.82,0.08,1.0
7.17,18.93,22.29,2.87,65.64,5.0,0.11,38.59,0.35,1.0
8.43,10.0,10.0,1.8,41.65,5.0,1.12,13.41,0.25,1.0
6.41,156.02,56.54,1.72,57.58,46.69,0.52,15.58,0.2,1.0
8.27,175.73,331.89,0.78,20.36,228.43,0.19,27.14,0.86,1.0
7.0,110.18,121.44,2.76,1.93,86.94,0.27,37.83,0.88,1.0
6.37,239.87,402.72,2.17,51.02,221.49,1.27,28.47,2.21,1.0
8.7,144.01,306.94,2.4,50.13,182.18,0.05,20.76,0.13,1.0
8.29,10.0,10.0,2.93,26.16,5.91,0.71,39.32,1.1,1.0
7.57,337.88,431.0,2.72,19.34,289.89,0.45,50.44,0.39,1.0
7.43,325.09,462.16,1.13,72.34,315.75,1.67,22.83,0.45,1.0
7.75,157.92,101.23,2.02,68.2,68.68,1.56,38.45,1.13,1.0
7.56,233.2,384.04,2.41,125.06,256.24,1.17,24.16,1.43,1.0
6.77,91.62,128.7,2.49,105.24,85.35,0.49,25.13,0.65,1.0
7.07,178.36,319.53,0.41,2.25,221.41,1.0,17.48,0.21,1.0
8.97,13.91,47.1,0.99,42.37,36.87,1.02,23.17,0.34,1.0
9.54,10.0,10.0,2.66,,7.81,0.4,37.28,7.28,
8.65,138.26,223.44,2.64,,139.87,2.12,48.16,0.88,1.0
7.78,125.69,275.25,3.61,137.82,180.54,4.19,42.12,0.54,1.0
7.13,154.37,220.46,0.45,109.21,152.99,0.38,,0.23,1.0
6.76,46.42,63.19,2.9,24.81,46.43,1.62,27.29,0.27,1.0
6.81,146.4,220.02,2.38,99.74,150.63,0.69,39.26,0.03,1.0
6.96,296.07,353.86,0.95,105.67,256.86,0.62,16.4,1.29,1.0
9.12,172.73,291.02,0.23,,194.47,0.49,,0.05,
8.85,239.74,336.5,2.94,84.02,205.75,0.35,36.31,0.43,1.0
8.0,202.16,165.98,1.02,30.33,125.56,2.52,39.39,1.03,1.0
6.63,385.94,534.34,0.69,65.32,320.0,1.35,7.7,0.27,1.0
8.11,96.52,64.77,2.45,170.39,20.47,0.58,50.68,0.81,1.0
7.21,223.17,397.51,1.99,113.41,265.1,1.39,28.39,0.81,1.0
5.68,333.31,536.38,2.57,44.87,358.97,1.27,33.61,0.03,1.0
7.63,171.8,396.18,2.43,106.87,232.62,0.31,50.63,0.27,1.0
6.73,180.64,259.5,5.35,,161.02,0.19,88.08,0.59,
6.75,130.33,194.34,2.72,70.14,114.2,1.81,40.61,0.27,1.0
7.2,305.5,507.22,2.66,71.1,319.96,1.67,51.23,0.39,1.0
7.0,60.6,15.41,1.12,78.23,28.89,5.76,41.97,0.45,1.0
7.37,10.0,105.98,3.56,29.66,83.01,0.02,46.11,0.08,1.0
7.33,214.04,220.49,1.49,65.28,142.94,0.78,27.14,0.27,1.0
5.9,373.61,547.53,1.09,84.24,344.98,1.21,12.25,0.01,
4.61,222.04,375.95,1.79,,217.38,0.87,17.48,0.08,
6.61,56.4,106.39,2.44,37.35,97.56,1.24,26.98,0.36,1.0
5.19,166.79,237.94,1.54,13.87,166.5,0.15,39.0,0.43,
7.14,182.32,177.14,1.12,76.49,101.0,,,0.08,1.0
7.31,99.91,158.04,1.1,105.11,117.12,0.1,21.61,0.7,1.0
8.57,304.67,495.78,2.21,25.53,320.85,0.48,24.83,0.23,1.0
7.62,16.3,25.65,2.56,6.45,10.93,0.4,56.13,1.27,1.0
7.85,462.15,621.76,2.64,54.69,412.85,2.07,36.9,0.25,1.0
7.62,260.94,465.65,0.44,3.87,287.84,0.09,3.03,0.08,1.0
7.59,309.43,518.17,1.17,40.94,329.94,0.58,33.24,0.71,1.0
7.65,197.62,207.41,2.93,36.72,137.25,3.17,52.74,0.42,1.0
5.85,169.36,270.01,1.58,73.2,165.52,0.7,29.18,0.24,
7.2,64.87,13.37,2.2,62.61,22.07,0.14,41.1,0.22,1.0
8.33,71.48,195.07,4.63,56.46,164.18,0.34,58.56,0.08,
10.55,228.97,398.73,,115.47,244.09,0.99,7.42,0.21,
6.44,409.75,559.21,1.87,60.79,330.19,0.01,26.07,0.01,1.0
7.74,13.32,78.57,2.71,33.29,11.03,3.45,44.23,15.29,
6.94,128.57,226.9,1.02,38.19,144.47,0.84,20.12,1.14,1.0
9.04,174.68,269.74,1.87,19.43,162.07,1.22,16.87,0.79,
6.32,10.0,20.84,0.8,9.25,17.7,0.69,17.93,0.01,
7.9,230.27,418.27,2.58,,274.53,3.17,36.8,1.07,1.0
6.27,98.75,155.2,1.33,95.37,68.82,0.89,7.53,0.3,1.0
3.82,158.89,260.92,1.57,21.27,133.3,1.08,22.07,0.11,
7.37,189.78,209.61,2.9,62.64,142.17,1.97,43.65,0.7,1.0
8.26,162.35,142.13,2.56,38.01,95.09,1.98,44.28,0.19,1.0
6.54,136.35,298.59,2.97,48.83,185.57,0.03,20.72,9.49,
7.93,159.69,256.88,3.76,96.15,133.83,0.33,60.24,0.09,1.0
7.42,169.09,225.63,2.07,57.07,156.09,0.28,25.99,0.33,1.0
7.62,168.4,154.31,4.12,13.09,125.74,0.01,69.85,0.05,
8.17,254.27,363.9,2.19,27.44,242.1,2.09,32.89,6.92,
6.37,392.98,630.72,3.32,84.4,393.02,0.38,46.43,0.32,1.0
8.05,230.11,327.98,1.97,69.33,214.08,0.43,27.79,0.3,1.0
6.94,333.22,499.22,2.84,86.9,297.17,0.1,45.94,18.76,
8.28,10.0,21.96,1.57,40.46,35.43,4.58,32.68,19.35,
7.67,208.57,331.55,3.34,,217.15,1.75,41.18,0.34,1.0
7.23,121.27,80.53,3.15,70.27,16.98,0.85,43.83,0.29,1.0
6.93,10.0,10.0,1.79,60.11,5.0,1.48,41.49,0.72,1.0
8.06,97.75,152.13,2.16,61.16,108.15,1.5,28.73,0.03,1.0
8.41,310.9,538.38,1.06,,343.29,1.07,19.51,0.23,1.0
6.97,178.31,490.0,2.93,24.39,312.98,0.19,31.61,0.43,1.0
6.49,210.19,348.6,2.84,12.47,202.1,1.27,25.46,0.31,1.0
7.96,21.09,10.0,0.77,65.97,17.83,0.84,1.11,0.1,1.0
6.24,130.82,260.74,4.17,67.35,156.51,1.29,55.67,0.18,
6.36,158.47,360.34,2.4,48.26,191.09,0.78,46.36,0.18,1.0
5.07,157.03,335.11,1.77,88.7,210.39,3.13,38.01,2.41,
7.07,44.21,10.0,3.2,109.63,26.12,0.99,28.73,7.08,
6.33,171.79,121.94,1.48,64.12,71.52,0.85,16.76,0.11,1.0
5.85,241.43,287.18,3.31,76.84,221.43,1.85,56.58,0.86,
6.49,177.14,407.26,0.82,28.34,273.3,0.48,11.3,0.27,1.0
7.91,48.73,10.0,1.78,20.98,13.28,0.38,41.72,0.29,1.0
6.38,127.39,267.58,1.91,90.39,171.36,0.7,35.42,0.4,1.0
7.13,168.05,328.61,1.46,15.01,212.23,0.88,19.16,0.45,1.0
8.96,258.85,469.92,1.26,77.88,300.18,0.25,17.16,0.45,1.0
7.36,298.45,438.57,1.51,118.78,279.03,1.15,22.13,0.02,1.0
7.67,297.87,416.51,1.47,76.14,281.35,1.62,13.56,8.45,
6.64,79.11,140.01,1.53,46.76,72.29,0.86,32.36,0.11,1.0
9.13,10.0,10.0,3.43,,5.0,0.74,58.94,0.17,
6.97,156.05,221.39,2.43,56.53,121.44,0.35,41.04,0.1,1.0
7.22,328.6,500.33,1.91,90.36,366.13,2.4,31.1,0.73,1.0
8.45,406.03,578.69,2.76,42.84,386.76,1.4,31.29,0.44,1.0
7.25,201.05,442.11,1.9,90.86,293.46,0.65,33.61,13.88,
7.44,232.52,385.87,1.21,64.6,229.66,1.08,19.38,0.53,1.0
7.17,172.16,375.93,0.39,61.65,256.82,0.41,25.94,0.05,1.0
7.18,110.72,188.78,2.99,37.33,120.37,0.06,31.9,0.18,1.0
7.7,153.08,273.99,,,182.38,0.23,,0.35,1.0
7.84,377.95,633.81,0.49,33.0,392.45,0.08,,0.18,1.0
6.89,26.91,111.49,2.5,32.68,75.67,0.71,35.39,0.12,1.0
6.79,299.41,622.96,1.98,73.02,396.44,0.97,12.33,1.02,1.0
6.91,36.63,235.59,3.46,49.39,137.82,0.48,63.74,0.69,1.0
6.28,332.49,565.09,1.36,93.33,381.99,0.76,31.26,0.21,1.0
6.13,10.0,18.64,2.77,61.25,5.0,0.09,39.95,0.72,1.0
7.64,216.51,417.18,1.82,29.83,282.46,1.47,17.22,0.49,1.0
8.15,157.72,152.65,2.55,17.4,112.91,0.03,23.0,,1.0
8.1,10.0,16.95,2.17,25.87,5.0,1.01,25.51,0.24,1.0
5.49,277.07,343.71,2.5,56.43,207.0,0.57,43.81,0.17,
7.2,382.33,501.89,2.21,35.09,321.77,0.2,25.35,0.12,1.0
6.52,10.0,131.01,2.29,6.94,90.8,0.74,53.49,0.14,1.0
7.51,10.62,10.0,0.91,90.27,5.0,1.52,28.58,1.43,1.0
7.07,148.99,281.63,2.08,56.09,191.73,0.53,31.14,0.33,1.0
7.87,23.92,282.51,2.6,60.99,218.89,0.46,34.42,0.94,1.0
7.38,173.57,409.66,1.95,17.1,256.13,0.15,23.53,0.12,1.0
5.88,332.7,489.92,1.9,8.34,284.14,0.9,44.46,0.1,
3.95,273.83,288.12,0.12,43.51,203.79,1.76,,1.1,
7.4,447.79,671.1,3.53,,469.88,0.82,62.36,0.34,1.0
7.47,223.09,344.85,0.63,81.19,232.01,0.18,9.7,1.13,1.0
6.28,137.36,230.71,1.38,21.84,128.21,1.08,27.86,0.03,1.0
6.17,90.13,10.0,1.21,39.29,5.0,0.03,9.97,1.24,1.0
7.44,255.89,247.47,2.3,67.08,138.48,1.82,31.12,0.27,1.0
6.28,110.29,232.72,2.34,41.01,164.13,2.54,34.89,0.08,1.0
6.07,195.24,492.06,2.66,3.27,292.81,0.91,33.58,0.58,1.0
7.04,130.59,392.5,2.7,110.23,249.12,2.14,53.05,0.8,1.0
7.01,104.57,64.13,3.72,,21.6,0.09,48.21,0.02,1.0
6.7,198.32,334.45,1.69,,219.93,0.26,19.65,2.18,1.0
6.84,269.75,434.31,1.17,84.98,274.97,0.38,31.12,0.6,1.0
7.41,273.83,605.61,1.77,,397.18,1.48,38.13,0.19,1.0
6.82,248.84,477.5,0.89,100.11,310.82,0.66,29.3,0.08,1.0
7.46,256.53,452.17,1.65,65.08,274.18,0.43,5.74,0.25,1.0
7.1,197.6,312.02,0.45,61.32,215.35,0.17,8.74,0.12,1.0
7.53,206.67,377.66,1.16,27.24,244.51,1.66,18.37,0.34,1.0
8.1,278.07,549.9,0.31,16.98,337.67,0.02,,0.76,1.0
8.07,10.0,33.44,3.21,34.95,66.56,0.41,51.37,0.54,1.0
8.43,198.48,230.11,2.11,14.91,159.1,0.28,28.45,0.29,1.0
8.07,99.53,145.49,3.88,98.31,91.5,0.14,59.82,0.06,1.0
7.59,256.11,375.83,3.11,20.29,272.59,0.19,80.68,1.58,1.0
7.05,282.68,546.04,3.21,70.25,391.77,0.68,51.31,0.16,1.0
7.09,10.0,180.61,1.86,90.21,114.49,0.56,31.5,0.16,1.0
6.7,10.0,10.0,2.49,14.75,13.45,0.73,45.56,0.52,1.0
7.4,87.2,217.56,1.1,65.06,121.65,1.3,18.36,0.74,1.0
7.96,307.07,482.69,1.47,14.24,310.81,2.23,11.03,2.07,
6.82,408.8,407.53,2.01,43.06,260.91,0.13,13.74,1.74,1.0
7.37,266.14,385.64,0.26,31.65,254.36,0.09,3.62,7.26,
6.86,283.2,244.0,1.49,22.18,165.26,0.39,19.71,0.29,1.0
3.63,54.95,44.19,2.79,56.31,39.92,0.79,22.26,0.09,
6.96,210.34,403.06,1.51,1.44,266.74,0.11,38.94,0.44,1.0
6.81,97.28,133.14,1.26,87.17,62.33,1.26,20.03,0.01,1.0
6.86,531.12,736.82,1.62,6.74,460.16,0.81,38.63,0.11,1.0
7.8,339.94,414.1,2.75,,258.24,1.38,18.9,,1.0
7.32,81.56,183.87,2.36,39.91,113.87,0.44,50.0,0.1,1.0
7.06,119.29,177.72,1.77,35.1,136.54,0.51,21.77,0.32,1.0
7.61,97.38,281.41,2.02,64.22,159.66,1.65,42.86,0.25,1.0
7.07,192.49,252.1,2.86,53.39,156.72,0.31,45.0,0.23,1.0
8.3,391.69,523.37,3.31,,359.25,0.48,54.14,0.89,1.0
6.62,204.36,337.28,1.53,89.46,213.24,0.01,27.42,0.56,1.0
7.25,58.83,153.67,1.92,38.91,109.1,0.81,24.51,1.38,1.0
6.28,424.86,678.09,3.24,59.66,437.97,1.91,42.21,0.29,1.0
7.12,206.79,309.86,2.52,138.09,206.55,0.03,34.23,0.16,1.0
6.06,276.32,453.77,0.6,101.46,290.38,0.95,,0.07,1.0
8.0,115.95,178.35,1.11,58.42,129.27,1.87,11.8,0.56,1.0
8.01,214.88,372.62,1.14,,211.3,0.68,10.1,0.92,1.0
8.03,267.13,362.22,1.58,,228.18,0.38,8.81,0.1,1.0
7.42,42.81,10.0,2.37,96.48,12.43,5.68,40.13,1.05,1.0
6.7,372.68,703.06,3.89,33.93,467.66,0.07,58.36,0.37,1.0
6.76,284.35,558.13,1.92,43.26,392.64,0.24,31.22,0.08,1.0
8.62,119.62,220.56,2.66,4.18,135.54,2.16,46.87,0.51,1.0
8.55,84.57,79.55,3.13,67.83,81.29,0.35,44.63,0.37,1.0
7.5,229.11,369.51,3.49,95.66,227.0,1.71,42.92,0.01,1.0
6.99,158.25,317.34,3.13,110.94,232.84,0.41,50.06,0.25,1.0
8.49,235.76,371.13,1.25,32.07,257.59,1.67,,0.77,1.0
6.84,186.45,338.32,0.55,75.8,201.64,1.16,7.16,0.41,1.0
7.58,284.77,401.25,1.37,46.2,266.95,0.63,28.22,0.17,1.0
8.48,370.33,589.46,2.17,85.21,382.13,0.74,43.0,1.32,1.0
6.73,232.41,413.62,1.26,49.84,281.37,0.2,13.56,0.14,1.0
8.06,65.62,90.07,0.37,17.03,54.08,0.12,,0.15,1.0
7.82,409.26,572.51,0.78,102.81,365.99,1.26,,0.22,1.0
7.37,348.39,628.12,5.01,53.94,435.66,1.89,81.48,1.12,
6.61,578.38,930.41,1.78,35.94,602.79,1.28,23.17,0.35,1.0
6.82,41.66,75.3,3.8,57.11,65.47,2.44,77.17,0.57,1.0
7.63,230.5,348.58,1.77,20.53,222.07,2.21,12.37,1.87,1.0
6.26,10.0,10.0,2.79,66.61,39.83,1.51,45.31,7.38,
7.5,251.89,410.63,1.86,42.15,253.34,2.28,44.48,0.09,1.0
7.83,169.61,190.36,2.01,18.21,111.45,0.18,32.17,0.78,1.0
8.19,363.96,684.69,2.78,145.08,475.54,1.31,25.76,0.69,1.0
5.28,20.58,145.08,1.6,9.71,85.4,1.4,51.69,0.13,
8.45,10.0,10.0,0.81,64.13,38.52,0.17,27.89,0.2,1.0
8.76,64.92,205.75,1.19,52.27,151.57,2.4,15.65,10.05,
7.73,35.77,10.0,1.19,8.98,5.0,0.01,26.03,0.14,1.0
6.57,199.84,450.22,2.08,36.51,256.38,0.57,39.55,19.24,
7.14,10.0,10.0,0.1,,6.11,0.02,7.98,0.61,1.0
7.36,214.33,305.69,2.31,132.66,200.73,0.74,20.76,1.06,
7.62,26.83,10.0,3.27,39.28,29.84,0.53,52.24,0.04,1.0
7.42,122.29,235.94,1.49,42.69,185.13,0.98,36.99,0.3,1.0
7.62,386.75,628.68,1.35,127.81,394.94,1.45,25.23,0.47,1.0
7.33,228.64,372.13,3.97,17.04,257.91,1.46,63.48,0.56,1.0
7.61,65.17,127.3,3.47,101.78,98.05,1.28,46.71,2.79,1.0
7.03,165.71,293.76,2.43,73.7,212.41,0.11,27.37,0.57,1.0
7.13,293.93,303.6,1.25,,207.32,0.54,3.06,0.48,1.0
6.94,277.18,394.53,2.58,35.16,217.59,1.69,46.33,2.29,1.0
8.93,140.01,26.63,0.99,67.46,14.2,1.06,12.66,0.03,
8.57,226.26,418.51,0.68,51.42,248.92,1.14,,0.04,1.0
7.84,10.0,10.0,2.45,51.53,5.0,0.26,46.55,0.41,1.0
8.46,37.81,174.02,1.52,25.71,132.72,0.39,16.96,0.22,1.0
8.04,80.93,202.35,,21.49,137.63,3.12,,0.05,1.0
7.55,351.09,426.67,2.59,37.66,300.29,1.88,33.84,0.18,
6.2,156.61,304.53,3.46,128.45,204.78,0.18,49.97,0.56,1.0
7.19,107.3,18.89,2.66,13.69,5.0,0.79,44.47,19.44,
7.13,10.0,103.0,1.5,30.71,16.53,0.67,13.76,17.63,
6.49,151.17,339.74,,51.15,223.8,0.59,10.1,0.39,1.0
6.21,153.45,284.19,2.15,,180.44,0.64,37.04,0.18,1.0
7.79,107.32,184.18,1.34,67.28,100.17,1.03,15.0,0.55,1.0
7.66,168.45,203.83,1.1,,98.48,3.42,14.88,0.4,1.0
6.47,286.08,439.23,0.05,6.51,270.81,2.08,,1.31,
6.8,97.06,196.46,3.88,4.59,123.81,2.08,58.81,0.02,
8.33,162.76,282.38,0.9,,196.87,1.22,28.74,15.44,
6.7,424.44,733.99,0.18,100.73,480.86,0.02,,0.11,1.0
7.54,10.0,15.26,3.69,70.86,42.08,0.58,57.31,0.38,1.0
7.25,10.0,10.0,2.03,86.9,5.0,0.72,23.48,0.96,1.0
7.81,325.42,456.72,1.88,83.25,314.49,1.85,33.46,1.21,1.0
6.72,10.0,164.27,2.31,43.28,107.72,2.56,37.41,0.25,1.0
7.47,222.68,236.35,2.44,48.82,167.52,0.6,49.83,0.84,1.0
7.53,69.11,143.77,2.21,90.55,84.72,0.36,24.91,0.16,1.0
7.58,110.2,248.04,0.49,115.54,182.66,0.41,14.3,,1.0
3.23,408.81,619.71,0.42,,408.71,0.86,18.88,0.97,
5.36,350.52,460.43,1.27,150.8,285.69,0.32,14.69,0.06,
9.15,339.35,472.44,1.49,,306.85,2.42,21.08,0.01,
9.45,35.15,16.75,1.64,31.52,6.1,0.54,26.51,0.22,
6.89,96.2,69.77,2.23,52.96,55.13,4.61,31.06,0.24,1.0
4.15,10.0,10.0,1.72,56.64,5.0,0.12,27.58,15.81,
7.88,56.78,138.12,1.32,128.55,89.19,0.21,26.52,0.84,1.0
7.55,249.25,491.34,2.39,90.48,327.28,0.72,34.78,0.26,1.0
8.25,303.27,403.39,2.71,66.51,262.86,2.03,39.49,12.04,
7.63,134.24,255.7,1.19,91.42,193.14,0.44,20.53,0.15,1.0
7.45,219.59,295.54,0.63,63.83,207.58,1.82,5.49,0.36,1.0
8.3,124.13,162.22,2.18,22.98,105.3,0.55,29.21,0.73,1.0
8.42,161.46,340.95,1.58,69.43,225.95,1.92,14.7,12.95,
6.29,242.56,453.18,2.84,52.7,300.48,0.32,42.12,1.76,1.0
6.75,70.69,10.0,1.01,16.29,14.57,0.64,19.7,0.28,1.0
7.32,177.18,359.93,0.79,100.51,197.44,0.33,9.22,2.3,1.0
7.48,298.14,486.49,1.37,47.82,310.19,0.24,12.76,0.17,1.0
7.22,91.06,216.98,2.52,5.18,111.35,0.55,36.83,,1.0
7.75,248.39,440.14,1.65,11.49,311.66,0.41,28.7,0.73,1.0
8.2,515.45,862.93,1.91,71.4,559.69,1.55,29.95,0.1,1.0
8.78,128.34,279.13,1.5,91.98,177.57,1.38,44.87,0.03,1.0
7.86,179.17,378.66,3.02,69.27,264.07,0.44,38.67,1.29,1.0
6.72,105.75,152.39,2.48,69.45,107.5,4.86,35.74,0.78,1.0
7.28,159.51,336.25,0.48,17.59,195.99,3.64,14.95,0.05,1.0
7.34,194.7,392.05,2.9,53.72,253.42,2.5,36.57,0.75,1.0
7.81,156.43,338.97,2.59,36.8,213.63,0.88,58.14,0.93,1.0
7.71,53.74,96.06,3.08,42.2,27.55,0.53,46.32,1.18,1.0
9.04,251.95,341.27,1.47,45.53,208.02,0.38,27.68,0.39,
7.03,430.79,592.44,1.06,23.6,381.41,0.02,16.11,0.61,1.0
5.48,197.54,389.73,1.92,80.07,251.02,1.0,38.95,0.72,
9.28,402.95,492.4,2.16,9.64,290.41,0.81,21.82,0.58,
6.93,101.32,252.6,3.19,,187.22,0.99,63.5,14.52,
7.52,324.17,449.98,2.64,18.59,290.44,0.86,41.87,0.4,1.0
6.64,177.43,355.85,2.15,85.34,232.06,0.15,38.82,0.33,1.0
7.47,22.34,109.82,1.87,63.57,79.39,1.19,20.7,2.78,1.0
6.78,180.98,363.7,2.02,,220.65,0.45,33.6,0.21,1.0
8.24,58.37,101.66,1.61,73.89,75.21,0.73,14.41,0.05,1.0
7.52,133.05,173.42,2.68,48.06,105.38,0.46,51.94,0.72,1.0
6.65,236.21,337.87,0.55,33.3,201.68,0.02,,0.12,1.0
8.07,168.47,359.45,2.01,40.32,245.11,2.09,31.67,15.97,
7.54,10.0,62.15,3.04,,70.23,0.16,41.78,0.05,1.0
8.16,260.65,510.8,0.86,56.93,346.51,0.87,,0.48,1.0
6.48,243.07,414.4,3.94,,287.82,2.15,49.82,1.44,1.0
7.7,84.92,159.05,0.92,36.0,92.97,0.25,18.34,0.64,1.0
8.02,10.0,10.0,1.5,36.05,5.0,0.53,13.46,0.12,1.0
7.06,176.09,271.02,3.03,80.8,205.97,0.47,38.7,1.77,1.0
6.39,239.62,210.81,3.45,51.59,178.12,0.09,55.51,0.18,1.0
7.37,168.34,322.63,2.36,78.24,240.56,0.55,44.51,0.29,1.0
8.38,114.75,227.38,2.33,2.17,141.08,0.65,41.57,0.34,1.0
8.3,33.98,10.0,3.79,45.69,5.0,0.03,56.35,2.34,1.0
7.06,105.46,222.33,0.63,71.21,123.2,0.67,11.65,0.04,1.0
6.37,176.77,238.88,0.28,99.69,121.59,0.1,5.31,0.6,1.0
7.06,220.11,426.73,0.08,4.43,275.23,2.23,,6.45,
7.03,187.82,160.36,1.15,16.36,136.35,1.05,20.03,0.04,1.0
7.76,398.68,635.73,1.28,70.21,410.39,0.06,8.81,8.37,
7.32,10.0,10.0,2.38,114.46,12.55,1.75,41.85,19.44,
6.8,307.91,562.23,3.01,61.44,392.96,0.45,46.47,0.7,1.0
8.28,127.39,255.14,2.91,5.6,157.76,0.26,21.99,0.14,1.0
7.51,351.79,471.92,2.88,6.38,347.46,0.29,52.98,0.72,1.0
7.75,126.14,315.96,1.04,55.39,245.22,0.91,10.41,0.88,1.0
6.02,283.35,527.91,2.38,64.3,340.52,0.09,29.72,0.28,1.0
5.46,105.43,222.53,1.27,41.15,133.09,0.06,28.55,0.42,
6.25,47.38,80.28,2.6,6.84,66.12,0.99,37.38,1.79,1.0
7.02,336.91,584.1,2.04,94.06,372.72,4.01,36.61,0.94,1.0
7.86,91.82,277.3,2.88,36.05,157.12,0.66,36.74,0.29,1.0
5.53,186.6,344.31,4.38,71.08,249.43,0.53,73.68,10.03,
8.67,323.19,546.95,1.97,,379.85,2.94,31.48,0.77,1.0
7.54,24.76,93.61,0.9,98.05,63.96,0.28,17.5,0.01,1.0
8.49,285.8,419.1,0.37,22.61,247.16,0.28,3.75,0.44,1.0
6.69,155.18,182.02,1.1,103.79,93.72,2.36,32.85,2.08,1.0
7.8,160.22,273.57,3.07,74.51,179.96,1.04,64.71,1.47,1.0
7.47,200.2,314.46,2.48,,194.4,0.06,15.23,0.89,1.0
8.05,10.0,10.0,2.23,59.82,5.0,1.12,42.72,9.03,
7.21,65.48,144.23,2.38,116.26,114.19,1.71,24.92,2.56,
7.78,392.37,570.21,2.72,26.08,385.3,0.32,45.89,0.47,1.0
8.28,265.17,477.24,0.44,116.33,337.77,0.48,,0.13,1.0
6.88,135.62,287.47,2.99,65.43,167.04,0.22,48.83,0.56,1.0
7.59,323.06,348.62,2.39,103.61,219.74,1.0,27.48,11.33,
5.89,235.64,241.15,0.56,56.38,171.93,1.09,3.8,0.06,
7.96,366.17,571.32,2.34,45.04,380.32,0.07,30.71,1.24,1.0
8.96,212.9,259.93,0.7,123.49,199.6,1.13,3.12,1.26,1.0
6.4,96.52,346.37,2.51,78.86,233.55,1.07,30.58,0.01,1.0
7.33,278.15,529.21,2.12,40.59,380.95,0.04,27.82,1.15,1.0
8.1,63.22,144.53,0.99,66.96,104.74,0.81,13.32,1.47,1.0
7.43,355.26,611.76,2.41,27.41,418.89,0.95,39.43,0.02,1.0
7.53,10.0,10.0,2.81,54.32,5.0,0.56,60.74,0.17,1.0
7.09,248.06,625.93,1.43,97.82,407.14,2.32,11.93,0.23,1.0
7.06,154.58,225.46,2.78,43.53,164.77,0.4,43.0,0.21,1.0
7.33,178.06,251.46,1.72,15.02,195.71,0.07,33.55,0.71,
7.43,86.09,10.0,2.87,11.32,21.08,1.11,36.03,0.22,1.0
6.45,86.01,209.04,1.9,52.94,134.21,0.93,5.99,1.57,1.0
7.35,11.72,92.04,3.17,17.7,87.37,4.52,28.5,2.65,1.0
8.65,10.0,178.47,1.09,,72.17,0.26,,0.19,1.0
7.06,148.84,272.54,1.12,2.06,148.7,0.5,32.13,0.36,1.0
6.41,339.99,491.56,1.21,97.0,333.15,0.62,24.32,0.41,1.0
7.28,174.32,341.52,2.13,44.31,222.27,1.98,39.46,0.43,1.0
6.83,324.09,361.54,1.85,52.31,247.11,0.54,37.53,0.23,1.0
6.33,35.71,80.9,2.29,11.34,53.87,1.48,28.54,0.09,1.0
7.51,81.66,123.85,0.84,26.74,91.92,0.17,35.57,0.03,1.0
6.83,327.69,659.75,1.28,25.45,412.55,0.53,22.59,0.06,1.0
6.9,106.14,152.96,3.27,38.93,110.83,0.17,48.33,1.16,1.0
7.52,279.78,631.24,2.37,,430.2,2.99,46.67,0.16,1.0
6.17,185.52,251.39,2.62,93.59,187.81,0.2,46.03,9.36,
6.01,216.5,300.46,1.74,49.34,235.57,0.54,39.52,0.49,1.0
7.94,376.41,514.07,2.29,58.08,339.03,0.09,48.36,0.04,1.0
5.86,281.63,554.38,1.53,86.57,365.82,2.54,19.34,0.04,
4.35,174.73,277.84,0.15,83.51,150.13,0.98,4.12,0.49,1.0
5.96,161.6,222.35,3.04,27.0,133.9,3.28,36.44,0.45,
7.01,195.4,288.82,2.18,74.18,183.87,0.04,16.45,0.02,1.0
7.74,177.29,367.59,1.27,73.77,259.94,0.19,27.39,0.31,1.0
7.49,167.36,478.26,2.0,62.64,298.65,0.48,39.59,0.29,1.0
4.89,197.86,300.85,1.53,92.44,211.48,0.97,3.19,0.4,
8.27,246.64,423.78,3.5,81.98,275.42,0.4,45.3,0.67,1.0
6.66,348.27,627.67,2.67,79.09,404.44,1.24,40.63,0.17,1.0
6.44,263.95,376.26,0.85,104.61,249.55,0.18,14.3,0.28,1.0
9.57,215.15,362.33,0.72,51.15,227.69,0.92,31.2,0.79,
8.25,10.0,10.0,2.25,52.31,5.0,0.51,27.49,1.28,1.0
7.87,10.0,10.0,2.13,82.77,5.0,0.71,30.3,1.11,1.0
7.46,170.16,377.68,2.52,42.86,240.53,0.84,44.27,6.37,
7.62,288.27,281.04,1.86,69.26,173.07,0.06,24.35,0.37,1.0
6.21,154.36,197.04,1.35,27.6,117.76,2.58,15.24,0.38,1.0
7.53,218.65,348.71,2.51,,235.0,1.54,31.77,1.02,1.0
7.46,163.67,287.92,2.59,73.91,200.32,0.58,41.24,0.92,1.0
6.68,302.96,525.56,3.26,,346.26,0.79,47.11,8.12,
3.02,248.69,317.22,2.73,22.04,226.1,0.03,47.84,0.09,
8.61,65.84,150.62,1.16,82.8,109.41,0.69,21.02,0.24,1.0
7.3,327.67,498.03,2.26,83.27,317.82,0.56,4.69,0.17,1.0
9.06,136.52,256.57,1.71,97.01,157.52,0.47,8.2,1.51,
6.01,340.19,405.31,1.05,,269.71,1.69,10.82,0.15,1.0
6.98,159.83,204.52,0.21,61.84,144.41,0.2,12.97,0.1,1.0
6.16,164.3,170.03,4.25,39.69,138.48,0.19,57.2,1.15,
6.43,160.88,316.83,1.44,89.53,229.77,0.74,25.36,0.05,1.0
6.74,234.45,302.57,1.87,109.05,185.84,1.16,34.09,0.15,1.0
7.65,221.95,395.97,2.22,,255.34,0.02,38.7,0.29,1.0
7.61,153.26,246.27,2.11,50.64,173.5,0.79,26.2,0.45,1.0
6.86,87.75,10.0,,83.31,27.86,0.35,,0.2,1.0
5.62,75.93,213.45,1.83,36.48,157.52,1.41,14.39,0.34,
8.58,285.42,458.76,3.77,119.83,296.92,0.63,86.28,0.11,1.0
7.17,166.22,240.52,1.79,33.94,131.26,1.8,31.38,0.43,1.0
6.51,176.43,250.72,3.64,37.99,142.99,0.51,72.93,0.26,1.0
7.62,275.83,497.28,2.03,7.07,328.68,1.75,22.14,0.95,1.0
7.56,198.88,157.61,1.65,56.16,109.29,1.26,37.22,0.27,1.0
7.14,10.0,10.0,2.14,,5.0,1.76,27.4,0.29,1.0
7.52,233.67,267.87,2.04,40.09,175.01,1.67,30.27,14.6,
6.48,182.65,203.17,2.02,100.76,144.68,0.67,27.37,0.07,1.0
8.01,159.09,106.75,1.42,,46.36,0.46,12.47,0.09,1.0
6.6,79.54,264.92,0.64,,194.3,1.45,0.9,0.78,
6.92,195.54,398.3,2.56,94.65,251.35,0.45,38.03,0.16,1.0
7.92,253.48,298.14,2.09,100.07,218.94,0.09,25.55,8.35,
8.36,122.99,361.4,3.66,,224.24,1.96,56.23,0.05,1.0
8.67,317.29,662.68,1.97,119.31,410.21,0.51,21.12,0.86,1.0
4.24,114.44,231.42,0.49,67.3,141.26,0.14,14.37,2.22,
7.14,223.0,355.67,2.32,91.95,229.28,1.04,30.24,0.23,1.0
6.17,198.51,198.16,2.08,18.33,121.03,2.21,47.51,14.72,
8.52,69.17,130.73,1.57,109.56,80.65,1.97,23.03,0.29,1.0
8.5,79.4,183.02,2.62,39.28,125.64,0.81,38.25,1.12,1.0
6.86,138.12,204.25,2.5,37.52,129.34,0.09,53.5,,1.0
8.14,246.62,371.9,0.8,69.3,240.41,1.19,7.09,0.53,1.0
7.13,483.95,769.82,1.53,34.32,466.2,0.94,18.91,6.5,1.0
8.6,85.18,156.79,3.09,,109.75,0.24,39.41,0.24,1.0
6.99,32.25,216.67,1.02,55.27,139.05,2.31,17.35,0.12,1.0
4.84,126.54,287.38,1.83,37.27,219.0,0.09,20.06,0.14,
8.03,298.51,379.16,2.23,19.28,227.66,0.47,41.17,0.81,1.0
8.84,220.98,352.71,0.85,99.62,193.1,0.1,12.23,0.03,1.0
7.03,317.97,556.82,1.9,145.69,374.29,2.43,36.91,0.41,1.0
7.72,61.91,10.0,1.87,13.23,13.43,0.04,35.29,0.18,1.0
6.62,10.0,10.0,1.68,57.9,5.0,0.55,20.02,0.15,1.0
8.08,109.23,200.82,0.47,34.06,99.94,1.98,,0.35,1.0
8.12,318.56,519.46,2.0,141.54,368.4,0.29,26.71,1.14,1.0
4.96,10.0,10.0,1.38,69.67,34.78,0.11,20.81,0.48,
7.79,11.04,10.0,3.07,87.08,5.0,0.14,49.33,0.78,1.0
7.98,239.16,414.24,2.42,97.27,260.09,0.52,40.69,0.46,1.0
7.02,139.27,348.73,1.22,55.21,259.96,0.56,18.03,0.6,1.0
7.83,58.25,81.96,1.6,42.54,43.75,1.27,17.26,0.28,1.0
3.4,10.0,102.89,2.13,110.76,57.07,0.27,26.01,1.3,
7.49,71.91,106.05,1.6,81.12,63.28,1.21,29.23,5.63,
7.54,261.97,322.11,0.48,16.16,186.95,6.88,0.77,0.4,
7.12,90.79,174.74,2.29,21.03,79.48,2.0,39.99,0.37,1.0
4.05,180.71,398.81,2.53,34.41,280.28,1.01,43.82,0.19,
7.1,10.0,10.0,2.74,96.37,5.0,2.81,56.45,0.13,1.0
7.1,35.58,128.63,2.94,108.94,88.55,4.72,39.27,17.92,1.0
8.26,74.6,74.79,1.17,136.07,66.34,0.84,14.32,0.63,1.0
7.54,141.84,248.73,2.78,21.65,132.65,0.32,18.64,0.17,1.0
7.68,200.92,192.39,0.86,55.61,106.57,2.46,3.44,0.25,1.0
6.23,333.89,459.57,2.36,33.99,322.98,1.86,25.8,1.26,1.0
7.74,10.0,10.0,1.29,42.71,17.16,0.09,24.43,0.42,1.0
7.82,221.24,309.1,2.42,87.2,188.57,2.75,54.35,0.05,1.0
4.05,227.34,411.67,0.49,48.16,291.63,0.46,13.19,0.8,
9.07,404.5,671.33,2.54,102.63,460.49,0.39,48.05,0.15,
5.57,104.12,203.65,1.21,29.35,137.75,0.42,11.09,0.4,
8.03,257.26,364.89,2.48,79.66,219.18,0.39,25.26,0.36,1.0
7.97,77.65,10.0,2.37,32.29,5.0,0.73,33.17,0.14,1.0
3.26,45.93,10.0,2.39,,12.23,0.87,29.54,0.06,
7.54,327.47,468.95,2.05,9.14,301.05,0.55,22.1,0.12,1.0
7.84,225.48,298.89,0.83,54.97,213.06,0.53,14.68,0.05,1.0
8.09,348.98,535.7,3.49,126.86,317.61,1.34,40.5,0.16,1.0
6.82,10.0,25.32,1.87,31.62,5.0,,36.32,16.4,
7.64,327.44,403.98,1.87,43.23,266.2,2.94,24.02,0.26,1.0
7.25,494.48,673.76,3.38,69.59,428.12,1.25,50.32,1.0,1.0
6.52,218.67,383.94,1.11,26.02,237.02,1.23,17.66,0.4,1.0
7.97,194.65,355.32,1.95,30.65,195.59,0.55,24.62,14.99,
6.95,211.65,301.71,2.17,52.88,196.5,3.38,45.2,0.09,1.0
6.2,33.54,10.0,1.77,32.54,5.44,,10.47,0.16,1.0
6.97,332.57,571.11,2.27,,384.29,0.08,46.93,0.36,1.0
6.76,44.2,177.83,1.42,23.99,116.97,1.63,17.81,1.06,1.0
8.22,255.82,400.9,1.93,74.6,257.93,1.34,38.18,0.02,1.0
7.52,33.57,10.0,2.13,75.84,30.04,0.32,33.98,0.35,1.0
8.51,74.76,64.11,3.37,103.45,15.42,0.9,59.01,5.46,
6.87,369.68,587.02,3.66,100.22,392.29,0.76,53.66,0.31,1.0
8.1,124.77,230.54,2.17,13.99,116.43,0.75,34.93,0.5,1.0
9.67,404.09,590.66,3.2,20.18,367.16,0.91,58.97,0.68,
7.68,173.9,284.35,1.27,21.95,160.58,5.07,20.08,0.07,1.0
8.09,10.0,10.0,4.25,43.92,22.14,4.37,77.07,0.09,
7.95,278.02,478.41,1.76,25.07,309.66,4.0,29.85,0.32,1.0
6.26,21.91,182.02,1.97,43.02,118.04,0.8,22.18,3.12,1.0
7.87,254.73,439.74,2.53,15.11,263.69,0.38,34.43,0.22,1.0
7.65,217.45,305.04,2.85,81.38,192.28,0.82,51.67,0.28,1.0
7.19,22.99,10.0,1.83,12.08,5.0,0.97,15.03,8.59,
6.69,275.75,332.86,,10.1,224.03,0.37,7.93,0.04,1.0
7.96,430.4,739.24,2.66,70.81,460.69,1.0,36.18,0.74,1.0
6.62,263.52,398.6,1.09,78.89,285.68,0.97,3.45,0.15,1.0
9.11,212.73,288.5,2.77,41.0,154.01,2.34,43.69,0.61,
7.49,426.18,515.07,2.75,84.76,318.66,0.27,34.28,0.32,1.0
6.42,212.52,342.13,2.19,81.87,255.93,1.2,27.17,17.18,
6.99,152.93,341.91,2.9,125.97,213.54,0.6,37.31,7.17,
7.18,91.4,81.67,1.51,79.32,26.79,0.14,23.79,1.1,1.0
9.33,301.35,346.77,3.37,118.29,229.78,0.38,46.72,0.14,
6.69,288.13,507.09,2.16,52.48,320.1,0.06,36.35,0.55,1.0
7.31,121.73,132.79,1.81,105.99,69.59,0.38,37.34,0.8,1.0
6.97,412.38,584.9,3.14,106.83,358.27,0.07,52.54,0.39,1.0
7.8,219.85,281.66,1.33,44.3,238.45,2.6,38.08,0.21,1.0
6.98,79.75,122.45,,22.46,74.56,0.11,20.51,17.19,
6.49,264.79,499.53,0.75,29.49,286.18,1.7,8.38,0.16,1.0
4.11,141.52,242.64,3.44,66.6,187.59,2.37,40.0,1.48,
7.16,294.07,451.9,2.25,4.01,305.96,0.63,30.86,0.08,1.0
6.93,190.4,241.65,2.17,31.85,141.74,0.06,33.74,0.25,1.0
6.97,189.52,288.03,2.91,97.89,168.56,0.91,65.92,0.07,1.0
8.35,220.23,398.71,2.3,76.67,272.63,0.27,30.69,,1.0
7.14,242.68,358.18,1.72,,227.88,0.19,28.65,0.15,1.0
6.49,49.0,10.0,1.56,,5.0,0.84,16.61,0.05,1.0
7.03,64.43,75.75,0.82,136.36,84.98,0.44,8.9,2.15,1.0
7.44,249.72,485.88,0.93,97.18,307.14,1.31,1.85,0.72,1.0
6.33,155.07,273.57,2.17,26.68,207.73,0.89,17.99,,1.0
8.7,164.54,195.25,1.84,,152.48,1.77,41.27,0.13,1.0
8.09,10.0,28.29,2.49,0.02,5.0,0.06,47.98,0.55,1.0
8.54,10.0,84.05,1.91,70.37,75.3,0.27,25.02,0.25,1.0
7.71,81.4,10.0,0.94,129.08,5.0,0.84,24.67,0.89,
5.73,193.42,279.74,2.25,126.53,144.5,2.12,20.62,0.35,
8.63,138.52,180.31,2.19,,108.71,1.68,31.05,0.53,1.0
6.71,10.17,106.68,2.02,38.17,77.3,1.14,32.0,0.45,1.0
6.77,208.7,286.38,2.16,15.72,176.89,0.85,45.02,0.51,
7.53,237.44,372.79,3.97,55.48,236.18,1.0,61.46,0.13,1.0
8.5,351.97,718.64,0.81,,489.99,0.24,17.57,0.23,1.0
8.24,77.21,10.0,1.04,28.17,8.63,0.9,10.94,0.03,1.0
8.13,327.06,531.88,0.3,15.31,328.85,0.68,7.11,0.44,1.0
7.15,276.97,494.62,2.09,70.94,335.54,0.49,44.03,13.76,
7.14,67.61,144.18,0.06,29.41,97.67,2.19,,0.72,1.0
7.68,103.63,340.65,2.22,35.15,170.99,1.77,44.72,0.12,1.0
7.3,154.75,208.47,1.94,70.44,144.07,0.08,27.06,0.29,1.0
8.11,215.38,337.14,1.43,115.7,226.98,4.25,7.33,0.1,1.0
8.06,351.39,601.83,2.47,134.63,391.59,0.26,34.41,0.48,1.0
7.87,316.6,421.12,2.3,68.24,291.56,0.24,47.35,0.94,1.0
5.38,171.84,401.72,3.61,46.46,247.67,2.88,49.25,0.73,
7.5,98.52,213.94,2.61,102.65,145.79,0.59,42.19,1.44,1.0
7.31,10.0,10.0,1.94,96.69,5.0,1.64,12.92,1.78,1.0
5.02,141.04,258.31,,85.27,176.04,0.34,,0.74,
6.8,328.17,541.32,2.93,,390.92,2.06,33.18,0.17,1.0
6.34,27.5,10.0,2.94,98.33,5.0,1.79,54.19,0.12,1.0
7.77,36.04,88.98,3.32,64.33,42.64,0.73,49.35,0.3,1.0
7.11,151.28,325.25,,14.25,197.21,1.22,11.0,2.55,1.0
7.86,146.14,103.07,2.21,23.12,69.59,3.33,44.66,0.27,1.0
6.86,205.48,141.5,2.66,73.28,70.71,0.6,32.3,0.11,1.0
8.53,136.33,215.28,3.2,,148.36,0.68,63.69,1.44,1.0
8.2,10.0,26.88,2.6,44.98,34.41,1.28,33.58,0.24,1.0
7.64,136.88,105.18,2.06,23.8,79.05,0.49,40.91,0.59,1.0
7.23,192.07,440.69,0.98,19.72,251.08,3.25,24.32,0.78,1.0
8.08,10.0,38.53,1.88,31.71,44.95,0.04,28.89,0.93,1.0
7.71,10.0,10.0,2.39,,25.25,0.52,36.5,0.86,1.0
7.59,46.42,174.0,2.78,92.1,129.7,1.25,44.95,0.9,1.0
8.23,253.83,446.39,0.41,,297.61,0.56,7.36,0.55,1.0
8.54,113.16,260.62,2.3,56.77,173.8,0.3,30.53,0.26,1.0
6.4,124.88,207.08,0.53,16.1,155.25,0.53,3.15,0.55,1.0
6.56,186.68,308.87,2.27,129.34,239.24,2.13,30.17,0.91,1.0
6.78,10.0,10.0,0.85,50.91,5.0,0.79,24.97,0.22,1.0
6.2,220.84,398.94,0.56,,280.87,0.41,,0.18,1.0
7.35,214.47,376.69,3.81,71.87,243.12,1.11,52.19,0.21,1.0
7.88,171.38,218.14,0.62,6.3,139.2,0.95,6.01,0.4,1.0
7.38,293.29,501.18,1.36,89.4,295.04,0.82,18.17,0.03,1.0
6.97,85.94,74.5,1.98,74.71,42.73,0.5,32.66,0.75,1.0
8.3,344.64,525.58,,108.9,321.68,0.07,,0.07,1.0
7.51,227.12,330.9,2.79,57.48,205.81,0.97,52.03,0.07,1.0
7.67,209.01,232.69,1.3,82.77,129.28,0.54,28.36,16.11,
8.32,121.65,296.03,0.98,51.71,183.44,0.56,21.44,14.67,
7.3,143.47,278.55,2.92,26.41,172.93,0.27,41.79,0.17,1.0
9.05,414.6,544.06,0.66,92.63,355.57,0.29,2.58,0.23,
7.04,37.93,84.66,2.45,0.78,22.74,1.55,33.46,1.34,1.0
9.0,10.0,147.5,2.02,48.55,66.96,0.65,30.96,0.94,1.0
6.62,294.21,507.26,2.06,27.26,336.96,0.12,37.52,0.96,1.0
7.81,115.28,180.89,1.94,83.68,101.63,0.05,28.34,0.43,1.0
6.89,157.21,480.11,2.13,12.13,333.56,0.25,35.53,1.01,1.0
8.3,450.63,639.89,,33.65,420.43,0.67,,0.75,1.0
7.02,96.1,219.64,1.13,51.76,154.9,0.96,19.75,1.53,1.0
7.63,278.19,436.27,1.09,109.51,311.79,0.16,13.81,0.03,1.0
6.88,30.26,69.26,3.11,28.7,38.83,0.57,49.29,0.01,1.0
8.15,206.15,450.95,2.16,33.96,281.63,0.08,14.71,11.25,
6.88,150.41,339.88,2.01,,238.36,0.04,35.04,1.32,1.0
3.75,190.01,394.61,3.86,10.68,266.69,1.99,63.23,0.47,
6.6,156.81,170.89,,66.52,107.33,1.07,5.29,9.38,
6.32,10.0,10.0,3.41,51.28,34.33,1.52,41.34,0.36,1.0
8.16,214.3,400.65,2.01,51.92,256.18,0.2,23.08,0.88,1.0
6.93,10.0,10.0,1.24,119.65,7.16,0.39,9.99,1.32,1.0
7.39,201.73,236.53,1.47,,154.17,0.59,25.29,0.65,1.0
7.14,366.15,488.24,1.5,142.71,298.66,1.07,29.11,0.71,1.0
6.35,262.26,338.38,3.5,97.13,221.5,0.77,45.54,0.19,1.0
7.34,438.42,689.67,2.24,36.97,476.22,0.8,46.74,0.31,
8.41,317.5,505.02,2.69,65.65,337.16,0.17,53.32,1.08,1.0
8.2,40.74,169.22,1.26,22.69,110.61,0.64,20.25,0.77,1.0
7.59,170.99,305.46,2.11,62.77,195.32,1.74,35.38,0.58,1.0
8.29,140.12,290.53,2.91,135.99,195.46,0.71,26.84,0.03,1.0
6.55,10.0,10.0,3.13,24.15,21.5,0.22,41.6,15.09,
7.14,120.0,111.92,0.66,40.72,84.93,0.53,,0.07,1.0
7.72,77.92,187.85,2.81,19.73,115.46,1.41,33.03,0.44,1.0
7.3,65.8,10.0,1.85,26.16,13.0,0.15,32.96,0.38,1.0
7.2,229.79,309.5,2.37,33.89,210.77,0.87,43.04,1.43,1.0
6.44,177.95,250.19,1.47,6.2,142.48,3.36,30.06,0.59,1.0
5.73,36.64,10.0,3.53,39.46,9.86,0.48,55.3,0.17,
8.05,197.74,380.84,2.26,52.17,204.32,0.04,39.14,0.09,1.0
7.59,358.8,443.17,1.41,33.87,297.71,1.0,5.29,0.95,1.0
4.08,209.4,345.41,1.51,,237.72,0.05,9.77,0.31,
7.05,156.21,235.19,2.86,43.83,167.82,0.21,40.8,0.53,1.0
6.83,218.52,418.29,2.72,48.11,263.99,0.05,46.8,0.42,1.0
7.41,215.07,436.04,2.08,125.9,289.61,0.19,26.74,17.1,
8.08,240.75,361.48,1.61,51.07,263.44,1.93,10.59,0.03,1.0
7.21,91.92,135.08,2.96,87.42,116.08,1.33,37.41,0.24,1.0
8.04,173.72,355.32,1.47,32.97,230.37,0.42,12.77,0.22,1.0
6.59,251.54,539.1,1.42,101.93,353.2,2.27,4.11,0.56,1.0
7.27,44.91,180.67,4.53,12.22,139.66,1.09,90.14,0.5,
7.34,491.56,719.59,2.38,70.2,437.72,0.59,48.01,1.74,1.0
8.38,86.26,194.87,1.92,83.61,120.21,0.07,9.01,0.98,1.0
7.57,166.94,306.48,1.56,77.74,225.92,1.31,4.11,0.34,1.0
8.8,171.82,165.5,1.79,136.57,127.08,0.47,18.79,0.35,1.0
6.32,150.68,344.65,3.25,26.63,231.41,0.36,33.82,0.56,1.0
7.5,10.0,10.0,2.83,106.55,5.0,0.34,66.25,0.06,1.0
7.54,76.04,190.79,1.35,96.23,123.02,0.01,12.24,4.56,1.0
7.9,129.85,81.58,1.67,51.98,41.23,1.36,28.66,0.37,1.0
6.75,295.91,327.07,0.68,123.57,219.21,0.16,5.21,1.2,1.0
8.75,336.91,498.89,2.26,44.14,308.09,0.74,22.28,1.71,1.0
7.41,296.69,429.2,,50.89,258.47,0.02,10.47,0.44,
6.53,10.0,10.0,0.46,49.78,5.0,0.99,13.43,0.05,1.0
7.39,522.41,708.41,2.09,,484.91,0.46,30.79,0.43,1.0
7.15,228.82,359.06,,80.46,225.39,1.0,23.82,0.46,1.0
9.63,129.48,144.7,4.28,74.22,97.2,0.09,66.61,0.78,
8.24,193.58,331.43,1.11,45.81,215.38,0.31,12.14,0.02,1.0
7.44,187.74,335.24,2.48,120.5,196.56,0.12,56.41,0.31,1.0
5.4,183.13,166.63,3.27,32.51,83.13,1.04,53.06,1.28,
8.16,230.74,339.58,2.27,,200.62,0.11,50.31,5.67,
8.2,179.67,178.51,1.99,126.09,101.57,0.96,29.53,0.11,1.0
5.07,144.24,219.13,1.43,90.44,149.77,0.14,,10.7,1.0
7.91,55.23,162.74,0.68,75.04,89.87,2.87,,0.08,1.0
7.42,10.0,13.47,1.52,36.42,43.68,0.54,33.69,0.92,1.0
6.35,202.65,329.17,2.1,63.68,234.5,0.14,25.65,0.16,1.0
8.1,218.91,417.06,1.97,,287.26,0.04,32.14,1.6,1.0
9.2,186.41,402.98,1.05,40.99,259.54,0.4,27.01,0.59,
7.85,338.46,463.99,3.06,13.85,331.88,2.22,47.75,0.25,1.0
8.28,191.68,364.87,0.57,60.48,232.8,0.16,,0.16,1.0
8.84,122.98,193.45,2.59,86.94,125.12,1.56,38.81,0.13,1.0
6.74,295.57,467.93,2.85,8.09,307.56,0.54,43.83,0.57,1.0
5.91,10.0,28.5,2.24,79.0,32.56,1.62,29.49,1.13,
7.93,144.46,119.87,3.66,57.99,90.65,2.07,41.11,0.7,1.0
7.2,10.0,107.16,2.41,77.35,60.15,6.13,32.53,10.26,
6.3,322.69,516.01,3.38,40.31,324.75,0.07,49.75,0.76,1.0
7.34,305.44,488.56,,78.16,330.36,1.59,,1.94,1.0
7.98,235.76,397.46,2.94,22.17,272.65,0.07,34.89,0.71,1.0
3.08,243.79,514.39,2.59,,326.48,0.38,31.62,0.12,
6.77,118.03,124.14,2.53,,48.95,1.04,19.42,13.39,
7.22,259.01,369.72,2.62,29.89,236.17,0.59,40.54,0.19,1.0
7.38,131.2,274.97,1.52,,191.2,0.83,25.15,2.74,
5.86,317.0,469.38,2.76,112.01,341.2,3.39,35.94,0.24,
7.29,184.92,276.96,3.78,46.69,156.06,1.71,43.03,0.17,1.0
4.48,69.78,223.01,0.12,86.77,136.43,0.45,5.9,0.14,
7.93,202.21,408.18,3.19,81.48,257.53,0.92,53.31,6.71,1.0
6.15,342.05,475.23,1.87,50.26,336.02,0.05,29.05,0.06,1.0
8.21,115.27,166.33,1.34,191.46,107.42,0.6,20.52,1.53,1.0
7.07,144.46,287.78,0.79,167.11,168.91,0.94,17.78,0.17,
6.97,10.06,88.31,2.38,105.68,68.58,1.25,34.74,19.0,
7.64,10.0,10.0,3.58,13.79,5.0,2.32,44.56,0.02,1.0
6.71,181.83,340.09,1.61,107.32,196.57,0.33,23.46,0.14,1.0
7.62,210.77,421.78,2.67,,256.3,2.32,36.08,0.27,1.0
6.81,124.36,352.41,1.99,105.87,263.75,1.08,29.14,0.23,1.0
6.95,63.0,10.0,0.36,,14.18,0.08,14.19,0.16,1.0
7.72,186.43,229.83,1.82,37.24,151.54,0.48,15.29,0.02,1.0
6.49,10.0,10.0,1.34,98.36,5.0,0.65,21.8,0.18,1.0
6.39,351.18,573.94,0.99,65.41,378.9,0.43,2.27,0.75,1.0
7.6,10.0,82.79,1.57,,59.42,0.12,14.36,0.29,1.0
7.38,317.57,551.08,1.68,56.81,364.05,0.8,40.96,0.17,1.0
7.53,276.27,489.17,3.01,65.42,320.26,0.14,49.67,0.18,1.0
7.66,50.54,119.88,2.02,58.19,95.3,2.47,31.96,13.23,
7.45,144.21,73.44,0.6,33.71,48.2,2.0,,18.86,
7.89,200.03,370.07,3.21,84.2,220.99,0.64,45.74,0.5,1.0
7.48,38.27,131.14,2.39,95.8,72.99,0.07,15.05,17.25,
5.79,154.17,320.5,2.28,43.83,168.74,0.8,34.59,0.02,
6.0,174.25,203.43,2.87,110.79,172.77,0.9,30.63,0.09,1.0
8.94,10.0,10.0,1.98,43.75,23.76,2.19,35.25,0.1,1.0
7.4,10.0,10.0,1.46,30.41,5.0,0.07,23.57,0.3,1.0
8.16,279.54,345.34,2.35,104.28,218.83,1.18,23.04,0.02,1.0
7.12,124.81,187.69,2.62,102.82,109.26,0.83,43.16,0.32,1.0
7.35,123.23,189.38,2.38,25.2,153.95,0.19,56.66,1.32,1.0
7.04,370.11,439.17,2.81,19.39,257.06,0.13,40.14,0.01,1.0
9.37,333.13,534.69,2.1,120.58,349.84,1.18,40.31,0.23,
7.6,111.89,245.49,1.0,45.89,157.4,0.42,,0.72,
6.97,125.02,231.88,1.37,50.13,167.26,9.72,25.24,0.08,
6.08,183.25,400.03,3.37,39.91,257.94,2.24,44.9,0.04,1.0
8.98,79.96,28.61,2.03,102.86,5.0,0.83,27.8,0.5,1.0
7.27,235.51,344.63,0.87,135.77,218.99,1.03,19.04,7.87,
8.0,302.45,410.38,0.78,52.8,247.3,0.17,9.24,0.81,1.0
8.08,322.28,436.05,0.66,146.71,285.02,2.24,,0.03,1.0
7.03,10.0,10.0,2.82,27.82,35.18,0.61,57.63,0.37,1.0
7.94,41.4,147.73,2.31,38.69,61.24,0.74,20.14,0.67,1.0
6.92,72.02,124.35,3.84,76.92,64.82,2.06,49.28,0.14,1.0
6.61,148.35,319.98,2.58,17.32,196.93,0.01,39.92,0.05,1.0
8.33,245.94,396.15,2.64,76.41,249.86,0.68,40.92,0.1,1.0
7.27,416.21,599.34,3.99,29.26,404.37,0.99,64.13,0.96,1.0
7.81,112.2,201.01,1.03,,127.18,0.17,16.8,0.61,1.0
7.73,127.79,200.49,0.5,,138.63,0.07,18.98,0.11,1.0
7.91,313.27,529.93,2.55,37.05,331.94,0.77,43.2,0.63,1.0
6.15,255.73,359.32,1.76,66.7,238.15,0.79,14.48,0.62,1.0
6.93,298.73,553.53,2.3,,375.35,0.4,8.48,3.04,1.0
7.14,104.83,357.75,3.22,57.14,217.89,2.14,49.88,0.25,1.0
6.73,64.69,68.58,2.76,57.26,60.2,0.36,56.08,1.0,1.0
7.74,69.42,33.37,3.52,43.29,22.74,0.73,40.22,0.3,
8.35,28.32,10.0,1.09,12.95,27.41,0.21,5.88,1.14,1.0
8.48,227.43,432.41,2.9,59.61,277.04,0.01,47.01,0.05,1.0
7.13,265.88,537.72,1.23,44.31,357.14,0.56,23.24,0.1,1.0
7.63,426.65,669.87,3.67,89.27,434.6,0.75,66.26,0.95,1.0
7.76,288.25,468.62,2.45,,302.68,1.45,53.13,0.86,1.0
7.9,313.25,532.57,2.51,54.56,351.35,0.6,39.96,6.99,
6.7,201.52,184.0,1.42,,130.33,0.33,12.0,0.45,1.0
8.86,10.0,68.72,1.47,40.52,19.67,0.93,13.07,0.24,1.0
8.14,370.76,470.02,2.41,6.2,334.18,0.48,30.64,0.01,1.0
8.16,231.71,383.54,3.75,13.31,212.11,0.27,66.54,0.01,1.0
8.36,101.11,321.49,3.58,49.85,195.27,2.41,48.73,17.92,
7.83,217.52,377.47,2.36,27.37,243.47,0.77,44.99,0.45,1.0
6.58,266.76,364.64,1.58,108.67,245.26,0.22,8.43,0.16,1.0
7.29,315.81,556.76,2.57,97.17,393.42,1.11,41.47,0.08,1.0
6.08,261.66,559.0,3.25,82.19,326.18,1.62,41.31,13.04,
7.73,237.08,408.84,2.21,81.4,255.59,1.42,38.4,0.06,1.0
7.26,238.64,469.16,1.61,55.21,262.42,0.92,21.63,0.56,1.0
7.37,266.28,402.81,2.68,102.19,262.46,0.73,48.16,1.12,1.0
8.36,163.33,207.77,1.76,38.24,140.48,1.5,22.06,0.09,1.0
7.03,217.97,451.31,1.64,134.77,325.17,1.23,24.41,0.12,1.0
7.2,10.0,21.1,1.94,12.31,16.13,0.85,37.24,0.43,1.0
7.42,344.3,510.78,2.67,4.85,352.89,1.07,38.98,0.36,
5.93,10.0,61.1,1.78,,51.39,0.18,27.25,0.37,
7.19,160.19,357.16,1.96,1.17,223.45,0.02,37.05,0.4,1.0
5.41,19.65,130.97,2.14,,56.95,2.68,31.38,1.5,
6.93,264.01,410.68,1.62,58.56,272.44,2.74,8.42,5.3,
8.08,191.39,293.21,3.55,84.15,160.75,1.55,47.53,0.71,1.0
7.76,10.0,10.0,3.84,51.37,32.4,0.47,38.41,0.13,1.0
6.92,230.74,384.14,1.7,,246.45,0.16,22.96,0.23,1.0
7.43,187.01,184.42,1.2,31.21,143.77,0.44,22.75,0.05,1.0
6.54,237.03,476.23,1.54,83.66,299.94,1.3,24.29,0.29,1.0
7.4,82.57,300.27,2.45,36.32,200.55,0.41,50.63,0.82,1.0
4.86,250.2,379.08,1.91,18.06,250.59,1.59,41.54,19.01,
8.88,59.57,108.49,0.72,,69.62,1.12,13.39,0.16,1.0
7.44,73.78,182.13,1.84,33.09,109.73,0.99,3.74,0.23,1.0
7.53,157.57,208.27,2.41,21.9,143.23,2.66,42.82,0.05,1.0
6.62,324.77,471.34,2.98,46.55,287.85,2.24,37.05,0.72,1.0
6.76,270.87,635.48,3.76,69.06,388.87,1.24,65.17,0.77,1.0
7.69,50.75,138.97,1.55,38.7,115.18,0.22,26.41,0.9,1.0
6.98,425.1,515.37,1.38,57.39,349.53,2.8,27.21,0.44,1.0
8.12,35.17,10.0,1.75,68.88,7.82,0.26,31.26,0.35,1.0
8.66,70.5,61.16,1.05,0.81,73.06,0.47,39.72,0.15,1.0
7.67,123.59,108.24,1.3,125.44,65.0,1.75,24.71,0.53,1.0
4.9,18.55,29.5,1.31,20.34,45.63,0.23,6.78,0.29,
6.06,45.83,10.0,2.33,70.66,10.01,1.02,45.62,1.77,1.0
8.0,265.46,382.6,1.17,4.56,228.19,0.61,13.2,1.72,1.0
6.49,181.26,257.19,2.82,54.41,204.13,0.98,55.82,1.18,1.0
7.07,209.43,375.88,3.15,55.87,264.14,3.17,62.67,0.22,1.0
8.17,271.46,438.09,0.87,116.36,282.34,1.65,19.33,0.23,1.0
4.79,182.46,353.12,0.7,40.7,244.07,0.35,,0.96,1.0
7.03,259.57,431.55,1.46,101.98,272.44,0.06,17.36,0.65,1.0
4.82,113.23,286.09,1.6,61.62,202.54,3.41,37.39,0.61,
6.84,10.0,62.6,3.27,124.08,5.0,0.88,68.98,0.16,1.0
6.44,292.82,511.56,1.95,,312.12,0.19,29.86,0.9,1.0
6.89,62.12,182.18,2.42,69.29,138.0,0.99,33.55,12.1,
6.11,42.48,112.88,2.42,,68.38,0.04,24.47,0.3,1.0
7.95,150.45,264.42,1.12,47.68,176.02,0.21,5.12,1.0,1.0
7.72,90.58,117.44,1.75,90.84,49.4,1.0,28.57,0.25,1.0
7.85,177.37,216.51,1.99,107.82,177.69,0.51,36.82,0.53,1.0
6.64,198.1,368.81,2.38,79.54,263.54,0.39,20.79,0.31,1.0
6.44,288.56,369.67,0.57,38.38,236.27,1.07,16.78,0.45,1.0
7.44,119.19,120.43,1.41,71.81,70.19,2.01,34.8,0.02,1.0
7.45,146.68,202.46,2.01,150.66,152.19,1.14,36.48,0.31,1.0
7.28,316.6,514.87,1.56,53.02,374.31,0.62,39.93,0.41,1.0
7.17,255.52,399.28,0.6,88.44,278.61,1.08,12.52,0.34,1.0
8.77,488.36,715.01,1.28,32.83,508.19,1.19,22.82,0.94,1.0
7.74,382.79,536.03,0.61,92.82,329.97,1.49,12.58,0.19,1.0
8.98,384.06,528.86,3.38,86.24,327.37,0.37,64.31,1.08,1.0
8.42,15.52,22.43,1.68,25.58,5.0,0.12,30.58,9.51,
8.76,299.41,452.77,1.93,81.09,303.14,1.15,23.72,12.75,
6.54,240.8,289.38,1.02,82.99,191.61,0.13,19.55,0.05,1.0
7.87,82.7,189.8,2.23,79.6,120.33,0.62,37.8,0.11,1.0
7.05,184.24,333.6,2.7,48.35,233.03,0.26,38.3,0.72,1.0
6.07,294.23,489.04,1.08,99.16,342.52,0.4,26.48,0.01,1.0
8.6,285.08,400.17,1.11,12.6,229.59,0.64,17.51,1.73,1.0
7.17,120.34,124.31,1.5,50.39,68.86,2.27,29.62,0.11,1.0
6.56,257.55,448.49,0.6,54.46,307.92,1.14,14.1,17.34,
7.07,28.06,172.48,2.38,96.85,102.76,0.19,28.45,0.36,1.0
6.76,218.31,343.34,2.76,11.34,207.2,2.12,31.59,0.42,1.0
6.85,97.68,239.33,0.57,59.64,175.94,0.69,1.36,0.04,1.0
7.22,79.24,256.23,2.88,30.31,140.76,0.23,42.4,0.23,1.0
8.78,208.76,453.25,2.88,54.38,288.58,0.75,59.14,0.08,1.0
6.87,71.5,91.96,,65.69,66.35,0.21,,0.37,1.0
8.73,481.48,689.04,0.9,,436.4,0.46,17.18,0.4,1.0
8.08,10.0,10.0,1.39,100.56,22.16,1.64,29.63,0.62,1.0
7.72,118.85,180.47,2.57,67.11,105.93,1.07,34.94,1.05,1.0
8.0,283.57,374.04,2.44,15.66,271.3,0.65,32.42,0.32,1.0
7.41,172.89,416.86,1.08,36.35,268.45,0.26,26.64,0.13,1.0
8.43,193.95,279.9,3.62,109.77,195.36,0.33,60.05,0.2,1.0
7.85,172.53,288.52,1.3,66.63,202.46,3.83,13.86,0.94,
6.07,257.57,382.11,1.16,11.4,235.82,0.42,13.35,0.08,1.0
7.64,128.1,253.79,0.84,18.66,123.89,0.96,13.44,0.49,1.0
8.03,306.28,578.64,1.82,74.99,383.33,0.69,30.62,0.01,1.0
7.17,287.75,467.87,2.9,79.79,305.56,0.02,56.0,0.14,1.0
7.5,367.2,474.56,1.1,64.51,319.58,2.89,21.8,0.45,1.0
6.91,107.11,106.77,2.21,38.34,64.87,0.09,23.29,0.3,1.0
6.3,145.09,284.12,2.2,82.39,176.07,1.08,25.19,0.34,1.0
6.16,76.9,239.91,1.97,37.52,196.11,1.67,32.63,0.54,1.0
6.17,10.0,98.88,2.32,15.81,34.82,1.38,36.26,0.13,1.0
3.15,289.02,372.03,2.91,113.46,256.5,1.66,35.15,6.65,
5.41,67.73,192.47,2.27,69.55,113.61,1.35,44.62,0.58,
6.87,242.37,431.08,3.05,18.61,273.49,0.59,23.22,0.39,1.0
6.79,117.64,85.96,0.9,55.37,49.53,2.27,16.86,0.01,1.0
7.17,305.59,643.81,1.56,51.09,402.41,2.44,7.9,0.55,1.0
5.91,147.05,120.73,0.9,36.0,89.9,0.57,22.32,0.48,
7.72,193.63,343.86,2.55,59.34,251.32,0.66,35.57,0.04,1.0
6.38,217.59,458.37,3.22,12.86,307.34,0.66,55.8,0.69,1.0
8.31,99.16,185.87,1.69,84.95,122.88,0.33,21.45,0.37,1.0
6.9,246.17,470.49,2.28,49.75,286.09,0.12,47.48,10.38,
7.32,54.54,54.16,0.51,,45.54,0.3,,0.41,
7.4,321.85,590.42,2.02,40.87,426.9,1.86,39.12,0.45,1.0
7.6,86.12,302.83,0.33,25.37,189.23,0.78,,1.26,1.0
7.43,97.4,180.72,2.06,,109.95,1.9,34.66,0.68,1.0
7.06,76.27,240.16,0.08,43.77,144.88,1.37,5.32,0.18,1.0
7.67,287.29,461.78,3.69,91.47,290.37,0.43,41.49,9.78,
7.77,50.51,183.11,1.95,45.69,64.11,0.2,39.21,0.96,1.0
6.79,65.68,150.13,1.91,78.33,105.68,0.84,32.59,0.94,1.0
7.74,162.54,255.69,3.91,50.34,149.29,2.75,59.79,0.1,1.0
8.35,28.14,64.61,2.07,31.75,9.79,1.83,34.84,0.03,1.0
7.96,410.99,664.11,0.39,20.74,446.73,1.44,7.11,0.62,1.0
8.15,146.05,186.72,1.57,,99.73,1.44,31.88,0.64,1.0
7.54,221.9,466.32,3.95,87.03,296.34,0.75,54.46,0.1,1.0
6.65,201.92,341.89,1.1,79.23,251.56,0.19,24.93,0.55,1.0
6.75,10.0,103.09,1.56,38.87,38.83,0.34,29.11,0.16,1.0
7.66,191.65,298.81,3.55,,163.57,0.86,51.48,0.15,1.0
8.15,259.04,456.8,1.23,68.88,302.31,0.38,36.9,0.2,1.0
9.63,108.24,262.35,1.9,13.81,193.52,1.52,33.08,17.59,
8.19,338.96,538.62,3.35,55.76,318.62,0.47,52.21,0.82,1.0
6.46,361.22,504.3,1.43,,335.95,0.12,27.13,0.35,1.0
6.79,266.47,483.78,1.2,53.68,326.08,1.53,16.97,0.18,1.0
9.22,77.6,208.07,0.16,44.75,94.06,1.2,14.37,1.08,
7.23,58.67,84.03,0.9,,70.59,0.29,13.24,0.03,1.0
7.44,39.59,177.28,1.12,114.72,132.77,3.97,24.94,0.8,1.0
6.63,170.53,339.25,1.64,36.97,214.28,0.52,13.87,0.77,1.0
8.65,306.61,409.16,2.36,39.63,291.0,1.14,17.4,16.68,
7.8,10.0,10.0,1.96,71.39,29.23,2.41,33.36,11.0,
6.78,85.05,298.38,0.77,47.97,196.01,0.17,7.69,1.04,1.0
6.6,109.12,331.62,3.36,64.56,206.52,2.11,48.48,0.41,1.0
7.65,154.8,244.49,0.9,4.22,139.46,1.22,,0.02,1.0
7.44,378.07,558.25,3.8,44.31,362.11,0.18,74.06,1.11,1.0
8.07,149.73,384.36,2.15,,261.23,1.09,33.31,0.21,1.0
4.34,359.71,562.04,3.05,40.49,358.84,2.08,59.03,0.21,
7.19,220.6,256.81,2.53,107.8,122.98,1.6,24.02,14.97,1.0
6.96,386.89,487.5,3.51,,342.25,1.43,53.57,0.54,1.0
7.27,392.77,627.01,1.96,35.97,411.36,0.18,33.42,0.22,1.0
6.96,362.74,562.34,1.73,,357.93,0.21,27.34,0.08,1.0
7.3,10.0,81.57,2.3,50.32,70.16,0.79,36.91,0.4,1.0
7.41,254.55,249.26,1.72,68.65,192.51,0.87,11.97,0.49,1.0
6.68,109.81,230.97,2.45,65.34,94.09,2.88,39.97,0.98,1.0
7.9,192.04,397.85,3.55,25.93,267.29,0.63,44.82,10.92,
7.1,249.6,437.27,0.31,,255.69,0.36,,0.52,1.0
6.73,154.92,132.22,1.92,0.34,95.93,0.21,29.02,13.57,
7.12,298.54,313.57,4.2,100.26,206.38,0.06,59.49,1.12,
7.59,12.27,10.0,1.61,85.16,19.21,0.07,21.2,0.2,1.0
7.47,402.94,588.39,3.01,46.35,372.47,0.85,56.45,0.5,1.0
7.74,120.68,197.53,2.87,56.49,90.93,0.19,41.5,19.87,
8.12,134.81,311.17,0.56,8.9,193.25,1.91,4.46,0.83,1.0
8.44,216.68,238.07,2.3,101.63,162.88,0.91,33.22,0.51,1.0
7.63,286.42,529.21,2.22,21.23,364.29,2.0,22.18,0.61,1.0
6.54,82.78,10.0,5.18,67.49,5.0,0.56,79.36,1.27,
7.18,242.93,296.68,,,213.38,0.91,7.22,0.84,1.0
6.6,198.0,278.84,0.38,42.87,168.29,0.75,8.83,0.47,1.0
8.76,217.01,209.27,1.77,99.94,143.28,4.32,26.94,0.54,1.0
4.96,498.76,645.25,1.64,12.12,409.21,1.59,30.65,0.08,
7.92,64.76,122.53,1.12,79.97,83.29,0.9,11.21,0.32,1.0
8.09,232.18,454.36,1.18,6.77,313.17,0.93,18.1,0.18,1.0
7.6,129.54,371.25,2.68,13.92,216.77,0.29,54.25,0.28,1.0
7.69,443.62,552.3,1.16,49.64,345.4,1.33,14.46,13.03,
6.12,77.95,166.56,1.46,88.87,111.96,4.06,27.96,0.08,1.0
7.34,148.8,153.41,3.0,38.07,147.75,0.14,51.28,0.01,1.0
3.24,274.47,519.21,2.84,74.74,320.23,1.01,35.07,0.25,
7.63,307.95,385.06,1.52,95.77,291.09,0.73,29.72,0.19,1.0
7.35,10.0,10.0,0.53,19.15,46.59,1.9,1.95,0.27,1.0
8.96,55.7,192.14,2.88,,122.94,,47.48,19.83,
8.13,215.94,377.28,1.06,35.78,239.27,0.15,9.67,0.61,1.0
7.63,253.94,467.55,3.29,100.92,290.07,0.04,52.19,0.2,1.0
7.19,128.31,164.15,2.42,17.49,105.34,0.18,37.58,0.1,1.0
8.74,10.0,10.0,1.81,90.6,5.0,1.23,28.22,16.21,
7.38,274.17,404.64,2.44,39.5,261.49,0.15,39.3,0.54,1.0
7.67,19.01,55.94,0.05,120.25,66.3,0.97,,0.33,1.0
7.43,10.0,10.0,3.48,139.82,5.0,2.03,40.54,6.81,
7.08,10.0,10.0,1.79,91.26,5.0,0.04,27.68,0.01,1.0
7.43,379.92,462.8,2.17,,266.79,0.03,43.53,0.15,1.0
5.83,206.69,325.72,1.42,,219.2,4.59,27.19,0.31,
6.16,53.73,254.87,1.83,52.45,170.95,1.12,31.91,0.78,
7.68,320.67,577.8,3.6,86.27,376.85,0.15,48.86,0.96,1.0
8.65,261.32,427.46,1.73,70.04,273.52,0.37,27.81,0.27,1.0
7.68,466.23,623.26,1.58,21.06,399.26,4.2,15.43,0.8,1.0
3.03,64.31,21.45,2.68,,23.98,0.26,36.01,2.51,
6.25,129.77,293.09,2.31,87.19,189.93,1.4,38.23,0.63,1.0
8.03,126.92,10.0,3.55,124.34,12.8,0.28,35.14,0.65,1.0
6.95,150.92,254.12,,23.2,169.48,0.51,17.3,1.2,1.0
7.91,212.48,250.28,1.54,83.01,185.15,2.13,9.75,0.21,
7.71,197.44,425.32,0.58,154.12,290.0,0.03,27.51,0.01,1.0
7.78,65.56,309.11,3.23,42.41,204.78,0.37,40.08,2.17,1.0
7.43,184.39,424.68,0.71,43.22,306.41,0.67,2.13,0.34,1.0
7.71,101.9,440.69,2.33,72.39,294.85,0.98,30.97,0.77,1.0
7.3,544.2,730.99,0.69,38.63,501.24,0.03,6.0,0.84,1.0
6.89,152.89,236.94,1.5,103.57,166.15,0.53,16.46,0.25,1.0
6.63,20.85,111.8,1.0,33.84,35.83,0.42,11.36,0.39,1.0
5.04,232.16,349.22,1.99,48.76,253.09,0.03,30.81,0.39,
7.26,93.19,139.54,4.03,,93.41,0.44,51.45,0.12,
4.78,388.88,596.39,0.57,40.58,386.62,2.68,17.03,0.06,
7.98,206.49,243.36,0.86,9.7,163.81,0.32,27.06,0.39,
4.03,97.63,186.88,2.6,63.84,114.58,0.88,19.51,0.06,
6.81,79.45,205.74,1.85,,138.27,0.35,46.26,0.21,1.0
8.2,307.6,443.68,0.73,89.2,276.56,0.11,18.64,0.1,1.0
7.3,201.19,268.45,1.53,15.15,199.98,0.34,25.51,0.61,1.0
8.66,108.04,171.67,0.49,121.37,109.31,0.64,1.55,1.03,1.0
6.62,488.72,633.07,1.51,104.83,403.84,0.35,24.31,0.43,1.0
6.8,55.37,128.77,1.03,71.43,65.2,0.98,24.4,0.26,1.0
6.72,139.28,307.11,2.31,,205.0,2.98,60.76,2.85,1.0
6.21,279.18,430.46,2.64,24.88,283.54,0.07,61.57,0.01,1.0
6.65,10.0,10.0,,14.15,14.27,1.26,,0.18,1.0
7.48,262.41,396.05,2.11,19.15,236.89,,29.53,0.16,1.0
6.83,11.74,88.98,,113.07,25.81,,0.78,0.22,1.0
4.31,258.72,464.56,2.01,43.89,314.47,0.14,43.53,0.13,
8.26,159.02,107.47,3.59,23.69,99.55,0.65,53.03,0.15,1.0
6.05,242.85,438.55,1.65,20.08,264.53,0.05,17.22,16.94,
5.35,272.76,521.17,2.26,28.73,370.55,1.28,34.38,0.35,
7.42,341.91,472.29,2.74,71.3,312.66,0.03,37.21,0.25,1.0
4.92,157.61,350.26,2.77,,227.53,0.68,51.47,0.51,
8.2,117.6,253.74,2.83,53.93,156.98,1.13,66.39,0.36,1.0
7.0,139.66,184.72,2.44,66.94,92.38,0.27,45.63,0.1,1.0
6.84,403.44,594.21,1.25,,405.99,0.87,28.2,0.83,1.0
8.6,157.08,160.1,2.64,,88.55,0.3,52.02,0.32,1.0
6.22,18.19,92.59,3.49,48.09,44.59,0.24,56.89,0.08,1.0
7.55,289.64,433.07,2.48,107.64,301.34,1.71,33.29,0.09,1.0
7.3,61.16,140.77,2.19,98.11,53.84,0.4,29.85,0.8,1.0
7.13,35.71,109.99,0.33,25.66,41.02,1.68,15.84,0.61,1.0
7.68,66.93,11.28,0.94,106.37,6.97,0.24,16.94,0.35,1.0
7.55,94.57,203.42,1.28,37.21,138.09,0.44,9.4,0.18,1.0
7.77,183.98,283.46,0.9,36.87,193.94,0.11,26.61,0.31,1.0
7.51,216.95,348.62,1.84,53.76,220.57,0.69,19.79,0.51,1.0
7.73,240.62,490.26,1.07,83.58,369.28,0.48,4.8,1.06,1.0
7.47,291.53,405.38,2.87,25.64,258.94,0.01,34.23,0.41,1.0
6.87,185.11,261.83,1.6,34.08,165.57,0.63,27.08,0.16,1.0
5.42,56.9,260.36,0.88,0.07,153.29,0.08,22.99,0.02,
6.83,255.09,402.03,1.08,64.04,263.8,1.81,18.71,0.1,1.0
6.78,294.06,554.51,2.07,87.33,372.73,0.68,25.46,0.53,1.0
7.13,250.01,325.26,1.72,89.78,235.49,1.17,17.69,0.09,1.0
7.3,51.43,206.17,2.04,,104.23,1.72,38.34,0.33,1.0
7.43,43.03,101.43,1.75,34.68,61.01,0.05,25.37,0.6,1.0
8.13,24.68,10.96,3.72,99.82,16.06,0.41,59.18,0.18,1.0
7.0,262.67,433.25,2.86,59.29,293.36,0.03,41.45,0.55,1.0
7.56,287.51,415.6,1.14,51.36,270.27,0.05,20.09,0.44,1.0
7.49,173.36,415.47,0.05,50.42,280.91,0.04,4.72,0.29,1.0
6.91,247.16,274.27,1.64,71.66,162.09,0.65,48.85,1.14,1.0
7.46,375.09,581.39,0.86,61.44,409.06,0.6,16.97,0.59,
8.2,189.89,203.18,0.27,26.98,151.92,0.06,0.2,0.22,1.0
7.55,338.34,491.05,2.64,85.24,292.29,0.3,41.33,0.82,1.0
7.58,174.77,292.25,1.99,1.88,168.46,0.28,20.35,0.67,1.0
6.84,42.79,178.33,3.12,102.88,94.98,0.35,37.25,0.78,1.0
8.98,222.93,418.51,1.93,14.16,285.59,1.02,41.39,0.51,1.0
6.88,308.63,381.93,1.78,71.92,222.56,1.19,29.76,0.24,1.0
6.07,292.11,371.39,0.73,43.41,234.79,0.41,22.07,0.21,1.0
8.09,158.77,316.26,1.37,30.94,214.66,1.55,4.36,0.53,1.0
7.31,34.54,292.42,0.21,104.3,188.75,0.54,,0.07,1.0
7.16,455.97,777.67,3.04,79.72,510.67,0.74,48.57,0.86,1.0
6.96,307.73,536.85,0.68,47.64,327.64,0.16,2.0,7.42,
8.9,254.25,444.57,2.22,119.81,300.86,0.27,19.07,12.98,
7.68,219.84,322.36,1.75,89.19,197.27,1.3,15.51,0.35,1.0
7.84,344.67,501.43,2.39,17.78,319.44,3.77,32.62,0.37,1.0
7.53,291.67,403.6,2.03,,267.09,1.22,34.65,0.67,1.0
7.62,205.43,305.24,0.68,54.27,200.47,0.06,27.31,0.49,1.0
8.52,53.53,239.29,1.67,105.34,156.02,0.15,14.48,0.14,1.0
7.2,153.23,283.82,3.27,74.43,169.47,0.59,38.99,0.04,1.0
6.23,121.2,10.0,1.18,112.96,5.0,1.32,3.14,0.92,1.0
8.09,223.98,342.12,3.16,26.07,222.42,0.18,53.09,1.08,1.0
7.8,139.77,202.3,2.66,45.31,104.0,1.39,41.17,0.09,1.0
7.49,389.09,618.53,2.14,46.28,392.8,0.81,22.44,0.19,1.0
7.78,203.09,303.87,1.26,59.65,205.27,1.49,10.6,0.17,1.0
7.1,10.0,62.21,2.27,80.7,14.89,0.82,32.85,1.39,1.0
7.42,162.04,290.02,1.49,115.29,211.65,0.92,21.67,0.11,1.0
7.29,52.57,90.78,3.1,123.71,84.4,0.29,36.17,0.09,1.0
6.93,300.88,394.68,0.71,116.66,231.64,1.27,12.46,0.1,1.0
8.35,217.3,358.19,2.31,76.76,259.98,1.86,20.86,0.65,1.0
6.27,212.62,491.57,2.03,36.31,316.65,2.05,30.92,14.2,
9.29,106.6,141.82,2.33,59.04,100.56,0.03,33.15,0.25,
8.1,143.89,306.8,2.72,76.21,189.49,0.98,44.78,0.07,1.0
5.98,10.0,27.0,1.11,55.4,36.01,4.56,28.79,0.44,
7.22,222.47,440.3,1.11,13.45,294.32,0.88,12.96,0.12,1.0
7.27,269.39,403.77,2.22,31.51,246.17,0.19,33.23,18.38,
7.71,302.43,399.16,2.96,84.72,236.15,2.1,24.66,1.09,1.0
6.61,204.34,300.32,1.75,40.14,166.0,0.31,45.98,1.02,1.0
7.43,261.37,382.95,3.44,50.97,252.68,0.05,32.96,1.86,1.0
7.3,396.17,620.87,1.7,46.86,415.01,0.56,24.67,0.32,1.0
6.81,150.86,242.98,1.29,14.31,170.96,0.11,,0.17,1.0
6.7,231.48,327.73,2.45,43.15,210.66,0.12,28.56,0.73,1.0
8.14,10.0,82.77,1.45,31.69,30.66,0.62,39.16,0.1,1.0
6.04,81.36,126.35,1.47,22.33,68.48,0.95,33.44,0.14,1.0
7.78,139.49,319.56,2.26,7.67,230.76,2.36,43.75,0.15,1.0
8.04,370.62,520.79,2.93,45.98,328.82,1.22,42.05,1.51,1.0
7.23,141.89,248.74,2.3,74.73,164.55,1.85,51.04,0.65,1.0
7.44,153.24,252.82,2.11,94.82,142.82,0.53,34.2,0.07,1.0
8.33,55.92,218.62,3.92,,148.84,0.38,65.75,0.05,1.0
6.84,166.67,193.05,2.7,114.26,116.33,0.9,66.92,0.93,1.0
6.92,246.76,358.99,1.66,61.72,254.28,1.19,35.83,0.81,1.0
7.0,33.85,10.0,3.1,4.92,21.97,0.84,45.89,0.56,1.0
8.33,293.06,556.19,1.76,33.85,351.61,0.31,31.51,0.11,1.0
8.43,61.47,166.92,2.6,,105.96,0.46,53.09,0.33,1.0
6.28,277.81,444.38,2.54,,277.83,0.59,44.33,0.46,1.0
8.2,10.0,46.0,2.0,118.86,5.0,0.01,37.87,1.35,1.0
8.06,282.01,433.77,1.28,22.03,264.8,2.12,32.02,8.16,
8.64,152.59,434.39,1.97,71.48,286.32,0.72,54.89,0.36,1.0
7.71,201.73,376.84,1.53,45.55,251.45,1.39,13.54,0.09,1.0
7.36,150.51,101.11,2.26,50.71,68.7,0.19,40.97,0.29,1.0
8.32,231.92,349.91,2.42,64.72,221.41,0.81,40.93,0.11,
7.96,46.37,63.39,0.03,,59.86,2.61,,18.14,
5.32,248.93,249.45,2.34,102.74,163.41,0.24,28.59,0.15,
8.17,186.73,505.88,4.93,46.05,342.89,0.42,90.4,0.27,
7.52,234.84,459.34,1.68,29.83,263.1,0.49,15.03,0.26,1.0
6.46,161.76,303.04,2.99,68.72,118.53,0.48,30.74,1.01,1.0
6.94,105.94,105.04,2.74,21.16,73.95,0.92,35.5,0.71,1.0
6.25,301.25,429.12,0.36,58.33,250.43,0.5,,0.03,1.0
7.23,139.03,303.88,2.5,43.38,193.27,1.12,29.01,0.03,1.0
8.14,55.9,10.0,1.16,78.44,5.0,0.66,6.87,0.4,1.0
7.4,253.75,456.53,1.8,41.44,328.49,0.17,27.9,0.28,1.0
8.22,237.67,295.15,0.54,8.8,199.85,2.97,22.57,0.16,1.0
7.67,272.66,540.49,2.44,64.49,354.64,0.27,30.74,19.02,
7.08,42.4,80.95,1.66,39.18,69.35,0.83,33.54,6.34,
7.47,10.0,10.0,3.35,,13.87,0.06,57.69,1.83,1.0
7.78,266.29,355.82,0.64,57.91,222.13,2.51,,0.01,1.0
7.51,188.85,358.31,2.91,28.5,254.33,2.63,38.11,0.06,1.0
7.52,10.0,10.0,2.42,63.83,5.0,0.45,32.56,0.19,
6.78,87.92,104.3,1.14,15.8,74.26,0.13,20.94,0.36,1.0
7.05,537.89,851.04,0.45,1.74,522.23,1.47,12.52,0.12,1.0
9.21,187.67,238.88,1.71,97.2,159.35,0.3,28.96,0.67,
8.38,278.27,446.19,2.24,83.73,293.88,1.21,24.6,0.22,1.0
6.22,81.01,169.87,0.93,49.74,143.94,2.47,7.68,0.02,1.0
4.2,10.0,10.0,1.05,67.51,5.0,0.89,0.73,1.05,
7.46,160.85,265.95,2.99,82.42,160.85,1.97,45.52,1.44,1.0
8.11,160.61,246.88,1.22,49.59,176.93,0.25,14.61,0.48,1.0
4.89,124.66,220.02,2.58,1.66,149.72,2.41,44.03,0.82,
8.22,167.2,277.07,3.22,61.98,183.7,0.26,55.25,0.06,1.0
7.45,135.85,352.85,1.2,90.09,210.23,0.26,14.6,0.16,1.0
7.27,195.35,269.98,0.75,73.73,163.67,2.12,14.08,0.2,1.0
8.0,37.37,47.2,2.87,52.37,55.58,0.81,40.92,18.28,
6.97,288.44,397.24,1.7,72.61,257.17,1.61,14.38,0.36,1.0
7.17,10.0,10.0,1.56,41.07,14.01,1.62,15.42,,1.0
7.94,10.0,10.0,3.43,91.77,5.0,1.04,28.74,0.24,1.0
7.37,250.78,447.84,1.73,103.89,267.43,0.21,22.02,,1.0
8.93,230.85,401.4,2.28,,279.59,1.18,28.23,0.14,1.0
7.96,210.26,288.52,0.39,94.64,197.6,0.07,,0.3,1.0
7.9,10.0,20.91,1.92,139.49,59.7,0.22,37.05,8.89,
7.36,97.11,158.42,1.12,71.02,82.66,1.03,22.04,0.02,1.0
8.1,174.15,247.45,1.49,89.35,177.29,2.38,27.93,0.06,1.0
7.14,10.0,10.0,1.43,24.12,5.0,1.48,28.43,0.4,1.0
7.63,95.05,152.19,3.3,29.85,102.07,0.4,49.5,0.59,1.0
6.67,226.93,430.47,1.34,41.62,299.33,1.74,19.93,0.26,1.0
8.23,314.8,585.46,1.47,33.9,339.11,3.4,30.28,0.66,1.0
7.63,109.25,216.11,3.53,,136.37,0.4,59.69,0.09,1.0
8.99,235.24,451.3,1.64,43.09,282.08,0.21,34.92,0.07,1.0
9.31,40.18,10.0,1.38,83.46,5.0,0.22,20.26,0.91,
8.01,222.39,431.89,3.1,,288.43,0.51,36.64,0.21,1.0
7.45,38.38,139.21,2.02,57.17,112.9,0.05,32.61,0.28,1.0
6.64,305.28,361.47,2.09,55.94,232.29,0.67,25.53,1.47,1.0
8.12,198.31,250.45,2.3,37.95,166.9,1.32,41.02,0.28,1.0
7.57,245.37,564.08,3.34,69.86,368.94,0.76,52.97,,1.0
7.83,36.83,125.11,0.97,66.11,81.36,3.51,15.01,1.39,1.0
8.78,267.44,425.52,3.14,35.1,254.8,0.62,43.25,0.01,1.0
6.74,162.65,244.1,0.51,92.44,180.83,0.01,17.6,0.54,1.0
6.66,86.48,268.34,1.18,72.42,180.32,0.64,27.01,0.19,1.0
7.21,215.87,263.23,1.1,112.94,179.0,2.66,10.95,0.32,1.0
8.06,119.78,130.87,1.86,47.34,68.93,0.1,15.6,0.4,1.0
7.84,202.4,297.18,1.25,37.13,183.98,0.25,20.54,0.26,1.0
6.68,240.32,287.47,3.27,41.66,183.33,1.26,60.92,0.74,1.0
8.01,231.56,348.25,2.52,97.13,195.68,0.35,25.18,1.33,1.0
6.44,212.57,316.9,1.99,44.05,172.22,1.45,34.48,0.05,1.0
6.73,353.64,459.6,1.12,46.49,286.72,0.54,8.62,6.22,
7.31,345.88,484.7,3.4,128.44,325.51,1.59,40.85,0.07,1.0
6.96,11.85,89.88,2.1,,45.36,0.8,40.79,0.04,1.0
8.11,315.91,473.75,1.75,64.27,287.56,0.09,32.74,19.38,
7.63,10.0,62.73,1.86,47.54,24.48,0.49,26.44,0.34,1.0
8.81,275.75,417.57,1.78,39.98,262.31,0.41,34.57,0.08,1.0
7.2,278.2,423.95,2.85,11.87,268.49,1.66,49.53,0.42,1.0
7.3,10.0,10.0,3.13,23.44,49.81,0.98,32.09,0.15,1.0
8.37,185.07,318.6,1.07,33.68,228.18,1.5,16.95,0.31,1.0
7.33,137.04,206.3,1.35,69.83,154.59,0.47,34.34,0.49,1.0
8.6,67.13,148.25,1.4,84.1,119.73,1.18,25.7,1.02,1.0
7.83,357.84,570.17,2.32,,350.63,0.07,8.64,,1.0
5.52,141.85,169.26,3.0,1.94,85.57,0.04,34.26,0.12,
8.34,81.71,138.72,0.63,71.92,68.03,0.34,19.36,0.05,1.0
8.13,200.31,315.14,0.95,75.29,231.53,1.49,8.73,0.05,1.0
8.16,331.44,437.12,1.66,,273.18,0.76,36.06,1.46,1.0
5.87,186.66,271.67,2.53,84.97,151.56,0.53,58.47,1.38,
6.87,330.01,533.27,1.06,49.44,338.01,2.27,13.51,0.69,1.0
6.93,195.81,406.2,1.61,79.88,259.25,0.69,18.03,0.52,1.0
6.73,39.55,10.0,1.28,15.93,11.87,0.95,9.12,0.94,1.0
8.79,132.97,194.11,2.76,,131.19,4.26,48.95,0.03,1.0
7.39,176.77,187.63,1.89,37.65,105.4,0.74,22.33,0.06,1.0
7.37,239.87,395.87,1.27,39.43,271.03,1.53,15.05,0.19,1.0
7.84,10.0,10.0,0.82,37.19,5.0,0.53,1.27,0.89,1.0
7.86,400.88,809.8,1.6,34.39,523.25,0.04,19.73,10.88,
4.73,280.51,406.21,1.74,117.72,277.77,1.8,18.97,0.35,
6.88,169.36,329.78,2.85,,201.52,2.89,22.89,0.13,1.0
6.27,343.63,536.31,3.02,16.21,337.22,0.57,36.89,0.52,1.0
7.72,466.95,768.73,0.82,33.26,511.51,0.7,19.72,1.09,1.0
7.17,276.15,474.15,2.98,50.96,291.04,0.55,58.26,0.2,1.0
7.41,289.04,489.76,2.71,78.44,310.65,5.78,39.62,0.48,1.0
5.74,152.41,326.14,1.47,84.61,223.1,2.34,22.37,0.2,
7.15,162.23,271.69,2.76,93.06,217.68,0.04,44.23,0.79,1.0
8.29,93.68,204.84,1.21,69.26,145.25,1.51,37.74,0.32,1.0
8.53,62.25,134.78,2.41,,97.06,0.92,25.99,0.21,1.0
7.98,81.38,162.6,4.43,,116.3,0.03,53.76,0.27,
6.33,10.0,29.89,2.23,95.89,5.0,0.59,32.94,0.05,1.0
8.41,217.0,284.83,1.66,93.31,187.45,0.16,28.82,1.01,1.0
7.98,10.0,10.0,0.69,75.44,5.9,2.06,9.96,1.59,
4.67,254.1,338.18,2.08,17.19,226.25,0.01,17.59,0.32,
5.78,252.53,292.73,3.0,37.1,192.61,2.06,53.82,0.13,
8.16,240.38,329.39,1.29,34.05,221.7,2.83,17.98,0.55,1.0
5.03,144.07,195.57,2.54,9.01,120.89,0.08,43.66,14.34,
7.68,565.56,915.37,1.74,60.36,596.16,1.27,41.58,0.15,1.0
7.45,386.48,572.02,1.6,136.22,347.26,0.8,9.39,0.02,1.0
8.63,35.12,51.09,2.49,30.17,26.81,3.09,20.16,1.1,1.0
7.3,257.17,346.57,0.11,101.87,253.09,1.6,7.26,0.8,1.0
7.39,137.74,178.4,1.81,14.59,122.34,1.19,6.78,0.88,1.0
8.66,40.27,97.1,2.99,,62.7,2.6,40.81,0.29,1.0
6.87,63.98,31.99,1.82,89.5,58.71,0.17,21.51,0.7,1.0
8.05,236.44,386.44,2.01,41.25,223.97,0.47,33.7,0.44,1.0
7.24,92.93,163.72,1.87,100.85,84.23,1.85,21.35,0.23,1.0
6.6,272.33,493.57,3.91,108.84,355.07,0.11,63.61,0.92,1.0
7.4,307.55,498.76,2.38,38.86,325.11,2.74,25.1,3.35,1.0
7.95,394.69,574.78,0.72,103.72,368.76,1.37,,1.15,1.0
8.48,122.16,129.52,1.13,14.96,60.21,0.58,17.2,0.75,1.0
8.58,254.71,395.07,2.09,14.33,265.75,0.41,32.46,0.69,1.0
7.16,285.88,426.49,3.26,92.89,288.11,0.16,51.82,0.53,1.0
4.97,186.68,205.16,2.66,,111.47,0.1,54.71,0.96,
7.15,79.89,145.65,2.99,49.94,91.86,0.55,57.69,0.34,1.0
6.45,317.37,621.9,0.87,99.99,397.53,1.85,17.57,0.1,1.0
7.23,272.36,345.5,2.63,102.67,229.69,0.76,47.56,0.73,1.0
7.13,229.83,427.19,1.26,32.69,255.29,0.6,21.55,1.26,1.0
7.98,46.83,135.58,1.88,90.37,113.17,0.38,39.99,0.21,1.0
5.64,10.0,56.14,2.85,5.08,54.81,0.17,46.39,0.76,
6.81,140.23,186.11,1.43,23.31,113.71,4.62,15.95,13.29,
6.82,84.04,275.2,0.56,59.22,174.55,0.03,0.87,1.43,1.0
8.35,14.78,87.16,1.63,65.11,53.92,0.37,35.99,0.58,1.0
6.51,208.23,298.03,2.12,8.09,178.15,1.47,29.99,0.42,1.0
7.58,42.1,10.0,2.68,124.49,5.0,0.74,59.41,8.2,
7.3,13.01,75.99,1.11,,43.99,0.38,5.62,0.84,1.0
8.23,253.8,434.18,1.45,52.17,314.48,4.93,34.2,1.11,1.0
7.88,208.83,420.76,2.22,57.84,292.43,0.97,28.96,1.16,1.0
7.5,105.55,221.62,2.55,,162.75,0.35,42.26,0.03,1.0
3.38,71.18,96.45,2.2,102.97,70.09,1.88,20.03,0.07,
5.92,31.63,94.52,1.85,20.38,39.09,0.16,9.42,0.87,
7.6,123.0,225.35,1.26,53.94,145.65,0.62,33.71,1.46,1.0
7.82,184.11,428.9,2.89,63.12,298.2,1.83,38.92,0.18,1.0
6.14,348.04,485.65,3.21,,290.51,4.11,58.06,,1.0
6.41,145.92,200.69,1.42,7.11,143.18,0.48,14.67,0.19,
7.6,81.23,69.3,1.53,112.52,91.5,0.15,32.75,0.24,1.0
7.67,276.66,353.57,2.68,47.37,251.06,0.84,35.97,15.04,
6.61,39.92,135.29,2.17,,116.22,2.88,20.4,0.02,1.0
6.94,99.89,196.35,2.58,37.92,131.99,1.1,45.19,0.12,1.0
5.93,244.29,565.06,2.27,48.68,386.64,0.92,43.51,5.69,
8.5,436.27,465.42,2.38,58.77,288.17,0.37,42.1,0.08,1.0
6.36,191.48,331.59,1.59,,231.45,0.93,22.44,0.71,1.0
7.83,79.31,45.62,,48.83,42.74,2.16,,0.22,1.0
7.37,143.46,342.28,2.19,16.69,228.28,0.47,22.21,0.54,1.0
8.43,357.34,512.53,2.69,58.84,359.47,0.28,33.33,0.04,1.0
6.77,227.8,224.87,2.29,70.25,135.39,0.66,31.7,0.17,1.0
7.45,339.12,570.22,1.25,66.0,366.9,0.47,30.12,0.28,1.0
6.04,284.59,558.55,1.42,106.16,364.97,0.63,20.14,0.97,1.0
5.85,372.71,632.75,4.46,137.62,390.69,0.1,45.79,0.41,
3.58,105.29,361.05,2.35,4.66,239.22,0.41,9.37,8.05,
5.97,248.59,417.48,,34.72,236.98,1.75,,0.81,
7.22,390.75,582.84,1.43,79.72,399.78,0.51,16.25,0.03,1.0
8.21,231.9,389.48,1.78,44.93,254.09,3.44,30.3,1.36,1.0
8.0,105.64,199.75,0.76,,119.42,1.23,,0.12,1.0
6.87,152.55,210.29,1.87,42.3,120.0,0.46,14.23,0.33,1.0
6.13,238.83,347.71,1.51,99.37,221.32,0.29,27.14,0.04,1.0
7.81,10.0,41.89,2.2,,40.99,1.16,46.28,0.41,1.0
8.47,167.25,271.35,1.72,58.82,187.33,0.36,6.09,19.17,
6.87,433.38,519.31,1.3,,323.44,2.62,11.81,0.26,1.0
6.76,10.0,10.0,1.66,84.8,5.0,0.12,36.03,0.02,1.0
6.98,359.87,606.9,2.85,59.66,407.62,0.03,52.04,1.06,1.0
3.66,411.77,524.47,2.06,27.28,326.46,0.25,21.7,0.81,
8.38,180.04,208.05,1.78,33.28,136.43,0.93,38.37,0.5,1.0
6.41,219.54,408.68,2.35,,268.12,1.8,35.72,0.42,1.0
6.2,190.68,300.63,2.0,90.31,201.65,0.19,36.58,0.59,1.0
9.27,327.49,546.0,0.89,18.03,372.06,0.88,6.36,0.08,
7.26,260.52,496.54,2.69,70.01,297.49,0.16,43.22,1.35,1.0
7.6,10.0,19.99,1.38,11.52,5.0,0.83,8.98,0.17,1.0
6.85,236.47,417.45,1.66,137.94,260.0,0.02,19.39,0.53,1.0
7.79,160.96,258.87,0.49,112.39,204.3,0.82,4.33,0.47,1.0
8.17,152.52,316.57,2.82,132.95,246.21,0.74,43.73,0.51,1.0
7.64,28.79,154.37,2.12,137.62,136.96,0.04,55.94,1.06,1.0
8.79,387.71,649.63,2.28,24.62,418.4,1.17,59.87,0.18,1.0
7.14,390.56,508.01,2.81,14.63,294.57,0.85,38.33,19.3,
7.19,95.34,152.05,2.82,131.05,51.97,0.98,57.13,0.46,1.0
7.59,10.0,33.08,1.3,44.36,9.22,0.75,8.34,0.04,1.0
7.77,171.42,222.87,2.01,83.33,140.9,1.28,34.17,0.27,1.0
7.58,224.22,386.9,1.91,25.17,277.5,0.74,21.86,0.91,1.0
6.37,302.23,348.04,1.82,25.83,243.58,2.55,22.78,12.24,
7.65,330.18,550.63,1.2,83.2,362.46,2.87,44.54,0.33,1.0
7.1,309.82,457.98,3.43,,279.89,1.3,47.51,0.34,1.0
5.05,258.62,493.91,3.01,81.33,301.83,2.43,38.71,0.48,
7.43,244.38,365.37,2.44,70.98,242.57,2.57,26.65,1.08,1.0
6.63,27.04,22.14,3.36,28.79,28.33,0.3,42.66,0.1,1.0
6.49,153.69,260.86,2.47,50.97,177.4,5.1,22.9,0.35,1.0
5.31,282.12,512.02,1.7,57.23,312.12,0.31,27.68,0.28,
8.8,141.92,289.7,1.58,59.48,201.32,0.02,25.73,0.18,1.0
7.84,254.49,400.62,2.39,77.61,268.92,3.28,39.16,1.26,1.0
7.31,173.2,236.25,0.62,17.4,132.15,0.25,9.21,,1.0
6.87,50.06,94.04,2.87,157.91,45.44,0.88,37.33,0.07,1.0
5.1,179.56,275.33,0.37,41.78,192.74,3.53,,0.66,
6.82,215.19,361.81,3.1,44.77,230.49,0.05,48.13,7.54,
7.97,106.24,168.86,2.5,127.79,141.54,0.31,36.94,0.64,1.0
8.15,141.69,252.86,3.95,,174.38,0.94,52.9,0.89,1.0
7.91,68.16,112.11,2.18,127.37,63.14,1.44,29.84,0.15,1.0
7.53,449.21,523.85,2.66,53.74,340.3,1.65,55.23,0.11,1.0
8.44,160.25,241.11,2.7,28.79,157.99,2.15,60.16,0.08,1.0
7.14,386.6,590.55,1.11,5.21,369.29,0.18,14.51,0.11,1.0
8.27,385.35,605.75,0.93,,375.49,0.46,6.65,11.32,
7.09,157.13,283.79,1.07,36.33,198.49,1.25,15.56,1.02,1.0
6.7,123.69,98.31,1.97,61.12,80.81,1.26,40.87,0.73,1.0
6.6,10.0,10.0,1.99,74.9,18.58,0.37,29.45,,1.0
6.55,58.75,10.0,2.03,60.64,36.81,0.36,34.06,1.04,1.0
7.93,10.0,25.23,2.49,29.59,5.57,0.39,30.84,0.04,1.0
6.81,297.42,575.69,1.26,103.58,407.69,2.23,7.19,0.53,1.0
6.57,212.17,323.16,2.84,156.95,192.04,2.4,50.2,0.08,1.0
7.97,171.52,377.92,2.43,109.78,225.39,0.01,38.41,0.03,1.0
7.66,32.78,10.0,3.58,35.63,5.0,0.39,60.27,0.71,1.0
8.17,10.0,60.41,2.43,70.08,30.35,0.5,19.36,0.31,1.0
5.03,270.5,477.42,1.93,72.65,300.25,4.04,47.28,0.46,
6.8,142.83,357.35,4.15,114.15,242.8,2.89,64.74,0.28,
7.46,303.54,270.56,1.92,36.47,180.74,0.99,10.67,0.03,1.0
7.5,165.08,412.97,2.29,11.4,244.57,0.05,44.21,0.67,1.0
6.66,376.79,627.16,2.43,95.35,399.8,0.21,32.78,0.86,1.0
6.52,210.64,255.79,2.93,66.26,158.84,0.57,44.27,0.02,1.0
6.86,240.14,313.87,2.09,5.65,168.5,3.2,26.51,0.24,1.0
9.03,245.68,338.52,4.77,78.22,200.42,0.1,70.53,0.41,
7.07,451.19,778.42,1.43,123.53,490.56,1.57,20.93,0.46,1.0
8.39,73.55,10.0,3.49,22.25,35.17,0.21,35.64,0.43,1.0
7.03,307.66,436.64,0.54,14.36,287.65,0.71,16.72,0.59,1.0
8.11,176.84,277.04,1.02,51.2,193.32,1.46,16.36,1.7,1.0
8.12,260.04,413.35,0.44,77.21,238.71,1.18,11.12,0.25,1.0
8.16,85.92,168.53,1.07,47.0,133.43,1.49,24.28,0.41,1.0
7.71,128.64,290.21,0.36,95.38,214.66,1.68,6.67,0.6,1.0
8.5,327.23,442.28,2.11,60.43,247.52,0.36,34.93,0.45,1.0
7.7,619.16,922.58,1.11,90.47,585.57,0.45,1.9,0.24,1.0
8.77,232.76,461.61,3.51,21.17,309.96,1.69,44.42,0.49,1.0
6.1,70.54,130.39,2.5,0.89,97.64,0.04,38.39,0.53,1.0
